core   0: 0x00001000 (0x00000297) auipc   t0, 0x0
core   0: 3 0x00001000 (0x00000297) x5  0x00001000
core   0: 0x00001004 (0x02028593) addi    a1, t0, 32
core   0: 3 0x00001004 (0x02028593) x11 0x00001020
core   0: 0x00001008 (0xf1402573) csrr    a0, mhartid
core   0: 3 0x00001008 (0xf1402573) x10 0x00000000
core   0: 0x0000100c (0x0182a283) lw      t0, 24(t0)
core   0: 3 0x0000100c (0x0182a283) x5  0x80000000 mem 0x00001018
core   0: 0x00001010 (0x00028067) jr      t0
core   0: 3 0x00001010 (0x00028067)
core   0: 0x80000000 (0x00000093) li      ra, 0
core   0: 3 0x80000000 (0x00000093) x1  0x00000000
core   0: 0x80000004 (0x00000113) li      sp, 0
core   0: 3 0x80000004 (0x00000113) x2  0x00000000
core   0: 0x80000008 (0x00000193) li      gp, 0
core   0: 3 0x80000008 (0x00000193) x3  0x00000000
core   0: 0x8000000c (0x00000213) li      tp, 0
core   0: 3 0x8000000c (0x00000213) x4  0x00000000
core   0: 0x80000010 (0x00000293) li      t0, 0
core   0: 3 0x80000010 (0x00000293) x5  0x00000000
core   0: 0x80000014 (0x00000313) li      t1, 0
core   0: 3 0x80000014 (0x00000313) x6  0x00000000
core   0: 0x80000018 (0x00000393) li      t2, 0
core   0: 3 0x80000018 (0x00000393) x7  0x00000000
core   0: 0x8000001c (0x00000413) li      s0, 0
core   0: 3 0x8000001c (0x00000413) x8  0x00000000
core   0: 0x80000020 (0x00000493) li      s1, 0
core   0: 3 0x80000020 (0x00000493) x9  0x00000000
core   0: 0x80000024 (0x00000513) li      a0, 0
core   0: 3 0x80000024 (0x00000513) x10 0x00000000
core   0: 0x80000028 (0x00000593) li      a1, 0
core   0: 3 0x80000028 (0x00000593) x11 0x00000000
core   0: 0x8000002c (0x00000613) li      a2, 0
core   0: 3 0x8000002c (0x00000613) x12 0x00000000
core   0: 0x80000030 (0x00000693) li      a3, 0
core   0: 3 0x80000030 (0x00000693) x13 0x00000000
core   0: 0x80000034 (0x00000713) li      a4, 0
core   0: 3 0x80000034 (0x00000713) x14 0x00000000
core   0: 0x80000038 (0x00000793) li      a5, 0
core   0: 3 0x80000038 (0x00000793) x15 0x00000000
core   0: 0x8000003c (0x00000813) li      a6, 0
core   0: 3 0x8000003c (0x00000813) x16 0x00000000
core   0: 0x80000040 (0x00000893) li      a7, 0
core   0: 3 0x80000040 (0x00000893) x17 0x00000000
core   0: 0x80000044 (0x00000913) li      s2, 0
core   0: 3 0x80000044 (0x00000913) x18 0x00000000
core   0: 0x80000048 (0x00000993) li      s3, 0
core   0: 3 0x80000048 (0x00000993) x19 0x00000000
core   0: 0x8000004c (0x00000a13) li      s4, 0
core   0: 3 0x8000004c (0x00000a13) x20 0x00000000
core   0: 0x80000050 (0x00000a93) li      s5, 0
core   0: 3 0x80000050 (0x00000a93) x21 0x00000000
core   0: 0x80000054 (0x00000b13) li      s6, 0
core   0: 3 0x80000054 (0x00000b13) x22 0x00000000
core   0: 0x80000058 (0x00000b93) li      s7, 0
core   0: 3 0x80000058 (0x00000b93) x23 0x00000000
core   0: 0x8000005c (0x00000c13) li      s8, 0
core   0: 3 0x8000005c (0x00000c13) x24 0x00000000
core   0: 0x80000060 (0x00000c93) li      s9, 0
core   0: 3 0x80000060 (0x00000c93) x25 0x00000000
core   0: 0x80000064 (0x00000d13) li      s10, 0
core   0: 3 0x80000064 (0x00000d13) x26 0x00000000
core   0: 0x80000068 (0x00000d93) li      s11, 0
core   0: 3 0x80000068 (0x00000d93) x27 0x00000000
core   0: 0x8000006c (0x00000e13) li      t3, 0
core   0: 3 0x8000006c (0x00000e13) x28 0x00000000
core   0: 0x80000070 (0x00000e93) li      t4, 0
core   0: 3 0x80000070 (0x00000e93) x29 0x00000000
core   0: 0x80000074 (0x00000f13) li      t5, 0
core   0: 3 0x80000074 (0x00000f13) x30 0x00000000
core   0: 0x80000078 (0x00000f93) li      t6, 0
core   0: 3 0x80000078 (0x00000f93) x31 0x00000000
core   0: 0x8000007c (0x00010117) auipc   sp, 0x10
core   0: 3 0x8000007c (0x00010117) x2  0x8001007c
core   0: 0x80000080 (0xf7410113) addi    sp, sp, -140
core   0: 3 0x80000080 (0xf7410113) x2  0x8000fff0
core   0: 0x80000084 (0x00000297) auipc   t0, 0x0
core   0: 3 0x80000084 (0x00000297) x5  0x80000084
core   0: 0x80000088 (0x0d828293) addi    t0, t0, 216
core   0: 3 0x80000088 (0x0d828293) x5  0x8000015c
core   0: 0x8000008c (0x00000317) auipc   t1, 0x0
core   0: 3 0x8000008c (0x00000317) x6  0x8000008c
core   0: 0x80000090 (0x0d030313) addi    t1, t1, 208
core   0: 3 0x80000090 (0x0d030313) x6  0x8000015c
core   0: 0x80000094 (0x0062d863) bge     t0, t1, pc + 16
core   0: 3 0x80000094 (0x0062d863)
core   0: 0x800000a4 (0x01c000ef) jal     pc + 0x1c
core   0: 3 0x800000a4 (0x01c000ef) x1  0x800000a8
core   0: 0x800000c0 (0x00000413) li      s0, 0
core   0: 3 0x800000c0 (0x00000413) x8  0x00000000
core   0: 0x800000c4 (0x06400293) li      t0, 100
core   0: 3 0x800000c4 (0x06400293) x5  0x00000064
core   0: 0x800000c8 (0xfce28313) addi    t1, t0, -50
core   0: 3 0x800000c8 (0xfce28313) x6  0x00000032
core   0: 0x800000cc (0x03200393) li      t2, 50
core   0: 3 0x800000cc (0x03200393) x7  0x00000032
core   0: 0x800000d0 (0x08731263) bne     t1, t2, pc + 132
core   0: 3 0x800000d0 (0x08731263)
core   0: 0x800000d4 (0xf0f0f2b7) lui     t0, 0xf0f0f
core   0: 3 0x800000d4 (0xf0f0f2b7) x5  0xf0f0f000
core   0: 0x800000d8 (0x0f028293) addi    t0, t0, 240
core   0: 3 0x800000d8 (0x0f028293) x5  0xf0f0f0f0
core   0: 0x800000dc (0x0ff01337) lui     t1, 0xff01
core   0: 3 0x800000dc (0x0ff01337) x6  0x0ff01000
core   0: 0x800000e0 (0xff030313) addi    t1, t1, -16
core   0: 3 0x800000e0 (0xff030313) x6  0x0ff00ff0
core   0: 0x800000e4 (0x0062c3b3) xor     t2, t0, t1
core   0: 3 0x800000e4 (0x0062c3b3) x7  0xff00ff00
core   0: 0x800000e8 (0xff010e37) lui     t3, 0xff010
core   0: 3 0x800000e8 (0xff010e37) x28 0xff010000
core   0: 0x800000ec (0xf00e0e13) addi    t3, t3, -256
core   0: 3 0x800000ec (0xf00e0e13) x28 0xff00ff00
core   0: 0x800000f0 (0x07c39263) bne     t2, t3, pc + 100
core   0: 3 0x800000f0 (0x07c39263)
core   0: 0x800000f4 (0x0062f3b3) and     t2, t0, t1
core   0: 3 0x800000f4 (0x0062f3b3) x7  0x00f000f0
core   0: 0x800000f8 (0x00f00e37) lui     t3, 0xf00
core   0: 3 0x800000f8 (0x00f00e37) x28 0x00f00000
core   0: 0x800000fc (0x0f0e0e13) addi    t3, t3, 240
core   0: 3 0x800000fc (0x0f0e0e13) x28 0x00f000f0
core   0: 0x80000100 (0x05c39a63) bne     t2, t3, pc + 84
core   0: 3 0x80000100 (0x05c39a63)
core   0: 0x80000104 (0x123452b7) lui     t0, 0x12345
core   0: 3 0x80000104 (0x123452b7) x5  0x12345000
core   0: 0x80000108 (0x67828293) addi    t0, t0, 1656
core   0: 3 0x80000108 (0x67828293) x5  0x12345678
core   0: 0x8000010c (0xfff2f313) andi    t1, t0, -1
core   0: 3 0x8000010c (0xfff2f313) x6  0x12345678
core   0: 0x80000110 (0x04531263) bne     t1, t0, pc + 68
core   0: 3 0x80000110 (0x04531263)
core   0: 0x80000114 (0x00100293) li      t0, 1
core   0: 3 0x80000114 (0x00100293) x5  0x00000001
core   0: 0x80000118 (0x01f29313) slli    t1, t0, 31
core   0: 3 0x80000118 (0x01f29313) x6  0x80000000
core   0: 0x8000011c (0x800003b7) lui     t2, 0x80000
core   0: 3 0x8000011c (0x800003b7) x7  0x80000000
core   0: 0x80000120 (0x02731a63) bne     t1, t2, pc + 52
core   0: 3 0x80000120 (0x02731a63)
core   0: 0x80000124 (0xfff00293) li      t0, -1
core   0: 3 0x80000124 (0xfff00293) x5  0xffffffff
core   0: 0x80000128 (0x00100313) li      t1, 1
core   0: 3 0x80000128 (0x00100313) x6  0x00000001
core   0: 0x8000012c (0x0062a3b3) slt     t2, t0, t1
core   0: 3 0x8000012c (0x0062a3b3) x7  0x00000001
core   0: 0x80000130 (0x00100e13) li      t3, 1
core   0: 3 0x80000130 (0x00100e13) x28 0x00000001
core   0: 0x80000134 (0x03c39063) bne     t2, t3, pc + 32
core   0: 3 0x80000134 (0x03c39063)
core   0: 0x80000138 (0x005323b3) slt     t2, t1, t0
core   0: 3 0x80000138 (0x005323b3) x7  0x00000000
core   0: 0x8000013c (0x00039c63) bnez    t2, pc + 24
core   0: 3 0x8000013c (0x00039c63)
core   0: 0x80000140 (0x123452b7) lui     t0, 0x12345
core   0: 3 0x80000140 (0x123452b7) x5  0x12345000
core   0: 0x80000144 (0x12345337) lui     t1, 0x12345
core   0: 3 0x80000144 (0x12345337) x6  0x12345000
core   0: 0x80000148 (0x00629663) bne     t0, t1, pc + 12
core   0: 3 0x80000148 (0x00629663)
core   0: 0x8000014c (0x00000513) li      a0, 0
core   0: 3 0x8000014c (0x00000513) x10 0x00000000
core   0: 0x80000150 (0x00008067) ret
core   0: 3 0x80000150 (0x00008067)
core   0: 0x800000a8 (0x00151513) slli    a0, a0, 1
core   0: 3 0x800000a8 (0x00151513) x10 0x00000000
core   0: 0x800000ac (0x00156513) ori     a0, a0, 1
core   0: 3 0x800000ac (0x00156513) x10 0x00000001
core   0: 0x800000b0 (0x0000f297) auipc   t0, 0xf
core   0: 3 0x800000b0 (0x0000f297) x5  0x8000f0b0
core   0: 0x800000b4 (0xf5028293) addi    t0, t0, -176
core   0: 3 0x800000b4 (0xf5028293) x5  0x8000f000
core   0: 0x800000b8 (0x00a2a023) sw      a0, 0(t0)
core   0: 3 0x800000b8 (0x00a2a023) mem 0x8000f000 0x00000001
core   0: 0x800000bc (0x0000006f) j       pc + 0x0
core   0: 3 0x800000bc (0x0000006f)
core   0: 3 0x800000bc (0x0000006f)
core   0: 3 0x800000bc (0x0000006f)
core   0: 3 0x800000bc (0x0000006f)
core   0: 3 0x800000bc (0x0000006f)
core   0: 3 0x800000bc (0x0000006f)
core   0: 3 0x800000bc (0x0000006f)
core   0: 3 0x800000bc (0x0000006f)
core   0: 3 0x800000bc (0x0000006f)
core   0: 3 0x800000bc (0x0000006f)
core   0: 3 0x800000bc (0x0000006f)
core   0: 3 0x800000bc (0x0000006f)
core   0: 3 0x800000bc (0x0000006f)
core   0: 3 0x800000bc (0x0000006f)
core   0: 3 0x800000bc (0x0000006f)
core   0: 3 0x800000bc (0x0000006f)
core   0: 3 0x800000bc (0x0000006f)
core   0: 3 0x800000bc (0x0000006f)
core   0: 3 0x800000bc (0x0000006f)
core   0: 3 0x800000bc (0x0000006f)
core   0: 3 0x800000bc (0x0000006f)
core   0: 3 0x800000bc (0x0000006f)
core   0: 3 0x800000bc (0x0000006f)
core   0: 3 0x800000bc (0x0000006f)
core   0: 3 0x800000bc (0x0000006f)
core   0: 3 0x800000bc (0x0000006f)
core   0: 3 0x800000bc (0x0000006f)
core   0: 3 0x800000bc (0x0000006f)
core   0: 3 0x800000bc (0x0000006f)
core   0: 3 0x800000bc (0x0000006f)
core   0: 3 0x800000bc (0x0000006f)
core   0: 3 0x800000bc (0x0000006f)
core   0: 3 0x800000bc (0x0000006f)
core   0: 3 0x800000bc (0x0000006f)
core   0: 3 0x800000bc (0x0000006f)
core   0: 3 0x800000bc (0x0000006f)
core   0: 3 0x800000bc (0x0000006f)
core   0: 3 0x800000bc (0x0000006f)
core   0: 3 0x800000bc (0x0000006f)
core   0: 3 0x800000bc (0x0000006f)
core   0: 3 0x800000bc (0x0000006f)
core   0: 3 0x800000bc (0x0000006f)
core   0: 3 0x800000bc (0x0000006f)
core   0: 3 0x800000bc (0x0000006f)
core   0: 3 0x800000bc (0x0000006f)
core   0: 3 0x800000bc (0x0000006f)
core   0: 3 0x800000bc (0x0000006f)
core   0: 3 0x800000bc (0x0000006f)
core   0: 3 0x800000bc (0x0000006f)
core   0: 3 0x800000bc (0x0000006f)
core   0: 3 0x800000bc (0x0000006f)
core   0: 3 0x800000bc (0x0000006f)
core   0: 3 0x800000bc (0x0000006f)
core   0: 3 0x800000bc (0x0000006f)
core   0: 3 0x800000bc (0x0000006f)
core   0: 3 0x800000bc (0x0000006f)
core   0: 3 0x800000bc (0x0000006f)
core   0: 3 0x800000bc (0x0000006f)
core   0: 3 0x800000bc (0x0000006f)
core   0: 3 0x800000bc (0x0000006f)
core   0: 3 0x800000bc (0x0000006f)
core   0: 3 0x800000bc (0x0000006f)
core   0: 3 0x800000bc (0x0000006f)
core   0: 3 0x800000bc (0x0000006f)
core   0: 3 0x800000bc (0x0000006f)
core   0: 3 0x800000bc (0x0000006f)
core   0: 3 0x800000bc (0x0000006f)
core   0: 3 0x800000bc (0x0000006f)
core   0: 3 0x800000bc (0x0000006f)
core   0: 3 0x800000bc (0x0000006f)
core   0: 3 0x800000bc (0x0000006f)
core   0: 3 0x800000bc (0x0000006f)
core   0: 3 0x800000bc (0x0000006f)
core   0: 3 0x800000bc (0x0000006f)
core   0: 3 0x800000bc (0x0000006f)
core   0: 3 0x800000bc (0x0000006f)
core   0: 3 0x800000bc (0x0000006f)
core   0: 3 0x800000bc (0x0000006f)
core   0: 3 0x800000bc (0x0000006f)
core   0: 3 0x800000bc (0x0000006f)
core   0: 3 0x800000bc (0x0000006f)
core   0: 3 0x800000bc (0x0000006f)
core   0: 3 0x800000bc (0x0000006f)
core   0: 3 0x800000bc (0x0000006f)
core   0: 3 0x800000bc (0x0000006f)
core   0: 3 0x800000bc (0x0000006f)
core   0: 3 0x800000bc (0x0000006f)
core   0: 3 0x800000bc (0x0000006f)
core   0: 3 0x800000bc (0x0000006f)
core   0: 3 0x800000bc (0x0000006f)
core   0: 3 0x800000bc (0x0000006f)
core   0: 3 0x800000bc (0x0000006f)
core   0: 3 0x800000bc (0x0000006f)
core   0: 3 0x800000bc (0x0000006f)
core   0: 3 0x800000bc (0x0000006f)
core   0: 3 0x800000bc (0x0000006f)
core   0: 3 0x800000bc (0x0000006f)
core   0: 3 0x800000bc (0x0000006f)
core   0: 3 0x800000bc (0x0000006f)
core   0: 3 0x800000bc (0x0000006f)
core   0: 3 0x800000bc (0x0000006f)
core   0: 3 0x800000bc (0x0000006f)
core   0: 3 0x800000bc (0x0000006f)
core   0: 3 0x800000bc (0x0000006f)
core   0: 3 0x800000bc (0x0000006f)
core   0: 3 0x800000bc (0x0000006f)
core   0: 3 0x800000bc (0x0000006f)
core   0: 3 0x800000bc (0x0000006f)
core   0: 3 0x800000bc (0x0000006f)
core   0: 3 0x800000bc (0x0000006f)
core   0: 3 0x800000bc (0x0000006f)
core   0: 3 0x800000bc (0x0000006f)
core   0: 3 0x800000bc (0x0000006f)
core   0: 3 0x800000bc (0x0000006f)
core   0: 3 0x800000bc (0x0000006f)
core   0: 3 0x800000bc (0x0000006f)
core   0: 3 0x800000bc (0x0000006f)
core   0: 3 0x800000bc (0x0000006f)
core   0: 3 0x800000bc (0x0000006f)
core   0: 3 0x800000bc (0x0000006f)
core   0: 3 0x800000bc (0x0000006f)
core   0: 3 0x800000bc (0x0000006f)
core   0: 3 0x800000bc (0x0000006f)
core   0: 3 0x800000bc (0x0000006f)
core   0: 3 0x800000bc (0x0000006f)
core   0: 3 0x800000bc (0x0000006f)
core   0: 3 0x800000bc (0x0000006f)
core   0: 3 0x800000bc (0x0000006f)
core   0: 3 0x800000bc (0x0000006f)
core   0: 3 0x800000bc (0x0000006f)
core   0: 3 0x800000bc (0x0000006f)
core   0: 3 0x800000bc (0x0000006f)
core   0: 3 0x800000bc (0x0000006f)
core   0: 3 0x800000bc (0x0000006f)
core   0: 3 0x800000bc (0x0000006f)
core   0: 3 0x800000bc (0x0000006f)
core   0: 3 0x800000bc (0x0000006f)
core   0: 3 0x800000bc (0x0000006f)
core   0: 3 0x800000bc (0x0000006f)
core   0: 3 0x800000bc (0x0000006f)
core   0: 3 0x800000bc (0x0000006f)
core   0: 3 0x800000bc (0x0000006f)
core   0: 3 0x800000bc (0x0000006f)
core   0: 3 0x800000bc (0x0000006f)
core   0: 3 0x800000bc (0x0000006f)
core   0: 3 0x800000bc (0x0000006f)
core   0: 3 0x800000bc (0x0000006f)
core   0: 3 0x800000bc (0x0000006f)
core   0: 3 0x800000bc (0x0000006f)
core   0: 3 0x800000bc (0x0000006f)
core   0: 3 0x800000bc (0x0000006f)
core   0: 3 0x800000bc (0x0000006f)
core   0: 3 0x800000bc (0x0000006f)
core   0: 3 0x800000bc (0x0000006f)
core   0: 3 0x800000bc (0x0000006f)
core   0: 3 0x800000bc (0x0000006f)
core   0: 3 0x800000bc (0x0000006f)
core   0: 3 0x800000bc (0x0000006f)
core   0: 3 0x800000bc (0x0000006f)
core   0: 3 0x800000bc (0x0000006f)
core   0: 3 0x800000bc (0x0000006f)
core   0: 3 0x800000bc (0x0000006f)
core   0: 3 0x800000bc (0x0000006f)
core   0: 3 0x800000bc (0x0000006f)
core   0: 3 0x800000bc (0x0000006f)
core   0: 3 0x800000bc (0x0000006f)
core   0: 3 0x800000bc (0x0000006f)
core   0: 3 0x800000bc (0x0000006f)
core   0: 3 0x800000bc (0x0000006f)
core   0: 3 0x800000bc (0x0000006f)
core   0: 3 0x800000bc (0x0000006f)
core   0: 3 0x800000bc (0x0000006f)
core   0: 3 0x800000bc (0x0000006f)
core   0: 3 0x800000bc (0x0000006f)
core   0: 3 0x800000bc (0x0000006f)
core   0: 3 0x800000bc (0x0000006f)
core   0: 3 0x800000bc (0x0000006f)
core   0: 3 0x800000bc (0x0000006f)
core   0: 3 0x800000bc (0x0000006f)
core   0: 3 0x800000bc (0x0000006f)
core   0: 3 0x800000bc (0x0000006f)
core   0: 3 0x800000bc (0x0000006f)
core   0: 3 0x800000bc (0x0000006f)
core   0: 3 0x800000bc (0x0000006f)
core   0: 3 0x800000bc (0x0000006f)
core   0: 3 0x800000bc (0x0000006f)
core   0: 3 0x800000bc (0x0000006f)
core   0: 3 0x800000bc (0x0000006f)
core   0: 3 0x800000bc (0x0000006f)
core   0: 3 0x800000bc (0x0000006f)
core   0: 3 0x800000bc (0x0000006f)
core   0: 3 0x800000bc (0x0000006f)
core   0: 3 0x800000bc (0x0000006f)
core   0: 3 0x800000bc (0x0000006f)
core   0: 3 0x800000bc (0x0000006f)
core   0: 3 0x800000bc (0x0000006f)
core   0: 3 0x800000bc (0x0000006f)
core   0: 3 0x800000bc (0x0000006f)
core   0: 3 0x800000bc (0x0000006f)
core   0: 3 0x800000bc (0x0000006f)
core   0: 3 0x800000bc (0x0000006f)
core   0: 3 0x800000bc (0x0000006f)
core   0: 3 0x800000bc (0x0000006f)
core   0: 3 0x800000bc (0x0000006f)
core   0: 3 0x800000bc (0x0000006f)
core   0: 3 0x800000bc (0x0000006f)
core   0: 3 0x800000bc (0x0000006f)
core   0: 3 0x800000bc (0x0000006f)
core   0: 3 0x800000bc (0x0000006f)
core   0: 3 0x800000bc (0x0000006f)
core   0: 3 0x800000bc (0x0000006f)
core   0: 3 0x800000bc (0x0000006f)
core   0: 3 0x800000bc (0x0000006f)
core   0: 3 0x800000bc (0x0000006f)
core   0: 3 0x800000bc (0x0000006f)
core   0: 3 0x800000bc (0x0000006f)
core   0: 3 0x800000bc (0x0000006f)
core   0: 3 0x800000bc (0x0000006f)
core   0: 3 0x800000bc (0x0000006f)
core   0: 3 0x800000bc (0x0000006f)
core   0: 3 0x800000bc (0x0000006f)
core   0: 3 0x800000bc (0x0000006f)
core   0: 3 0x800000bc (0x0000006f)
core   0: 3 0x800000bc (0x0000006f)
core   0: 3 0x800000bc (0x0000006f)
core   0: 3 0x800000bc (0x0000006f)
core   0: 3 0x800000bc (0x0000006f)
core   0: 3 0x800000bc (0x0000006f)
core   0: 3 0x800000bc (0x0000006f)
core   0: 3 0x800000bc (0x0000006f)
core   0: 3 0x800000bc (0x0000006f)
core   0: 3 0x800000bc (0x0000006f)
core   0: 3 0x800000bc (0x0000006f)
core   0: 3 0x800000bc (0x0000006f)
core   0: 3 0x800000bc (0x0000006f)
core   0: 3 0x800000bc (0x0000006f)
core   0: 3 0x800000bc (0x0000006f)
core   0: 3 0x800000bc (0x0000006f)
core   0: 3 0x800000bc (0x0000006f)
core   0: 3 0x800000bc (0x0000006f)
core   0: 3 0x800000bc (0x0000006f)
core   0: 3 0x800000bc (0x0000006f)
core   0: 3 0x800000bc (0x0000006f)
core   0: 3 0x800000bc (0x0000006f)
core   0: 3 0x800000bc (0x0000006f)
core   0: 3 0x800000bc (0x0000006f)
core   0: 3 0x800000bc (0x0000006f)
core   0: 3 0x800000bc (0x0000006f)
core   0: 3 0x800000bc (0x0000006f)
core   0: 3 0x800000bc (0x0000006f)
core   0: 3 0x800000bc (0x0000006f)
core   0: 3 0x800000bc (0x0000006f)
core   0: 3 0x800000bc (0x0000006f)
core   0: 3 0x800000bc (0x0000006f)
core   0: 3 0x800000bc (0x0000006f)
core   0: 3 0x800000bc (0x0000006f)
core   0: 3 0x800000bc (0x0000006f)
core   0: 3 0x800000bc (0x0000006f)
core   0: 3 0x800000bc (0x0000006f)
core   0: 3 0x800000bc (0x0000006f)
core   0: 3 0x800000bc (0x0000006f)
core   0: 3 0x800000bc (0x0000006f)
core   0: 3 0x800000bc (0x0000006f)
core   0: 3 0x800000bc (0x0000006f)
core   0: 3 0x800000bc (0x0000006f)
core   0: 3 0x800000bc (0x0000006f)
core   0: 3 0x800000bc (0x0000006f)
core   0: 3 0x800000bc (0x0000006f)
core   0: 3 0x800000bc (0x0000006f)
core   0: 3 0x800000bc (0x0000006f)
core   0: 3 0x800000bc (0x0000006f)
core   0: 3 0x800000bc (0x0000006f)
core   0: 3 0x800000bc (0x0000006f)
core   0: 3 0x800000bc (0x0000006f)
core   0: 3 0x800000bc (0x0000006f)
core   0: 3 0x800000bc (0x0000006f)
core   0: 3 0x800000bc (0x0000006f)
core   0: 3 0x800000bc (0x0000006f)
core   0: 3 0x800000bc (0x0000006f)
core   0: 3 0x800000bc (0x0000006f)
core   0: 3 0x800000bc (0x0000006f)
core   0: 3 0x800000bc (0x0000006f)
core   0: 3 0x800000bc (0x0000006f)
core   0: 3 0x800000bc (0x0000006f)
core   0: 3 0x800000bc (0x0000006f)
core   0: 3 0x800000bc (0x0000006f)
core   0: 3 0x800000bc (0x0000006f)
core   0: 3 0x800000bc (0x0000006f)
core   0: 3 0x800000bc (0x0000006f)
core   0: 3 0x800000bc (0x0000006f)
core   0: 3 0x800000bc (0x0000006f)
core   0: 3 0x800000bc (0x0000006f)
core   0: 3 0x800000bc (0x0000006f)
core   0: 3 0x800000bc (0x0000006f)
core   0: 3 0x800000bc (0x0000006f)
core   0: 3 0x800000bc (0x0000006f)
core   0: 3 0x800000bc (0x0000006f)
core   0: 3 0x800000bc (0x0000006f)
core   0: 3 0x800000bc (0x0000006f)
core   0: 3 0x800000bc (0x0000006f)
core   0: 3 0x800000bc (0x0000006f)
core   0: 3 0x800000bc (0x0000006f)
core   0: 3 0x800000bc (0x0000006f)
core   0: 3 0x800000bc (0x0000006f)
core   0: 3 0x800000bc (0x0000006f)
core   0: 3 0x800000bc (0x0000006f)
core   0: 3 0x800000bc (0x0000006f)
core   0: 3 0x800000bc (0x0000006f)
core   0: 3 0x800000bc (0x0000006f)
core   0: 3 0x800000bc (0x0000006f)
core   0: 3 0x800000bc (0x0000006f)
core   0: 3 0x800000bc (0x0000006f)
core   0: 3 0x800000bc (0x0000006f)
core   0: 3 0x800000bc (0x0000006f)
core   0: 3 0x800000bc (0x0000006f)
core   0: 3 0x800000bc (0x0000006f)
core   0: 3 0x800000bc (0x0000006f)
core   0: 3 0x800000bc (0x0000006f)
core   0: 3 0x800000bc (0x0000006f)
core   0: 3 0x800000bc (0x0000006f)
core   0: 3 0x800000bc (0x0000006f)
core   0: 3 0x800000bc (0x0000006f)
core   0: 3 0x800000bc (0x0000006f)
core   0: 3 0x800000bc (0x0000006f)
core   0: 3 0x800000bc (0x0000006f)
core   0: 3 0x800000bc (0x0000006f)
core   0: 3 0x800000bc (0x0000006f)
core   0: 3 0x800000bc (0x0000006f)
core   0: 3 0x800000bc (0x0000006f)
core   0: 3 0x800000bc (0x0000006f)
core   0: 3 0x800000bc (0x0000006f)
core   0: 3 0x800000bc (0x0000006f)
core   0: 3 0x800000bc (0x0000006f)
core   0: 3 0x800000bc (0x0000006f)
core   0: 3 0x800000bc (0x0000006f)
core   0: 3 0x800000bc (0x0000006f)
core   0: 3 0x800000bc (0x0000006f)
core   0: 3 0x800000bc (0x0000006f)
core   0: 3 0x800000bc (0x0000006f)
core   0: 3 0x800000bc (0x0000006f)
core   0: 3 0x800000bc (0x0000006f)
core   0: 3 0x800000bc (0x0000006f)
core   0: 3 0x800000bc (0x0000006f)
core   0: 3 0x800000bc (0x0000006f)
core   0: 3 0x800000bc (0x0000006f)
core   0: 3 0x800000bc (0x0000006f)
core   0: 3 0x800000bc (0x0000006f)
core   0: 3 0x800000bc (0x0000006f)
core   0: 3 0x800000bc (0x0000006f)
core   0: 3 0x800000bc (0x0000006f)
core   0: 3 0x800000bc (0x0000006f)
core   0: 3 0x800000bc (0x0000006f)
core   0: 3 0x800000bc (0x0000006f)
core   0: 3 0x800000bc (0x0000006f)
core   0: 3 0x800000bc (0x0000006f)
core   0: 3 0x800000bc (0x0000006f)
core   0: 3 0x800000bc (0x0000006f)
core   0: 3 0x800000bc (0x0000006f)
core   0: 3 0x800000bc (0x0000006f)
core   0: 3 0x800000bc (0x0000006f)
core   0: 3 0x800000bc (0x0000006f)
core   0: 3 0x800000bc (0x0000006f)
core   0: 3 0x800000bc (0x0000006f)
core   0: 3 0x800000bc (0x0000006f)
core   0: 3 0x800000bc (0x0000006f)
core   0: 3 0x800000bc (0x0000006f)
core   0: 3 0x800000bc (0x0000006f)
core   0: 3 0x800000bc (0x0000006f)
core   0: 3 0x800000bc (0x0000006f)
core   0: 3 0x800000bc (0x0000006f)
core   0: 3 0x800000bc (0x0000006f)
core   0: 3 0x800000bc (0x0000006f)
core   0: 3 0x800000bc (0x0000006f)
core   0: 3 0x800000bc (0x0000006f)
core   0: 3 0x800000bc (0x0000006f)
core   0: 3 0x800000bc (0x0000006f)
core   0: 3 0x800000bc (0x0000006f)
core   0: 3 0x800000bc (0x0000006f)
core   0: 3 0x800000bc (0x0000006f)
core   0: 3 0x800000bc (0x0000006f)
core   0: 3 0x800000bc (0x0000006f)
core   0: 3 0x800000bc (0x0000006f)
core   0: 3 0x800000bc (0x0000006f)
core   0: 3 0x800000bc (0x0000006f)
core   0: 3 0x800000bc (0x0000006f)
core   0: 3 0x800000bc (0x0000006f)
core   0: 3 0x800000bc (0x0000006f)
core   0: 3 0x800000bc (0x0000006f)
core   0: 3 0x800000bc (0x0000006f)
core   0: 3 0x800000bc (0x0000006f)
core   0: 3 0x800000bc (0x0000006f)
core   0: 3 0x800000bc (0x0000006f)
core   0: 3 0x800000bc (0x0000006f)
core   0: 3 0x800000bc (0x0000006f)
core   0: 3 0x800000bc (0x0000006f)
core   0: 3 0x800000bc (0x0000006f)
core   0: 3 0x800000bc (0x0000006f)
core   0: 3 0x800000bc (0x0000006f)
core   0: 3 0x800000bc (0x0000006f)
core   0: 3 0x800000bc (0x0000006f)
core   0: 3 0x800000bc (0x0000006f)
core   0: 3 0x800000bc (0x0000006f)
core   0: 3 0x800000bc (0x0000006f)
core   0: 3 0x800000bc (0x0000006f)
core   0: 3 0x800000bc (0x0000006f)
core   0: 3 0x800000bc (0x0000006f)
core   0: 3 0x800000bc (0x0000006f)
core   0: 3 0x800000bc (0x0000006f)
core   0: 3 0x800000bc (0x0000006f)
core   0: 3 0x800000bc (0x0000006f)
core   0: 3 0x800000bc (0x0000006f)
core   0: 3 0x800000bc (0x0000006f)
core   0: 3 0x800000bc (0x0000006f)
core   0: 3 0x800000bc (0x0000006f)
core   0: 3 0x800000bc (0x0000006f)
core   0: 3 0x800000bc (0x0000006f)
core   0: 3 0x800000bc (0x0000006f)
core   0: 3 0x800000bc (0x0000006f)
core   0: 3 0x800000bc (0x0000006f)
core   0: 3 0x800000bc (0x0000006f)
core   0: 3 0x800000bc (0x0000006f)
core   0: 3 0x800000bc (0x0000006f)
core   0: 3 0x800000bc (0x0000006f)
core   0: 3 0x800000bc (0x0000006f)
core   0: 3 0x800000bc (0x0000006f)
core   0: 3 0x800000bc (0x0000006f)
core   0: 3 0x800000bc (0x0000006f)
core   0: 3 0x800000bc (0x0000006f)
core   0: 3 0x800000bc (0x0000006f)
core   0: 3 0x800000bc (0x0000006f)
core   0: 3 0x800000bc (0x0000006f)
core   0: 3 0x800000bc (0x0000006f)
core   0: 3 0x800000bc (0x0000006f)
core   0: 3 0x800000bc (0x0000006f)
core   0: 3 0x800000bc (0x0000006f)
core   0: 3 0x800000bc (0x0000006f)
core   0: 3 0x800000bc (0x0000006f)
core   0: 3 0x800000bc (0x0000006f)
core   0: 3 0x800000bc (0x0000006f)
core   0: 3 0x800000bc (0x0000006f)
core   0: 3 0x800000bc (0x0000006f)
core   0: 3 0x800000bc (0x0000006f)
core   0: 3 0x800000bc (0x0000006f)
core   0: 3 0x800000bc (0x0000006f)
core   0: 3 0x800000bc (0x0000006f)
core   0: 3 0x800000bc (0x0000006f)
core   0: 3 0x800000bc (0x0000006f)
core   0: 3 0x800000bc (0x0000006f)
core   0: 3 0x800000bc (0x0000006f)
core   0: 3 0x800000bc (0x0000006f)
core   0: 3 0x800000bc (0x0000006f)
core   0: 3 0x800000bc (0x0000006f)
core   0: 3 0x800000bc (0x0000006f)
core   0: 3 0x800000bc (0x0000006f)
core   0: 3 0x800000bc (0x0000006f)
core   0: 3 0x800000bc (0x0000006f)
core   0: 3 0x800000bc (0x0000006f)
core   0: 3 0x800000bc (0x0000006f)
core   0: 3 0x800000bc (0x0000006f)
core   0: 3 0x800000bc (0x0000006f)
core   0: 3 0x800000bc (0x0000006f)
core   0: 3 0x800000bc (0x0000006f)
core   0: 3 0x800000bc (0x0000006f)
core   0: 3 0x800000bc (0x0000006f)
core   0: 3 0x800000bc (0x0000006f)
core   0: 3 0x800000bc (0x0000006f)
core   0: 3 0x800000bc (0x0000006f)
core   0: 3 0x800000bc (0x0000006f)
core   0: 3 0x800000bc (0x0000006f)
core   0: 3 0x800000bc (0x0000006f)
core   0: 3 0x800000bc (0x0000006f)
core   0: 3 0x800000bc (0x0000006f)
core   0: 3 0x800000bc (0x0000006f)
core   0: 3 0x800000bc (0x0000006f)
core   0: 3 0x800000bc (0x0000006f)
core   0: 3 0x800000bc (0x0000006f)
core   0: 3 0x800000bc (0x0000006f)
core   0: 3 0x800000bc (0x0000006f)
core   0: 3 0x800000bc (0x0000006f)
core   0: 3 0x800000bc (0x0000006f)
core   0: 3 0x800000bc (0x0000006f)
core   0: 3 0x800000bc (0x0000006f)
core   0: 3 0x800000bc (0x0000006f)
core   0: 3 0x800000bc (0x0000006f)
core   0: 3 0x800000bc (0x0000006f)
core   0: 3 0x800000bc (0x0000006f)
core   0: 3 0x800000bc (0x0000006f)
core   0: 3 0x800000bc (0x0000006f)
core   0: 3 0x800000bc (0x0000006f)
core   0: 3 0x800000bc (0x0000006f)
core   0: 3 0x800000bc (0x0000006f)
core   0: 3 0x800000bc (0x0000006f)
core   0: 3 0x800000bc (0x0000006f)
core   0: 3 0x800000bc (0x0000006f)
core   0: 3 0x800000bc (0x0000006f)
core   0: 3 0x800000bc (0x0000006f)
core   0: 3 0x800000bc (0x0000006f)
core   0: 3 0x800000bc (0x0000006f)
core   0: 3 0x800000bc (0x0000006f)
core   0: 3 0x800000bc (0x0000006f)
core   0: 3 0x800000bc (0x0000006f)
core   0: 3 0x800000bc (0x0000006f)
core   0: 3 0x800000bc (0x0000006f)
core   0: 3 0x800000bc (0x0000006f)
core   0: 3 0x800000bc (0x0000006f)
core   0: 3 0x800000bc (0x0000006f)
core   0: 3 0x800000bc (0x0000006f)
core   0: 3 0x800000bc (0x0000006f)
core   0: 3 0x800000bc (0x0000006f)
core   0: 3 0x800000bc (0x0000006f)
core   0: 3 0x800000bc (0x0000006f)
core   0: 3 0x800000bc (0x0000006f)
core   0: 3 0x800000bc (0x0000006f)
core   0: 3 0x800000bc (0x0000006f)
core   0: 3 0x800000bc (0x0000006f)
core   0: 3 0x800000bc (0x0000006f)
core   0: 3 0x800000bc (0x0000006f)
core   0: 3 0x800000bc (0x0000006f)
core   0: 3 0x800000bc (0x0000006f)
core   0: 3 0x800000bc (0x0000006f)
core   0: 3 0x800000bc (0x0000006f)
core   0: 3 0x800000bc (0x0000006f)
core   0: 3 0x800000bc (0x0000006f)
core   0: 3 0x800000bc (0x0000006f)
core   0: 3 0x800000bc (0x0000006f)
core   0: 3 0x800000bc (0x0000006f)
core   0: 3 0x800000bc (0x0000006f)
core   0: 3 0x800000bc (0x0000006f)
core   0: 3 0x800000bc (0x0000006f)
core   0: 3 0x800000bc (0x0000006f)
core   0: 3 0x800000bc (0x0000006f)
core   0: 3 0x800000bc (0x0000006f)
core   0: 3 0x800000bc (0x0000006f)
core   0: 3 0x800000bc (0x0000006f)
core   0: 3 0x800000bc (0x0000006f)
core   0: 3 0x800000bc (0x0000006f)
core   0: 3 0x800000bc (0x0000006f)
core   0: 3 0x800000bc (0x0000006f)
core   0: 3 0x800000bc (0x0000006f)
core   0: 3 0x800000bc (0x0000006f)
core   0: 3 0x800000bc (0x0000006f)
core   0: 3 0x800000bc (0x0000006f)
core   0: 3 0x800000bc (0x0000006f)
core   0: 3 0x800000bc (0x0000006f)
core   0: 3 0x800000bc (0x0000006f)
core   0: 3 0x800000bc (0x0000006f)
core   0: 3 0x800000bc (0x0000006f)
core   0: 3 0x800000bc (0x0000006f)
core   0: 3 0x800000bc (0x0000006f)
core   0: 3 0x800000bc (0x0000006f)
core   0: 3 0x800000bc (0x0000006f)
core   0: 3 0x800000bc (0x0000006f)
core   0: 3 0x800000bc (0x0000006f)
core   0: 3 0x800000bc (0x0000006f)
core   0: 3 0x800000bc (0x0000006f)
core   0: 3 0x800000bc (0x0000006f)
core   0: 3 0x800000bc (0x0000006f)
core   0: 3 0x800000bc (0x0000006f)
core   0: 3 0x800000bc (0x0000006f)
core   0: 3 0x800000bc (0x0000006f)
core   0: 3 0x800000bc (0x0000006f)
core   0: 3 0x800000bc (0x0000006f)
core   0: 3 0x800000bc (0x0000006f)
core   0: 3 0x800000bc (0x0000006f)
core   0: 3 0x800000bc (0x0000006f)
core   0: 3 0x800000bc (0x0000006f)
core   0: 3 0x800000bc (0x0000006f)
core   0: 3 0x800000bc (0x0000006f)
core   0: 3 0x800000bc (0x0000006f)
core   0: 3 0x800000bc (0x0000006f)
core   0: 3 0x800000bc (0x0000006f)
core   0: 3 0x800000bc (0x0000006f)
core   0: 3 0x800000bc (0x0000006f)
core   0: 3 0x800000bc (0x0000006f)
core   0: 3 0x800000bc (0x0000006f)
core   0: 3 0x800000bc (0x0000006f)
core   0: 3 0x800000bc (0x0000006f)
core   0: 3 0x800000bc (0x0000006f)
core   0: 3 0x800000bc (0x0000006f)
core   0: 3 0x800000bc (0x0000006f)
core   0: 3 0x800000bc (0x0000006f)
core   0: 3 0x800000bc (0x0000006f)
core   0: 3 0x800000bc (0x0000006f)
core   0: 3 0x800000bc (0x0000006f)
core   0: 3 0x800000bc (0x0000006f)
core   0: 3 0x800000bc (0x0000006f)
core   0: 3 0x800000bc (0x0000006f)
core   0: 3 0x800000bc (0x0000006f)
core   0: 3 0x800000bc (0x0000006f)
core   0: 3 0x800000bc (0x0000006f)
core   0: 3 0x800000bc (0x0000006f)
core   0: 3 0x800000bc (0x0000006f)
core   0: 3 0x800000bc (0x0000006f)
core   0: 3 0x800000bc (0x0000006f)
core   0: 3 0x800000bc (0x0000006f)
core   0: 3 0x800000bc (0x0000006f)
core   0: 3 0x800000bc (0x0000006f)
core   0: 3 0x800000bc (0x0000006f)
core   0: 3 0x800000bc (0x0000006f)
core   0: 3 0x800000bc (0x0000006f)
core   0: 3 0x800000bc (0x0000006f)
core   0: 3 0x800000bc (0x0000006f)
core   0: 3 0x800000bc (0x0000006f)
core   0: 3 0x800000bc (0x0000006f)
core   0: 3 0x800000bc (0x0000006f)
core   0: 3 0x800000bc (0x0000006f)
core   0: 3 0x800000bc (0x0000006f)
core   0: 3 0x800000bc (0x0000006f)
core   0: 3 0x800000bc (0x0000006f)
core   0: 3 0x800000bc (0x0000006f)
core   0: 3 0x800000bc (0x0000006f)
core   0: 3 0x800000bc (0x0000006f)
core   0: 3 0x800000bc (0x0000006f)
core   0: 3 0x800000bc (0x0000006f)
core   0: 3 0x800000bc (0x0000006f)
core   0: 3 0x800000bc (0x0000006f)
core   0: 3 0x800000bc (0x0000006f)
core   0: 3 0x800000bc (0x0000006f)
core   0: 3 0x800000bc (0x0000006f)
core   0: 3 0x800000bc (0x0000006f)
core   0: 3 0x800000bc (0x0000006f)
core   0: 3 0x800000bc (0x0000006f)
core   0: 3 0x800000bc (0x0000006f)
core   0: 3 0x800000bc (0x0000006f)
core   0: 3 0x800000bc (0x0000006f)
core   0: 3 0x800000bc (0x0000006f)
core   0: 3 0x800000bc (0x0000006f)
core   0: 3 0x800000bc (0x0000006f)
core   0: 3 0x800000bc (0x0000006f)
core   0: 3 0x800000bc (0x0000006f)
core   0: 3 0x800000bc (0x0000006f)
core   0: 3 0x800000bc (0x0000006f)
core   0: 3 0x800000bc (0x0000006f)
core   0: 3 0x800000bc (0x0000006f)
core   0: 3 0x800000bc (0x0000006f)
core   0: 3 0x800000bc (0x0000006f)
core   0: 3 0x800000bc (0x0000006f)
core   0: 3 0x800000bc (0x0000006f)
core   0: 3 0x800000bc (0x0000006f)
core   0: 3 0x800000bc (0x0000006f)
core   0: 3 0x800000bc (0x0000006f)
core   0: 3 0x800000bc (0x0000006f)
core   0: 3 0x800000bc (0x0000006f)
core   0: 3 0x800000bc (0x0000006f)
core   0: 3 0x800000bc (0x0000006f)
core   0: 3 0x800000bc (0x0000006f)
core   0: 3 0x800000bc (0x0000006f)
core   0: 3 0x800000bc (0x0000006f)
core   0: 3 0x800000bc (0x0000006f)
core   0: 3 0x800000bc (0x0000006f)
core   0: 3 0x800000bc (0x0000006f)
core   0: 3 0x800000bc (0x0000006f)
core   0: 3 0x800000bc (0x0000006f)
core   0: 3 0x800000bc (0x0000006f)
core   0: 3 0x800000bc (0x0000006f)
core   0: 3 0x800000bc (0x0000006f)
core   0: 3 0x800000bc (0x0000006f)
core   0: 3 0x800000bc (0x0000006f)
core   0: 3 0x800000bc (0x0000006f)
core   0: 3 0x800000bc (0x0000006f)
core   0: 3 0x800000bc (0x0000006f)
core   0: 3 0x800000bc (0x0000006f)
core   0: 3 0x800000bc (0x0000006f)
core   0: 3 0x800000bc (0x0000006f)
core   0: 3 0x800000bc (0x0000006f)
core   0: 3 0x800000bc (0x0000006f)
core   0: 3 0x800000bc (0x0000006f)
core   0: 3 0x800000bc (0x0000006f)
core   0: 3 0x800000bc (0x0000006f)
core   0: 3 0x800000bc (0x0000006f)
core   0: 3 0x800000bc (0x0000006f)
core   0: 3 0x800000bc (0x0000006f)
core   0: 3 0x800000bc (0x0000006f)
core   0: 3 0x800000bc (0x0000006f)
core   0: 3 0x800000bc (0x0000006f)
core   0: 3 0x800000bc (0x0000006f)
core   0: 3 0x800000bc (0x0000006f)
core   0: 3 0x800000bc (0x0000006f)
core   0: 3 0x800000bc (0x0000006f)
core   0: 3 0x800000bc (0x0000006f)
core   0: 3 0x800000bc (0x0000006f)
core   0: 3 0x800000bc (0x0000006f)
core   0: 3 0x800000bc (0x0000006f)
core   0: 3 0x800000bc (0x0000006f)
core   0: 3 0x800000bc (0x0000006f)
core   0: 3 0x800000bc (0x0000006f)
core   0: 3 0x800000bc (0x0000006f)
core   0: 3 0x800000bc (0x0000006f)
core   0: 3 0x800000bc (0x0000006f)
core   0: 3 0x800000bc (0x0000006f)
core   0: 3 0x800000bc (0x0000006f)
core   0: 3 0x800000bc (0x0000006f)
core   0: 3 0x800000bc (0x0000006f)
core   0: 3 0x800000bc (0x0000006f)
core   0: 3 0x800000bc (0x0000006f)
core   0: 3 0x800000bc (0x0000006f)
core   0: 3 0x800000bc (0x0000006f)
core   0: 3 0x800000bc (0x0000006f)
core   0: 3 0x800000bc (0x0000006f)
core   0: 3 0x800000bc (0x0000006f)
core   0: 3 0x800000bc (0x0000006f)
core   0: 3 0x800000bc (0x0000006f)
core   0: 3 0x800000bc (0x0000006f)
core   0: 3 0x800000bc (0x0000006f)
core   0: 3 0x800000bc (0x0000006f)
core   0: 3 0x800000bc (0x0000006f)
core   0: 3 0x800000bc (0x0000006f)
core   0: 3 0x800000bc (0x0000006f)
core   0: 3 0x800000bc (0x0000006f)
core   0: 3 0x800000bc (0x0000006f)
core   0: 3 0x800000bc (0x0000006f)
core   0: 3 0x800000bc (0x0000006f)
core   0: 3 0x800000bc (0x0000006f)
core   0: 3 0x800000bc (0x0000006f)
core   0: 3 0x800000bc (0x0000006f)
core   0: 3 0x800000bc (0x0000006f)
core   0: 3 0x800000bc (0x0000006f)
core   0: 3 0x800000bc (0x0000006f)
core   0: 3 0x800000bc (0x0000006f)
core   0: 3 0x800000bc (0x0000006f)
core   0: 3 0x800000bc (0x0000006f)
core   0: 3 0x800000bc (0x0000006f)
core   0: 3 0x800000bc (0x0000006f)
core   0: 3 0x800000bc (0x0000006f)
core   0: 3 0x800000bc (0x0000006f)
core   0: 3 0x800000bc (0x0000006f)
core   0: 3 0x800000bc (0x0000006f)
core   0: 3 0x800000bc (0x0000006f)
core   0: 3 0x800000bc (0x0000006f)
core   0: 3 0x800000bc (0x0000006f)
core   0: 3 0x800000bc (0x0000006f)
core   0: 3 0x800000bc (0x0000006f)
core   0: 3 0x800000bc (0x0000006f)
core   0: 3 0x800000bc (0x0000006f)
core   0: 3 0x800000bc (0x0000006f)
core   0: 3 0x800000bc (0x0000006f)
core   0: 3 0x800000bc (0x0000006f)
core   0: 3 0x800000bc (0x0000006f)
core   0: 3 0x800000bc (0x0000006f)
core   0: 3 0x800000bc (0x0000006f)
core   0: 3 0x800000bc (0x0000006f)
core   0: 3 0x800000bc (0x0000006f)
core   0: 3 0x800000bc (0x0000006f)
core   0: 3 0x800000bc (0x0000006f)
core   0: 3 0x800000bc (0x0000006f)
core   0: 3 0x800000bc (0x0000006f)
core   0: 3 0x800000bc (0x0000006f)
core   0: 3 0x800000bc (0x0000006f)
core   0: 3 0x800000bc (0x0000006f)
core   0: 3 0x800000bc (0x0000006f)
core   0: 3 0x800000bc (0x0000006f)
core   0: 3 0x800000bc (0x0000006f)
core   0: 3 0x800000bc (0x0000006f)
core   0: 3 0x800000bc (0x0000006f)
core   0: 3 0x800000bc (0x0000006f)
core   0: 3 0x800000bc (0x0000006f)
core   0: 3 0x800000bc (0x0000006f)
core   0: 3 0x800000bc (0x0000006f)
core   0: 3 0x800000bc (0x0000006f)
core   0: 3 0x800000bc (0x0000006f)
core   0: 3 0x800000bc (0x0000006f)
core   0: 3 0x800000bc (0x0000006f)
core   0: 3 0x800000bc (0x0000006f)
core   0: 3 0x800000bc (0x0000006f)
core   0: 3 0x800000bc (0x0000006f)
core   0: 3 0x800000bc (0x0000006f)
core   0: 3 0x800000bc (0x0000006f)
core   0: 3 0x800000bc (0x0000006f)
core   0: 3 0x800000bc (0x0000006f)
core   0: 3 0x800000bc (0x0000006f)
core   0: 3 0x800000bc (0x0000006f)
core   0: 3 0x800000bc (0x0000006f)
core   0: 3 0x800000bc (0x0000006f)
core   0: 3 0x800000bc (0x0000006f)
core   0: 3 0x800000bc (0x0000006f)
core   0: 3 0x800000bc (0x0000006f)
core   0: 3 0x800000bc (0x0000006f)
core   0: 3 0x800000bc (0x0000006f)
core   0: 3 0x800000bc (0x0000006f)
core   0: 3 0x800000bc (0x0000006f)
core   0: 3 0x800000bc (0x0000006f)
core   0: 3 0x800000bc (0x0000006f)
core   0: 3 0x800000bc (0x0000006f)
core   0: 3 0x800000bc (0x0000006f)
core   0: 3 0x800000bc (0x0000006f)
core   0: 3 0x800000bc (0x0000006f)
core   0: 3 0x800000bc (0x0000006f)
core   0: 3 0x800000bc (0x0000006f)
core   0: 3 0x800000bc (0x0000006f)
core   0: 3 0x800000bc (0x0000006f)
core   0: 3 0x800000bc (0x0000006f)
core   0: 3 0x800000bc (0x0000006f)
core   0: 3 0x800000bc (0x0000006f)
core   0: 3 0x800000bc (0x0000006f)
core   0: 3 0x800000bc (0x0000006f)
core   0: 3 0x800000bc (0x0000006f)
core   0: 3 0x800000bc (0x0000006f)
core   0: 3 0x800000bc (0x0000006f)
core   0: 3 0x800000bc (0x0000006f)
core   0: 3 0x800000bc (0x0000006f)
core   0: 3 0x800000bc (0x0000006f)
core   0: 3 0x800000bc (0x0000006f)
core   0: 3 0x800000bc (0x0000006f)
core   0: 3 0x800000bc (0x0000006f)
core   0: 3 0x800000bc (0x0000006f)
core   0: 3 0x800000bc (0x0000006f)
core   0: 3 0x800000bc (0x0000006f)
core   0: 3 0x800000bc (0x0000006f)
core   0: 3 0x800000bc (0x0000006f)
core   0: 3 0x800000bc (0x0000006f)
core   0: 3 0x800000bc (0x0000006f)
core   0: 3 0x800000bc (0x0000006f)
core   0: 3 0x800000bc (0x0000006f)
core   0: 3 0x800000bc (0x0000006f)
core   0: 3 0x800000bc (0x0000006f)
core   0: 3 0x800000bc (0x0000006f)
core   0: 3 0x800000bc (0x0000006f)
core   0: 3 0x800000bc (0x0000006f)
core   0: 3 0x800000bc (0x0000006f)
core   0: 3 0x800000bc (0x0000006f)
core   0: 3 0x800000bc (0x0000006f)
core   0: 3 0x800000bc (0x0000006f)
core   0: 3 0x800000bc (0x0000006f)
core   0: 3 0x800000bc (0x0000006f)
core   0: 3 0x800000bc (0x0000006f)
core   0: 3 0x800000bc (0x0000006f)
core   0: 3 0x800000bc (0x0000006f)
core   0: 3 0x800000bc (0x0000006f)
core   0: 3 0x800000bc (0x0000006f)
core   0: 3 0x800000bc (0x0000006f)
core   0: 3 0x800000bc (0x0000006f)
core   0: 3 0x800000bc (0x0000006f)
core   0: 3 0x800000bc (0x0000006f)
core   0: 3 0x800000bc (0x0000006f)
core   0: 3 0x800000bc (0x0000006f)
core   0: 3 0x800000bc (0x0000006f)
core   0: 3 0x800000bc (0x0000006f)
core   0: 3 0x800000bc (0x0000006f)
core   0: 3 0x800000bc (0x0000006f)
core   0: 3 0x800000bc (0x0000006f)
core   0: 3 0x800000bc (0x0000006f)
core   0: 3 0x800000bc (0x0000006f)
core   0: 3 0x800000bc (0x0000006f)
core   0: 3 0x800000bc (0x0000006f)
core   0: 3 0x800000bc (0x0000006f)
core   0: 3 0x800000bc (0x0000006f)
core   0: 3 0x800000bc (0x0000006f)
core   0: 3 0x800000bc (0x0000006f)
core   0: 3 0x800000bc (0x0000006f)
core   0: 3 0x800000bc (0x0000006f)
core   0: 3 0x800000bc (0x0000006f)
core   0: 3 0x800000bc (0x0000006f)
core   0: 3 0x800000bc (0x0000006f)
core   0: 3 0x800000bc (0x0000006f)
core   0: 3 0x800000bc (0x0000006f)
core   0: 3 0x800000bc (0x0000006f)
core   0: 3 0x800000bc (0x0000006f)
core   0: 3 0x800000bc (0x0000006f)
core   0: 3 0x800000bc (0x0000006f)
core   0: 3 0x800000bc (0x0000006f)
core   0: 3 0x800000bc (0x0000006f)
core   0: 3 0x800000bc (0x0000006f)
core   0: 3 0x800000bc (0x0000006f)
core   0: 3 0x800000bc (0x0000006f)
core   0: 3 0x800000bc (0x0000006f)
core   0: 3 0x800000bc (0x0000006f)
core   0: 3 0x800000bc (0x0000006f)
core   0: 3 0x800000bc (0x0000006f)
core   0: 3 0x800000bc (0x0000006f)
core   0: 3 0x800000bc (0x0000006f)
core   0: 3 0x800000bc (0x0000006f)
core   0: 3 0x800000bc (0x0000006f)
core   0: 3 0x800000bc (0x0000006f)
core   0: 3 0x800000bc (0x0000006f)
core   0: 3 0x800000bc (0x0000006f)
core   0: 3 0x800000bc (0x0000006f)
core   0: 3 0x800000bc (0x0000006f)
core   0: 3 0x800000bc (0x0000006f)
core   0: 3 0x800000bc (0x0000006f)
core   0: 3 0x800000bc (0x0000006f)
core   0: 3 0x800000bc (0x0000006f)
core   0: 3 0x800000bc (0x0000006f)
core   0: 3 0x800000bc (0x0000006f)
core   0: 3 0x800000bc (0x0000006f)
core   0: 3 0x800000bc (0x0000006f)
core   0: 3 0x800000bc (0x0000006f)
core   0: 3 0x800000bc (0x0000006f)
core   0: 3 0x800000bc (0x0000006f)
core   0: 3 0x800000bc (0x0000006f)
core   0: 3 0x800000bc (0x0000006f)
core   0: 3 0x800000bc (0x0000006f)
core   0: 3 0x800000bc (0x0000006f)
core   0: 3 0x800000bc (0x0000006f)
core   0: 3 0x800000bc (0x0000006f)
core   0: 3 0x800000bc (0x0000006f)
core   0: 3 0x800000bc (0x0000006f)
core   0: 3 0x800000bc (0x0000006f)
core   0: 3 0x800000bc (0x0000006f)
core   0: 3 0x800000bc (0x0000006f)
core   0: 3 0x800000bc (0x0000006f)
core   0: 3 0x800000bc (0x0000006f)
core   0: 3 0x800000bc (0x0000006f)
core   0: 3 0x800000bc (0x0000006f)
core   0: 3 0x800000bc (0x0000006f)
core   0: 3 0x800000bc (0x0000006f)
core   0: 3 0x800000bc (0x0000006f)
core   0: 3 0x800000bc (0x0000006f)
core   0: 3 0x800000bc (0x0000006f)
core   0: 3 0x800000bc (0x0000006f)
core   0: 3 0x800000bc (0x0000006f)
core   0: 3 0x800000bc (0x0000006f)
core   0: 3 0x800000bc (0x0000006f)
core   0: 3 0x800000bc (0x0000006f)
core   0: 3 0x800000bc (0x0000006f)
core   0: 3 0x800000bc (0x0000006f)
core   0: 3 0x800000bc (0x0000006f)
core   0: 3 0x800000bc (0x0000006f)
core   0: 3 0x800000bc (0x0000006f)
core   0: 3 0x800000bc (0x0000006f)
core   0: 3 0x800000bc (0x0000006f)
core   0: 3 0x800000bc (0x0000006f)
core   0: 3 0x800000bc (0x0000006f)
core   0: 3 0x800000bc (0x0000006f)
core   0: 3 0x800000bc (0x0000006f)
core   0: 3 0x800000bc (0x0000006f)
core   0: 3 0x800000bc (0x0000006f)
core   0: 3 0x800000bc (0x0000006f)
core   0: 3 0x800000bc (0x0000006f)
core   0: 3 0x800000bc (0x0000006f)
core   0: 3 0x800000bc (0x0000006f)
core   0: 3 0x800000bc (0x0000006f)
core   0: 3 0x800000bc (0x0000006f)
core   0: 3 0x800000bc (0x0000006f)
core   0: 3 0x800000bc (0x0000006f)
core   0: 3 0x800000bc (0x0000006f)
core   0: 3 0x800000bc (0x0000006f)
core   0: 3 0x800000bc (0x0000006f)
core   0: 3 0x800000bc (0x0000006f)
core   0: 3 0x800000bc (0x0000006f)
core   0: 3 0x800000bc (0x0000006f)
core   0: 3 0x800000bc (0x0000006f)
core   0: 3 0x800000bc (0x0000006f)
core   0: 3 0x800000bc (0x0000006f)
core   0: 3 0x800000bc (0x0000006f)
core   0: 3 0x800000bc (0x0000006f)
core   0: 3 0x800000bc (0x0000006f)
core   0: 3 0x800000bc (0x0000006f)
core   0: 3 0x800000bc (0x0000006f)
core   0: 3 0x800000bc (0x0000006f)
core   0: 3 0x800000bc (0x0000006f)
core   0: 3 0x800000bc (0x0000006f)
core   0: 3 0x800000bc (0x0000006f)
core   0: 3 0x800000bc (0x0000006f)
core   0: 3 0x800000bc (0x0000006f)
core   0: 3 0x800000bc (0x0000006f)
core   0: 3 0x800000bc (0x0000006f)
core   0: 3 0x800000bc (0x0000006f)
core   0: 3 0x800000bc (0x0000006f)
core   0: 3 0x800000bc (0x0000006f)
core   0: 3 0x800000bc (0x0000006f)
core   0: 3 0x800000bc (0x0000006f)
core   0: 3 0x800000bc (0x0000006f)
core   0: 3 0x800000bc (0x0000006f)
core   0: 3 0x800000bc (0x0000006f)
core   0: 3 0x800000bc (0x0000006f)
core   0: 3 0x800000bc (0x0000006f)
core   0: 3 0x800000bc (0x0000006f)
core   0: 3 0x800000bc (0x0000006f)
core   0: 3 0x800000bc (0x0000006f)
core   0: 3 0x800000bc (0x0000006f)
core   0: 3 0x800000bc (0x0000006f)
core   0: 3 0x800000bc (0x0000006f)
core   0: 3 0x800000bc (0x0000006f)
core   0: 3 0x800000bc (0x0000006f)
core   0: 3 0x800000bc (0x0000006f)
core   0: 3 0x800000bc (0x0000006f)
core   0: 3 0x800000bc (0x0000006f)
core   0: 3 0x800000bc (0x0000006f)
core   0: 3 0x800000bc (0x0000006f)
core   0: 3 0x800000bc (0x0000006f)
core   0: 3 0x800000bc (0x0000006f)
core   0: 3 0x800000bc (0x0000006f)
core   0: 3 0x800000bc (0x0000006f)
core   0: 3 0x800000bc (0x0000006f)
core   0: 3 0x800000bc (0x0000006f)
core   0: 3 0x800000bc (0x0000006f)
core   0: 3 0x800000bc (0x0000006f)
core   0: 3 0x800000bc (0x0000006f)
core   0: 3 0x800000bc (0x0000006f)
core   0: 3 0x800000bc (0x0000006f)
core   0: 3 0x800000bc (0x0000006f)
core   0: 3 0x800000bc (0x0000006f)
core   0: 3 0x800000bc (0x0000006f)
core   0: 3 0x800000bc (0x0000006f)
core   0: 3 0x800000bc (0x0000006f)
core   0: 3 0x800000bc (0x0000006f)
core   0: 3 0x800000bc (0x0000006f)
core   0: 3 0x800000bc (0x0000006f)
core   0: 3 0x800000bc (0x0000006f)
core   0: 3 0x800000bc (0x0000006f)
core   0: 3 0x800000bc (0x0000006f)
core   0: 3 0x800000bc (0x0000006f)
core   0: 3 0x800000bc (0x0000006f)
core   0: 3 0x800000bc (0x0000006f)
core   0: 3 0x800000bc (0x0000006f)
core   0: 3 0x800000bc (0x0000006f)
core   0: 3 0x800000bc (0x0000006f)
core   0: 3 0x800000bc (0x0000006f)
core   0: 3 0x800000bc (0x0000006f)
core   0: 3 0x800000bc (0x0000006f)
core   0: 3 0x800000bc (0x0000006f)
core   0: 3 0x800000bc (0x0000006f)
core   0: 3 0x800000bc (0x0000006f)
core   0: 3 0x800000bc (0x0000006f)
core   0: 3 0x800000bc (0x0000006f)
core   0: 3 0x800000bc (0x0000006f)
core   0: 3 0x800000bc (0x0000006f)
core   0: 3 0x800000bc (0x0000006f)
core   0: 3 0x800000bc (0x0000006f)
core   0: 3 0x800000bc (0x0000006f)
core   0: 3 0x800000bc (0x0000006f)
core   0: 3 0x800000bc (0x0000006f)
core   0: 3 0x800000bc (0x0000006f)
core   0: 3 0x800000bc (0x0000006f)
core   0: 3 0x800000bc (0x0000006f)
core   0: 3 0x800000bc (0x0000006f)
core   0: 3 0x800000bc (0x0000006f)
core   0: 3 0x800000bc (0x0000006f)
core   0: 3 0x800000bc (0x0000006f)
core   0: 3 0x800000bc (0x0000006f)
core   0: 3 0x800000bc (0x0000006f)
core   0: 3 0x800000bc (0x0000006f)
core   0: 3 0x800000bc (0x0000006f)
core   0: 3 0x800000bc (0x0000006f)
core   0: 3 0x800000bc (0x0000006f)
core   0: 3 0x800000bc (0x0000006f)
core   0: 3 0x800000bc (0x0000006f)
core   0: 3 0x800000bc (0x0000006f)
core   0: 3 0x800000bc (0x0000006f)
core   0: 3 0x800000bc (0x0000006f)
core   0: 3 0x800000bc (0x0000006f)
core   0: 3 0x800000bc (0x0000006f)
core   0: 3 0x800000bc (0x0000006f)
core   0: 3 0x800000bc (0x0000006f)
core   0: 3 0x800000bc (0x0000006f)
core   0: 3 0x800000bc (0x0000006f)
core   0: 3 0x800000bc (0x0000006f)
core   0: 3 0x800000bc (0x0000006f)
core   0: 3 0x800000bc (0x0000006f)
core   0: 3 0x800000bc (0x0000006f)
core   0: 3 0x800000bc (0x0000006f)
core   0: 3 0x800000bc (0x0000006f)
core   0: 3 0x800000bc (0x0000006f)
core   0: 3 0x800000bc (0x0000006f)
core   0: 3 0x800000bc (0x0000006f)
core   0: 3 0x800000bc (0x0000006f)
core   0: 3 0x800000bc (0x0000006f)
core   0: 3 0x800000bc (0x0000006f)
core   0: 3 0x800000bc (0x0000006f)
core   0: 3 0x800000bc (0x0000006f)
core   0: 3 0x800000bc (0x0000006f)
core   0: 3 0x800000bc (0x0000006f)
core   0: 3 0x800000bc (0x0000006f)
core   0: 3 0x800000bc (0x0000006f)
core   0: 3 0x800000bc (0x0000006f)
core   0: 3 0x800000bc (0x0000006f)
core   0: 3 0x800000bc (0x0000006f)
core   0: 3 0x800000bc (0x0000006f)
core   0: 3 0x800000bc (0x0000006f)
core   0: 3 0x800000bc (0x0000006f)
core   0: 3 0x800000bc (0x0000006f)
core   0: 3 0x800000bc (0x0000006f)
core   0: 3 0x800000bc (0x0000006f)
core   0: 3 0x800000bc (0x0000006f)
core   0: 3 0x800000bc (0x0000006f)
core   0: 3 0x800000bc (0x0000006f)
core   0: 3 0x800000bc (0x0000006f)
core   0: 3 0x800000bc (0x0000006f)
core   0: 3 0x800000bc (0x0000006f)
core   0: 3 0x800000bc (0x0000006f)
core   0: 3 0x800000bc (0x0000006f)
core   0: 3 0x800000bc (0x0000006f)
core   0: 3 0x800000bc (0x0000006f)
core   0: 3 0x800000bc (0x0000006f)
core   0: 3 0x800000bc (0x0000006f)
core   0: 3 0x800000bc (0x0000006f)
core   0: 3 0x800000bc (0x0000006f)
core   0: 3 0x800000bc (0x0000006f)
core   0: 3 0x800000bc (0x0000006f)
core   0: 3 0x800000bc (0x0000006f)
core   0: 3 0x800000bc (0x0000006f)
core   0: 3 0x800000bc (0x0000006f)
core   0: 3 0x800000bc (0x0000006f)
core   0: 3 0x800000bc (0x0000006f)
core   0: 3 0x800000bc (0x0000006f)
core   0: 3 0x800000bc (0x0000006f)
core   0: 3 0x800000bc (0x0000006f)
core   0: 3 0x800000bc (0x0000006f)
core   0: 3 0x800000bc (0x0000006f)
core   0: 3 0x800000bc (0x0000006f)
core   0: 3 0x800000bc (0x0000006f)
core   0: 3 0x800000bc (0x0000006f)
core   0: 3 0x800000bc (0x0000006f)
core   0: 3 0x800000bc (0x0000006f)
core   0: 3 0x800000bc (0x0000006f)
core   0: 3 0x800000bc (0x0000006f)
core   0: 3 0x800000bc (0x0000006f)
core   0: 3 0x800000bc (0x0000006f)
core   0: 3 0x800000bc (0x0000006f)
core   0: 3 0x800000bc (0x0000006f)
core   0: 3 0x800000bc (0x0000006f)
core   0: 3 0x800000bc (0x0000006f)
core   0: 3 0x800000bc (0x0000006f)
core   0: 3 0x800000bc (0x0000006f)
core   0: 3 0x800000bc (0x0000006f)
core   0: 3 0x800000bc (0x0000006f)
core   0: 3 0x800000bc (0x0000006f)
core   0: 3 0x800000bc (0x0000006f)
core   0: 3 0x800000bc (0x0000006f)
core   0: 3 0x800000bc (0x0000006f)
core   0: 3 0x800000bc (0x0000006f)
core   0: 3 0x800000bc (0x0000006f)
core   0: 3 0x800000bc (0x0000006f)
core   0: 3 0x800000bc (0x0000006f)
core   0: 3 0x800000bc (0x0000006f)
core   0: 3 0x800000bc (0x0000006f)
core   0: 3 0x800000bc (0x0000006f)
core   0: 3 0x800000bc (0x0000006f)
core   0: 3 0x800000bc (0x0000006f)
core   0: 3 0x800000bc (0x0000006f)
core   0: 3 0x800000bc (0x0000006f)
core   0: 3 0x800000bc (0x0000006f)
core   0: 3 0x800000bc (0x0000006f)
core   0: 3 0x800000bc (0x0000006f)
core   0: 3 0x800000bc (0x0000006f)
core   0: 3 0x800000bc (0x0000006f)
core   0: 3 0x800000bc (0x0000006f)
core   0: 3 0x800000bc (0x0000006f)
core   0: 3 0x800000bc (0x0000006f)
core   0: 3 0x800000bc (0x0000006f)
core   0: 3 0x800000bc (0x0000006f)
core   0: 3 0x800000bc (0x0000006f)
core   0: 3 0x800000bc (0x0000006f)
core   0: 3 0x800000bc (0x0000006f)
core   0: 3 0x800000bc (0x0000006f)
core   0: 3 0x800000bc (0x0000006f)
core   0: 3 0x800000bc (0x0000006f)
core   0: 3 0x800000bc (0x0000006f)
core   0: 3 0x800000bc (0x0000006f)
core   0: 3 0x800000bc (0x0000006f)
core   0: 3 0x800000bc (0x0000006f)
core   0: 3 0x800000bc (0x0000006f)
core   0: 3 0x800000bc (0x0000006f)
core   0: 3 0x800000bc (0x0000006f)
core   0: 3 0x800000bc (0x0000006f)
core   0: 3 0x800000bc (0x0000006f)
core   0: 3 0x800000bc (0x0000006f)
core   0: 3 0x800000bc (0x0000006f)
core   0: 3 0x800000bc (0x0000006f)
core   0: 3 0x800000bc (0x0000006f)
core   0: 3 0x800000bc (0x0000006f)
core   0: 3 0x800000bc (0x0000006f)
core   0: 3 0x800000bc (0x0000006f)
core   0: 3 0x800000bc (0x0000006f)
core   0: 3 0x800000bc (0x0000006f)
core   0: 3 0x800000bc (0x0000006f)
core   0: 3 0x800000bc (0x0000006f)
core   0: 3 0x800000bc (0x0000006f)
core   0: 3 0x800000bc (0x0000006f)
core   0: 3 0x800000bc (0x0000006f)
core   0: 3 0x800000bc (0x0000006f)
core   0: 3 0x800000bc (0x0000006f)
core   0: 3 0x800000bc (0x0000006f)
core   0: 3 0x800000bc (0x0000006f)
core   0: 3 0x800000bc (0x0000006f)
core   0: 3 0x800000bc (0x0000006f)
core   0: 3 0x800000bc (0x0000006f)
core   0: 3 0x800000bc (0x0000006f)
core   0: 3 0x800000bc (0x0000006f)
core   0: 3 0x800000bc (0x0000006f)
core   0: 3 0x800000bc (0x0000006f)
core   0: 3 0x800000bc (0x0000006f)
core   0: 3 0x800000bc (0x0000006f)
core   0: 3 0x800000bc (0x0000006f)
core   0: 3 0x800000bc (0x0000006f)
core   0: 3 0x800000bc (0x0000006f)
core   0: 3 0x800000bc (0x0000006f)
core   0: 3 0x800000bc (0x0000006f)
core   0: 3 0x800000bc (0x0000006f)
core   0: 3 0x800000bc (0x0000006f)
core   0: 3 0x800000bc (0x0000006f)
core   0: 3 0x800000bc (0x0000006f)
core   0: 3 0x800000bc (0x0000006f)
core   0: 3 0x800000bc (0x0000006f)
core   0: 3 0x800000bc (0x0000006f)
core   0: 3 0x800000bc (0x0000006f)
core   0: 3 0x800000bc (0x0000006f)
core   0: 3 0x800000bc (0x0000006f)
core   0: 3 0x800000bc (0x0000006f)
core   0: 3 0x800000bc (0x0000006f)
core   0: 3 0x800000bc (0x0000006f)
core   0: 3 0x800000bc (0x0000006f)
core   0: 3 0x800000bc (0x0000006f)
core   0: 3 0x800000bc (0x0000006f)
core   0: 3 0x800000bc (0x0000006f)
core   0: 3 0x800000bc (0x0000006f)
core   0: 3 0x800000bc (0x0000006f)
core   0: 3 0x800000bc (0x0000006f)
core   0: 3 0x800000bc (0x0000006f)
core   0: 3 0x800000bc (0x0000006f)
core   0: 3 0x800000bc (0x0000006f)
core   0: 3 0x800000bc (0x0000006f)
core   0: 3 0x800000bc (0x0000006f)
core   0: 3 0x800000bc (0x0000006f)
core   0: 3 0x800000bc (0x0000006f)
core   0: 3 0x800000bc (0x0000006f)
core   0: 3 0x800000bc (0x0000006f)
core   0: 3 0x800000bc (0x0000006f)
core   0: 3 0x800000bc (0x0000006f)
core   0: 3 0x800000bc (0x0000006f)
core   0: 3 0x800000bc (0x0000006f)
core   0: 3 0x800000bc (0x0000006f)
core   0: 3 0x800000bc (0x0000006f)
core   0: 3 0x800000bc (0x0000006f)
core   0: 3 0x800000bc (0x0000006f)
core   0: 3 0x800000bc (0x0000006f)
core   0: 3 0x800000bc (0x0000006f)
core   0: 3 0x800000bc (0x0000006f)
core   0: 3 0x800000bc (0x0000006f)
core   0: 3 0x800000bc (0x0000006f)
core   0: 3 0x800000bc (0x0000006f)
core   0: 3 0x800000bc (0x0000006f)
core   0: 3 0x800000bc (0x0000006f)
core   0: 3 0x800000bc (0x0000006f)
core   0: 3 0x800000bc (0x0000006f)
core   0: 3 0x800000bc (0x0000006f)
core   0: 3 0x800000bc (0x0000006f)
core   0: 3 0x800000bc (0x0000006f)
core   0: 3 0x800000bc (0x0000006f)
core   0: 3 0x800000bc (0x0000006f)
core   0: 3 0x800000bc (0x0000006f)
core   0: 3 0x800000bc (0x0000006f)
core   0: 3 0x800000bc (0x0000006f)
core   0: 3 0x800000bc (0x0000006f)
core   0: 3 0x800000bc (0x0000006f)
core   0: 3 0x800000bc (0x0000006f)
core   0: 3 0x800000bc (0x0000006f)
core   0: 3 0x800000bc (0x0000006f)
core   0: 3 0x800000bc (0x0000006f)
core   0: 3 0x800000bc (0x0000006f)
core   0: 3 0x800000bc (0x0000006f)
core   0: 3 0x800000bc (0x0000006f)
core   0: 3 0x800000bc (0x0000006f)
core   0: 3 0x800000bc (0x0000006f)
core   0: 3 0x800000bc (0x0000006f)
core   0: 3 0x800000bc (0x0000006f)
core   0: 3 0x800000bc (0x0000006f)
core   0: 3 0x800000bc (0x0000006f)
core   0: 3 0x800000bc (0x0000006f)
core   0: 3 0x800000bc (0x0000006f)
core   0: 3 0x800000bc (0x0000006f)
core   0: 3 0x800000bc (0x0000006f)
core   0: 3 0x800000bc (0x0000006f)
core   0: 3 0x800000bc (0x0000006f)
core   0: 3 0x800000bc (0x0000006f)
core   0: 3 0x800000bc (0x0000006f)
core   0: 3 0x800000bc (0x0000006f)
core   0: 3 0x800000bc (0x0000006f)
core   0: 3 0x800000bc (0x0000006f)
core   0: 3 0x800000bc (0x0000006f)
core   0: 3 0x800000bc (0x0000006f)
core   0: 3 0x800000bc (0x0000006f)
core   0: 3 0x800000bc (0x0000006f)
core   0: 3 0x800000bc (0x0000006f)
core   0: 3 0x800000bc (0x0000006f)
core   0: 3 0x800000bc (0x0000006f)
core   0: 3 0x800000bc (0x0000006f)
core   0: 3 0x800000bc (0x0000006f)
core   0: 3 0x800000bc (0x0000006f)
core   0: 3 0x800000bc (0x0000006f)
core   0: 3 0x800000bc (0x0000006f)
core   0: 3 0x800000bc (0x0000006f)
core   0: 3 0x800000bc (0x0000006f)
core   0: 3 0x800000bc (0x0000006f)
core   0: 3 0x800000bc (0x0000006f)
core   0: 3 0x800000bc (0x0000006f)
core   0: 3 0x800000bc (0x0000006f)
core   0: 3 0x800000bc (0x0000006f)
core   0: 3 0x800000bc (0x0000006f)
core   0: 3 0x800000bc (0x0000006f)
core   0: 3 0x800000bc (0x0000006f)
core   0: 3 0x800000bc (0x0000006f)
core   0: 3 0x800000bc (0x0000006f)
core   0: 3 0x800000bc (0x0000006f)
core   0: 3 0x800000bc (0x0000006f)
core   0: 3 0x800000bc (0x0000006f)
core   0: 3 0x800000bc (0x0000006f)
core   0: 3 0x800000bc (0x0000006f)
core   0: 3 0x800000bc (0x0000006f)
core   0: 3 0x800000bc (0x0000006f)
core   0: 3 0x800000bc (0x0000006f)
core   0: 3 0x800000bc (0x0000006f)
core   0: 3 0x800000bc (0x0000006f)
core   0: 3 0x800000bc (0x0000006f)
core   0: 3 0x800000bc (0x0000006f)
core   0: 3 0x800000bc (0x0000006f)
core   0: 3 0x800000bc (0x0000006f)
core   0: 3 0x800000bc (0x0000006f)
core   0: 3 0x800000bc (0x0000006f)
core   0: 3 0x800000bc (0x0000006f)
core   0: 3 0x800000bc (0x0000006f)
core   0: 3 0x800000bc (0x0000006f)
core   0: 3 0x800000bc (0x0000006f)
core   0: 3 0x800000bc (0x0000006f)
core   0: 3 0x800000bc (0x0000006f)
core   0: 3 0x800000bc (0x0000006f)
core   0: 3 0x800000bc (0x0000006f)
core   0: 3 0x800000bc (0x0000006f)
core   0: 3 0x800000bc (0x0000006f)
core   0: 3 0x800000bc (0x0000006f)
core   0: 3 0x800000bc (0x0000006f)
core   0: 3 0x800000bc (0x0000006f)
core   0: 3 0x800000bc (0x0000006f)
core   0: 3 0x800000bc (0x0000006f)
core   0: 3 0x800000bc (0x0000006f)
core   0: 3 0x800000bc (0x0000006f)
core   0: 3 0x800000bc (0x0000006f)
core   0: 3 0x800000bc (0x0000006f)
core   0: 3 0x800000bc (0x0000006f)
core   0: 3 0x800000bc (0x0000006f)
core   0: 3 0x800000bc (0x0000006f)
core   0: 3 0x800000bc (0x0000006f)
core   0: 3 0x800000bc (0x0000006f)
core   0: 3 0x800000bc (0x0000006f)
core   0: 3 0x800000bc (0x0000006f)
core   0: 3 0x800000bc (0x0000006f)
core   0: 3 0x800000bc (0x0000006f)
core   0: 3 0x800000bc (0x0000006f)
core   0: 3 0x800000bc (0x0000006f)
core   0: 3 0x800000bc (0x0000006f)
core   0: 3 0x800000bc (0x0000006f)
core   0: 3 0x800000bc (0x0000006f)
core   0: 3 0x800000bc (0x0000006f)
core   0: 3 0x800000bc (0x0000006f)
core   0: 3 0x800000bc (0x0000006f)
core   0: 3 0x800000bc (0x0000006f)
core   0: 3 0x800000bc (0x0000006f)
core   0: 3 0x800000bc (0x0000006f)
core   0: 3 0x800000bc (0x0000006f)
core   0: 3 0x800000bc (0x0000006f)
core   0: 3 0x800000bc (0x0000006f)
core   0: 3 0x800000bc (0x0000006f)
core   0: 3 0x800000bc (0x0000006f)
core   0: 3 0x800000bc (0x0000006f)
core   0: 3 0x800000bc (0x0000006f)
core   0: 3 0x800000bc (0x0000006f)
core   0: 3 0x800000bc (0x0000006f)
core   0: 3 0x800000bc (0x0000006f)
core   0: 3 0x800000bc (0x0000006f)
core   0: 3 0x800000bc (0x0000006f)
core   0: 3 0x800000bc (0x0000006f)
core   0: 3 0x800000bc (0x0000006f)
core   0: 3 0x800000bc (0x0000006f)
core   0: 3 0x800000bc (0x0000006f)
core   0: 3 0x800000bc (0x0000006f)
core   0: 3 0x800000bc (0x0000006f)
core   0: 3 0x800000bc (0x0000006f)
core   0: 3 0x800000bc (0x0000006f)
core   0: 3 0x800000bc (0x0000006f)
core   0: 3 0x800000bc (0x0000006f)
core   0: 3 0x800000bc (0x0000006f)
core   0: 3 0x800000bc (0x0000006f)
core   0: 3 0x800000bc (0x0000006f)
core   0: 3 0x800000bc (0x0000006f)
core   0: 3 0x800000bc (0x0000006f)
core   0: 3 0x800000bc (0x0000006f)
core   0: 3 0x800000bc (0x0000006f)
core   0: 3 0x800000bc (0x0000006f)
core   0: 3 0x800000bc (0x0000006f)
core   0: 3 0x800000bc (0x0000006f)
core   0: 3 0x800000bc (0x0000006f)
core   0: 3 0x800000bc (0x0000006f)
core   0: 3 0x800000bc (0x0000006f)
core   0: 3 0x800000bc (0x0000006f)
core   0: 3 0x800000bc (0x0000006f)
core   0: 3 0x800000bc (0x0000006f)
core   0: 3 0x800000bc (0x0000006f)
core   0: 3 0x800000bc (0x0000006f)
core   0: 3 0x800000bc (0x0000006f)
core   0: 3 0x800000bc (0x0000006f)
core   0: 3 0x800000bc (0x0000006f)
core   0: 3 0x800000bc (0x0000006f)
core   0: 3 0x800000bc (0x0000006f)
core   0: 3 0x800000bc (0x0000006f)
core   0: 3 0x800000bc (0x0000006f)
core   0: 3 0x800000bc (0x0000006f)
core   0: 3 0x800000bc (0x0000006f)
core   0: 3 0x800000bc (0x0000006f)
core   0: 3 0x800000bc (0x0000006f)
core   0: 3 0x800000bc (0x0000006f)
core   0: 3 0x800000bc (0x0000006f)
core   0: 3 0x800000bc (0x0000006f)
core   0: 3 0x800000bc (0x0000006f)
core   0: 3 0x800000bc (0x0000006f)
core   0: 3 0x800000bc (0x0000006f)
core   0: 3 0x800000bc (0x0000006f)
core   0: 3 0x800000bc (0x0000006f)
core   0: 3 0x800000bc (0x0000006f)
core   0: 3 0x800000bc (0x0000006f)
core   0: 3 0x800000bc (0x0000006f)
core   0: 3 0x800000bc (0x0000006f)
core   0: 3 0x800000bc (0x0000006f)
core   0: 3 0x800000bc (0x0000006f)
core   0: 3 0x800000bc (0x0000006f)
core   0: 3 0x800000bc (0x0000006f)
core   0: 3 0x800000bc (0x0000006f)
core   0: 3 0x800000bc (0x0000006f)
core   0: 3 0x800000bc (0x0000006f)
core   0: 3 0x800000bc (0x0000006f)
core   0: 3 0x800000bc (0x0000006f)
core   0: 3 0x800000bc (0x0000006f)
core   0: 3 0x800000bc (0x0000006f)
core   0: 3 0x800000bc (0x0000006f)
core   0: 3 0x800000bc (0x0000006f)
core   0: 3 0x800000bc (0x0000006f)
core   0: 3 0x800000bc (0x0000006f)
core   0: 3 0x800000bc (0x0000006f)
core   0: 3 0x800000bc (0x0000006f)
core   0: 3 0x800000bc (0x0000006f)
core   0: 3 0x800000bc (0x0000006f)
core   0: 3 0x800000bc (0x0000006f)
core   0: 3 0x800000bc (0x0000006f)
core   0: 3 0x800000bc (0x0000006f)
core   0: 3 0x800000bc (0x0000006f)
core   0: 3 0x800000bc (0x0000006f)
core   0: 3 0x800000bc (0x0000006f)
core   0: 3 0x800000bc (0x0000006f)
core   0: 3 0x800000bc (0x0000006f)
core   0: 3 0x800000bc (0x0000006f)
core   0: 3 0x800000bc (0x0000006f)
core   0: 3 0x800000bc (0x0000006f)
core   0: 3 0x800000bc (0x0000006f)
core   0: 3 0x800000bc (0x0000006f)
core   0: 3 0x800000bc (0x0000006f)
core   0: 3 0x800000bc (0x0000006f)
core   0: 3 0x800000bc (0x0000006f)
core   0: 3 0x800000bc (0x0000006f)
core   0: 3 0x800000bc (0x0000006f)
core   0: 3 0x800000bc (0x0000006f)
core   0: 3 0x800000bc (0x0000006f)
core   0: 3 0x800000bc (0x0000006f)
core   0: 3 0x800000bc (0x0000006f)
core   0: 3 0x800000bc (0x0000006f)
core   0: 3 0x800000bc (0x0000006f)
core   0: 3 0x800000bc (0x0000006f)
core   0: 3 0x800000bc (0x0000006f)
core   0: 3 0x800000bc (0x0000006f)
core   0: 3 0x800000bc (0x0000006f)
core   0: 3 0x800000bc (0x0000006f)
core   0: 3 0x800000bc (0x0000006f)
core   0: 3 0x800000bc (0x0000006f)
core   0: 3 0x800000bc (0x0000006f)
core   0: 3 0x800000bc (0x0000006f)
core   0: 3 0x800000bc (0x0000006f)
core   0: 3 0x800000bc (0x0000006f)
core   0: 3 0x800000bc (0x0000006f)
core   0: 3 0x800000bc (0x0000006f)
core   0: 3 0x800000bc (0x0000006f)
core   0: 3 0x800000bc (0x0000006f)
core   0: 3 0x800000bc (0x0000006f)
core   0: 3 0x800000bc (0x0000006f)
core   0: 3 0x800000bc (0x0000006f)
core   0: 3 0x800000bc (0x0000006f)
core   0: 3 0x800000bc (0x0000006f)
core   0: 3 0x800000bc (0x0000006f)
core   0: 3 0x800000bc (0x0000006f)
core   0: 3 0x800000bc (0x0000006f)
core   0: 3 0x800000bc (0x0000006f)
core   0: 3 0x800000bc (0x0000006f)
core   0: 3 0x800000bc (0x0000006f)
core   0: 3 0x800000bc (0x0000006f)
core   0: 3 0x800000bc (0x0000006f)
core   0: 3 0x800000bc (0x0000006f)
core   0: 3 0x800000bc (0x0000006f)
core   0: 3 0x800000bc (0x0000006f)
core   0: 3 0x800000bc (0x0000006f)
core   0: 3 0x800000bc (0x0000006f)
core   0: 3 0x800000bc (0x0000006f)
core   0: 3 0x800000bc (0x0000006f)
core   0: 3 0x800000bc (0x0000006f)
core   0: 3 0x800000bc (0x0000006f)
core   0: 3 0x800000bc (0x0000006f)
core   0: 3 0x800000bc (0x0000006f)
core   0: 3 0x800000bc (0x0000006f)
core   0: 3 0x800000bc (0x0000006f)
core   0: 3 0x800000bc (0x0000006f)
core   0: 3 0x800000bc (0x0000006f)
core   0: 3 0x800000bc (0x0000006f)
core   0: 3 0x800000bc (0x0000006f)
core   0: 3 0x800000bc (0x0000006f)
core   0: 3 0x800000bc (0x0000006f)
core   0: 3 0x800000bc (0x0000006f)
core   0: 3 0x800000bc (0x0000006f)
core   0: 3 0x800000bc (0x0000006f)
core   0: 3 0x800000bc (0x0000006f)
core   0: 3 0x800000bc (0x0000006f)
core   0: 3 0x800000bc (0x0000006f)
core   0: 3 0x800000bc (0x0000006f)
core   0: 3 0x800000bc (0x0000006f)
core   0: 3 0x800000bc (0x0000006f)
core   0: 3 0x800000bc (0x0000006f)
core   0: 3 0x800000bc (0x0000006f)
core   0: 3 0x800000bc (0x0000006f)
core   0: 3 0x800000bc (0x0000006f)
core   0: 3 0x800000bc (0x0000006f)
core   0: 3 0x800000bc (0x0000006f)
core   0: 3 0x800000bc (0x0000006f)
core   0: 3 0x800000bc (0x0000006f)
core   0: 3 0x800000bc (0x0000006f)
core   0: 3 0x800000bc (0x0000006f)
core   0: 3 0x800000bc (0x0000006f)
core   0: 3 0x800000bc (0x0000006f)
core   0: 3 0x800000bc (0x0000006f)
core   0: 3 0x800000bc (0x0000006f)
core   0: 3 0x800000bc (0x0000006f)
core   0: 3 0x800000bc (0x0000006f)
core   0: 3 0x800000bc (0x0000006f)
core   0: 3 0x800000bc (0x0000006f)
core   0: 3 0x800000bc (0x0000006f)
core   0: 3 0x800000bc (0x0000006f)
core   0: 3 0x800000bc (0x0000006f)
core   0: 3 0x800000bc (0x0000006f)
core   0: 3 0x800000bc (0x0000006f)
core   0: 3 0x800000bc (0x0000006f)
core   0: 3 0x800000bc (0x0000006f)
core   0: 3 0x800000bc (0x0000006f)
core   0: 3 0x800000bc (0x0000006f)
core   0: 3 0x800000bc (0x0000006f)
core   0: 3 0x800000bc (0x0000006f)
core   0: 3 0x800000bc (0x0000006f)
core   0: 3 0x800000bc (0x0000006f)
core   0: 3 0x800000bc (0x0000006f)
core   0: 3 0x800000bc (0x0000006f)
core   0: 3 0x800000bc (0x0000006f)
core   0: 3 0x800000bc (0x0000006f)
core   0: 3 0x800000bc (0x0000006f)
core   0: 3 0x800000bc (0x0000006f)
core   0: 3 0x800000bc (0x0000006f)
core   0: 3 0x800000bc (0x0000006f)
core   0: 3 0x800000bc (0x0000006f)
core   0: 3 0x800000bc (0x0000006f)
core   0: 3 0x800000bc (0x0000006f)
core   0: 3 0x800000bc (0x0000006f)
core   0: 3 0x800000bc (0x0000006f)
core   0: 3 0x800000bc (0x0000006f)
core   0: 3 0x800000bc (0x0000006f)
core   0: 3 0x800000bc (0x0000006f)
core   0: 3 0x800000bc (0x0000006f)
core   0: 3 0x800000bc (0x0000006f)
core   0: 3 0x800000bc (0x0000006f)
core   0: 3 0x800000bc (0x0000006f)
core   0: 3 0x800000bc (0x0000006f)
core   0: 3 0x800000bc (0x0000006f)
core   0: 3 0x800000bc (0x0000006f)
core   0: 3 0x800000bc (0x0000006f)
core   0: 3 0x800000bc (0x0000006f)
core   0: 3 0x800000bc (0x0000006f)
core   0: 3 0x800000bc (0x0000006f)
core   0: 3 0x800000bc (0x0000006f)
core   0: 3 0x800000bc (0x0000006f)
core   0: 3 0x800000bc (0x0000006f)
core   0: 3 0x800000bc (0x0000006f)
core   0: 3 0x800000bc (0x0000006f)
core   0: 3 0x800000bc (0x0000006f)
core   0: 3 0x800000bc (0x0000006f)
core   0: 3 0x800000bc (0x0000006f)
core   0: 3 0x800000bc (0x0000006f)
core   0: 3 0x800000bc (0x0000006f)
core   0: 3 0x800000bc (0x0000006f)
core   0: 3 0x800000bc (0x0000006f)
core   0: 3 0x800000bc (0x0000006f)
core   0: 3 0x800000bc (0x0000006f)
core   0: 3 0x800000bc (0x0000006f)
core   0: 3 0x800000bc (0x0000006f)
core   0: 3 0x800000bc (0x0000006f)
core   0: 3 0x800000bc (0x0000006f)
core   0: 3 0x800000bc (0x0000006f)
core   0: 3 0x800000bc (0x0000006f)
core   0: 3 0x800000bc (0x0000006f)
core   0: 3 0x800000bc (0x0000006f)
core   0: 3 0x800000bc (0x0000006f)
core   0: 3 0x800000bc (0x0000006f)
core   0: 3 0x800000bc (0x0000006f)
core   0: 3 0x800000bc (0x0000006f)
core   0: 3 0x800000bc (0x0000006f)
core   0: 3 0x800000bc (0x0000006f)
core   0: 3 0x800000bc (0x0000006f)
core   0: 3 0x800000bc (0x0000006f)
core   0: 3 0x800000bc (0x0000006f)
core   0: 3 0x800000bc (0x0000006f)
core   0: 3 0x800000bc (0x0000006f)
core   0: 3 0x800000bc (0x0000006f)
core   0: 3 0x800000bc (0x0000006f)
core   0: 3 0x800000bc (0x0000006f)
core   0: 3 0x800000bc (0x0000006f)
core   0: 3 0x800000bc (0x0000006f)
core   0: 3 0x800000bc (0x0000006f)
core   0: 3 0x800000bc (0x0000006f)
core   0: 3 0x800000bc (0x0000006f)
core   0: 3 0x800000bc (0x0000006f)
core   0: 3 0x800000bc (0x0000006f)
core   0: 3 0x800000bc (0x0000006f)
core   0: 3 0x800000bc (0x0000006f)
core   0: 3 0x800000bc (0x0000006f)
core   0: 3 0x800000bc (0x0000006f)
core   0: 3 0x800000bc (0x0000006f)
core   0: 3 0x800000bc (0x0000006f)
core   0: 3 0x800000bc (0x0000006f)
core   0: 3 0x800000bc (0x0000006f)
core   0: 3 0x800000bc (0x0000006f)
core   0: 3 0x800000bc (0x0000006f)
core   0: 3 0x800000bc (0x0000006f)
core   0: 3 0x800000bc (0x0000006f)
core   0: 3 0x800000bc (0x0000006f)
core   0: 3 0x800000bc (0x0000006f)
core   0: 3 0x800000bc (0x0000006f)
core   0: 3 0x800000bc (0x0000006f)
core   0: 3 0x800000bc (0x0000006f)
core   0: 3 0x800000bc (0x0000006f)
core   0: 3 0x800000bc (0x0000006f)
core   0: 3 0x800000bc (0x0000006f)
core   0: 3 0x800000bc (0x0000006f)
core   0: 3 0x800000bc (0x0000006f)
core   0: 3 0x800000bc (0x0000006f)
core   0: 3 0x800000bc (0x0000006f)
core   0: 3 0x800000bc (0x0000006f)
core   0: 3 0x800000bc (0x0000006f)
core   0: 3 0x800000bc (0x0000006f)
core   0: 3 0x800000bc (0x0000006f)
core   0: 3 0x800000bc (0x0000006f)
core   0: 3 0x800000bc (0x0000006f)
core   0: 3 0x800000bc (0x0000006f)
core   0: 3 0x800000bc (0x0000006f)
core   0: 3 0x800000bc (0x0000006f)
core   0: 3 0x800000bc (0x0000006f)
core   0: 3 0x800000bc (0x0000006f)
core   0: 3 0x800000bc (0x0000006f)
core   0: 3 0x800000bc (0x0000006f)
core   0: 3 0x800000bc (0x0000006f)
core   0: 3 0x800000bc (0x0000006f)
core   0: 3 0x800000bc (0x0000006f)
core   0: 3 0x800000bc (0x0000006f)
core   0: 3 0x800000bc (0x0000006f)
core   0: 3 0x800000bc (0x0000006f)
core   0: 3 0x800000bc (0x0000006f)
core   0: 3 0x800000bc (0x0000006f)
core   0: 3 0x800000bc (0x0000006f)
core   0: 3 0x800000bc (0x0000006f)
core   0: 3 0x800000bc (0x0000006f)
core   0: 3 0x800000bc (0x0000006f)
core   0: 3 0x800000bc (0x0000006f)
core   0: 3 0x800000bc (0x0000006f)
core   0: 3 0x800000bc (0x0000006f)
core   0: 3 0x800000bc (0x0000006f)
core   0: 3 0x800000bc (0x0000006f)
core   0: 3 0x800000bc (0x0000006f)
core   0: 3 0x800000bc (0x0000006f)
core   0: 3 0x800000bc (0x0000006f)
core   0: 3 0x800000bc (0x0000006f)
core   0: 3 0x800000bc (0x0000006f)
core   0: 3 0x800000bc (0x0000006f)
core   0: 3 0x800000bc (0x0000006f)
core   0: 3 0x800000bc (0x0000006f)
core   0: 3 0x800000bc (0x0000006f)
core   0: 3 0x800000bc (0x0000006f)
core   0: 3 0x800000bc (0x0000006f)
core   0: 3 0x800000bc (0x0000006f)
core   0: 3 0x800000bc (0x0000006f)
core   0: 3 0x800000bc (0x0000006f)
core   0: 3 0x800000bc (0x0000006f)
core   0: 3 0x800000bc (0x0000006f)
core   0: 3 0x800000bc (0x0000006f)
core   0: 3 0x800000bc (0x0000006f)
core   0: 3 0x800000bc (0x0000006f)
core   0: 3 0x800000bc (0x0000006f)
core   0: 3 0x800000bc (0x0000006f)
core   0: 3 0x800000bc (0x0000006f)
core   0: 3 0x800000bc (0x0000006f)
core   0: 3 0x800000bc (0x0000006f)
core   0: 3 0x800000bc (0x0000006f)
core   0: 3 0x800000bc (0x0000006f)
core   0: 3 0x800000bc (0x0000006f)
core   0: 3 0x800000bc (0x0000006f)
core   0: 3 0x800000bc (0x0000006f)
core   0: 3 0x800000bc (0x0000006f)
core   0: 3 0x800000bc (0x0000006f)
core   0: 3 0x800000bc (0x0000006f)
core   0: 3 0x800000bc (0x0000006f)
core   0: 3 0x800000bc (0x0000006f)
core   0: 3 0x800000bc (0x0000006f)
core   0: 3 0x800000bc (0x0000006f)
core   0: 3 0x800000bc (0x0000006f)
core   0: 3 0x800000bc (0x0000006f)
core   0: 3 0x800000bc (0x0000006f)
core   0: 3 0x800000bc (0x0000006f)
core   0: 3 0x800000bc (0x0000006f)
core   0: 3 0x800000bc (0x0000006f)
core   0: 3 0x800000bc (0x0000006f)
core   0: 3 0x800000bc (0x0000006f)
core   0: 3 0x800000bc (0x0000006f)
core   0: 3 0x800000bc (0x0000006f)
core   0: 3 0x800000bc (0x0000006f)
core   0: 3 0x800000bc (0x0000006f)
core   0: 3 0x800000bc (0x0000006f)
core   0: 3 0x800000bc (0x0000006f)
core   0: 3 0x800000bc (0x0000006f)
core   0: 3 0x800000bc (0x0000006f)
core   0: 3 0x800000bc (0x0000006f)
core   0: 3 0x800000bc (0x0000006f)
core   0: 3 0x800000bc (0x0000006f)
core   0: 3 0x800000bc (0x0000006f)
core   0: 3 0x800000bc (0x0000006f)
core   0: 3 0x800000bc (0x0000006f)
core   0: 3 0x800000bc (0x0000006f)
core   0: 3 0x800000bc (0x0000006f)
core   0: 3 0x800000bc (0x0000006f)
core   0: 3 0x800000bc (0x0000006f)
core   0: 3 0x800000bc (0x0000006f)
core   0: 3 0x800000bc (0x0000006f)
core   0: 3 0x800000bc (0x0000006f)
core   0: 3 0x800000bc (0x0000006f)
core   0: 3 0x800000bc (0x0000006f)
core   0: 3 0x800000bc (0x0000006f)
core   0: 3 0x800000bc (0x0000006f)
core   0: 3 0x800000bc (0x0000006f)
core   0: 3 0x800000bc (0x0000006f)
core   0: 3 0x800000bc (0x0000006f)
core   0: 3 0x800000bc (0x0000006f)
core   0: 3 0x800000bc (0x0000006f)
core   0: 3 0x800000bc (0x0000006f)
core   0: 3 0x800000bc (0x0000006f)
core   0: 3 0x800000bc (0x0000006f)
core   0: 3 0x800000bc (0x0000006f)
core   0: 3 0x800000bc (0x0000006f)
core   0: 3 0x800000bc (0x0000006f)
core   0: 3 0x800000bc (0x0000006f)
core   0: 3 0x800000bc (0x0000006f)
core   0: 3 0x800000bc (0x0000006f)
core   0: 3 0x800000bc (0x0000006f)
core   0: 3 0x800000bc (0x0000006f)
core   0: 3 0x800000bc (0x0000006f)
core   0: 3 0x800000bc (0x0000006f)
core   0: 3 0x800000bc (0x0000006f)
core   0: 3 0x800000bc (0x0000006f)
core   0: 3 0x800000bc (0x0000006f)
core   0: 3 0x800000bc (0x0000006f)
core   0: 3 0x800000bc (0x0000006f)
core   0: 3 0x800000bc (0x0000006f)
core   0: 3 0x800000bc (0x0000006f)
core   0: 3 0x800000bc (0x0000006f)
core   0: 3 0x800000bc (0x0000006f)
core   0: 3 0x800000bc (0x0000006f)
core   0: 3 0x800000bc (0x0000006f)
core   0: 3 0x800000bc (0x0000006f)
core   0: 3 0x800000bc (0x0000006f)
core   0: 3 0x800000bc (0x0000006f)
core   0: 3 0x800000bc (0x0000006f)
core   0: 3 0x800000bc (0x0000006f)
core   0: 3 0x800000bc (0x0000006f)
core   0: 3 0x800000bc (0x0000006f)
core   0: 3 0x800000bc (0x0000006f)
core   0: 3 0x800000bc (0x0000006f)
core   0: 3 0x800000bc (0x0000006f)
core   0: 3 0x800000bc (0x0000006f)
core   0: 3 0x800000bc (0x0000006f)
core   0: 3 0x800000bc (0x0000006f)
core   0: 3 0x800000bc (0x0000006f)
core   0: 3 0x800000bc (0x0000006f)
core   0: 3 0x800000bc (0x0000006f)
core   0: 3 0x800000bc (0x0000006f)
core   0: 3 0x800000bc (0x0000006f)
core   0: 3 0x800000bc (0x0000006f)
core   0: 3 0x800000bc (0x0000006f)
core   0: 3 0x800000bc (0x0000006f)
core   0: 3 0x800000bc (0x0000006f)
core   0: 3 0x800000bc (0x0000006f)
core   0: 3 0x800000bc (0x0000006f)
core   0: 3 0x800000bc (0x0000006f)
core   0: 3 0x800000bc (0x0000006f)
core   0: 3 0x800000bc (0x0000006f)
core   0: 3 0x800000bc (0x0000006f)
core   0: 3 0x800000bc (0x0000006f)
core   0: 3 0x800000bc (0x0000006f)
core   0: 3 0x800000bc (0x0000006f)
core   0: 3 0x800000bc (0x0000006f)
core   0: 3 0x800000bc (0x0000006f)
core   0: 3 0x800000bc (0x0000006f)
core   0: 3 0x800000bc (0x0000006f)
core   0: 3 0x800000bc (0x0000006f)
core   0: 3 0x800000bc (0x0000006f)
core   0: 3 0x800000bc (0x0000006f)
core   0: 3 0x800000bc (0x0000006f)
core   0: 3 0x800000bc (0x0000006f)
core   0: 3 0x800000bc (0x0000006f)
core   0: 3 0x800000bc (0x0000006f)
core   0: 3 0x800000bc (0x0000006f)
core   0: 3 0x800000bc (0x0000006f)
core   0: 3 0x800000bc (0x0000006f)
core   0: 3 0x800000bc (0x0000006f)
core   0: 3 0x800000bc (0x0000006f)
core   0: 3 0x800000bc (0x0000006f)
core   0: 3 0x800000bc (0x0000006f)
core   0: 3 0x800000bc (0x0000006f)
core   0: 3 0x800000bc (0x0000006f)
core   0: 3 0x800000bc (0x0000006f)
core   0: 3 0x800000bc (0x0000006f)
core   0: 3 0x800000bc (0x0000006f)
core   0: 3 0x800000bc (0x0000006f)
core   0: 3 0x800000bc (0x0000006f)
core   0: 3 0x800000bc (0x0000006f)
core   0: 3 0x800000bc (0x0000006f)
core   0: 3 0x800000bc (0x0000006f)
core   0: 3 0x800000bc (0x0000006f)
core   0: 3 0x800000bc (0x0000006f)
core   0: 3 0x800000bc (0x0000006f)
core   0: 3 0x800000bc (0x0000006f)
core   0: 3 0x800000bc (0x0000006f)
core   0: 3 0x800000bc (0x0000006f)
core   0: 3 0x800000bc (0x0000006f)
core   0: 3 0x800000bc (0x0000006f)
core   0: 3 0x800000bc (0x0000006f)
core   0: 3 0x800000bc (0x0000006f)
core   0: 3 0x800000bc (0x0000006f)
core   0: 3 0x800000bc (0x0000006f)
core   0: 3 0x800000bc (0x0000006f)
core   0: 3 0x800000bc (0x0000006f)
core   0: 3 0x800000bc (0x0000006f)
core   0: 3 0x800000bc (0x0000006f)
core   0: 3 0x800000bc (0x0000006f)
core   0: 3 0x800000bc (0x0000006f)
core   0: 3 0x800000bc (0x0000006f)
core   0: 3 0x800000bc (0x0000006f)
core   0: 3 0x800000bc (0x0000006f)
core   0: 3 0x800000bc (0x0000006f)
core   0: 3 0x800000bc (0x0000006f)
core   0: 3 0x800000bc (0x0000006f)
core   0: 3 0x800000bc (0x0000006f)
core   0: 3 0x800000bc (0x0000006f)
core   0: 3 0x800000bc (0x0000006f)
core   0: 3 0x800000bc (0x0000006f)
core   0: 3 0x800000bc (0x0000006f)
core   0: 3 0x800000bc (0x0000006f)
core   0: 3 0x800000bc (0x0000006f)
core   0: 3 0x800000bc (0x0000006f)
core   0: 3 0x800000bc (0x0000006f)
core   0: 3 0x800000bc (0x0000006f)
core   0: 3 0x800000bc (0x0000006f)
core   0: 3 0x800000bc (0x0000006f)
core   0: 3 0x800000bc (0x0000006f)
core   0: 3 0x800000bc (0x0000006f)
core   0: 3 0x800000bc (0x0000006f)
core   0: 3 0x800000bc (0x0000006f)
core   0: 3 0x800000bc (0x0000006f)
core   0: 3 0x800000bc (0x0000006f)
core   0: 3 0x800000bc (0x0000006f)
core   0: 3 0x800000bc (0x0000006f)
core   0: 3 0x800000bc (0x0000006f)
core   0: 3 0x800000bc (0x0000006f)
core   0: 3 0x800000bc (0x0000006f)
core   0: 3 0x800000bc (0x0000006f)
core   0: 3 0x800000bc (0x0000006f)
core   0: 3 0x800000bc (0x0000006f)
core   0: 3 0x800000bc (0x0000006f)
core   0: 3 0x800000bc (0x0000006f)
core   0: 3 0x800000bc (0x0000006f)
core   0: 3 0x800000bc (0x0000006f)
core   0: 3 0x800000bc (0x0000006f)
core   0: 3 0x800000bc (0x0000006f)
core   0: 3 0x800000bc (0x0000006f)
core   0: 3 0x800000bc (0x0000006f)
core   0: 3 0x800000bc (0x0000006f)
core   0: 3 0x800000bc (0x0000006f)
core   0: 3 0x800000bc (0x0000006f)
core   0: 3 0x800000bc (0x0000006f)
core   0: 3 0x800000bc (0x0000006f)
core   0: 3 0x800000bc (0x0000006f)
core   0: 3 0x800000bc (0x0000006f)
core   0: 3 0x800000bc (0x0000006f)
core   0: 3 0x800000bc (0x0000006f)
core   0: 3 0x800000bc (0x0000006f)
core   0: 3 0x800000bc (0x0000006f)
core   0: 3 0x800000bc (0x0000006f)
core   0: 3 0x800000bc (0x0000006f)
core   0: 3 0x800000bc (0x0000006f)
core   0: 3 0x800000bc (0x0000006f)
core   0: 3 0x800000bc (0x0000006f)
core   0: 3 0x800000bc (0x0000006f)
core   0: 3 0x800000bc (0x0000006f)
core   0: 3 0x800000bc (0x0000006f)
core   0: 3 0x800000bc (0x0000006f)
core   0: 3 0x800000bc (0x0000006f)
core   0: 3 0x800000bc (0x0000006f)
core   0: 3 0x800000bc (0x0000006f)
core   0: 3 0x800000bc (0x0000006f)
core   0: 3 0x800000bc (0x0000006f)
core   0: 3 0x800000bc (0x0000006f)
core   0: 3 0x800000bc (0x0000006f)
core   0: 3 0x800000bc (0x0000006f)
core   0: 3 0x800000bc (0x0000006f)
core   0: 3 0x800000bc (0x0000006f)
core   0: 3 0x800000bc (0x0000006f)
core   0: 3 0x800000bc (0x0000006f)
core   0: 3 0x800000bc (0x0000006f)
core   0: 3 0x800000bc (0x0000006f)
core   0: 3 0x800000bc (0x0000006f)
core   0: 3 0x800000bc (0x0000006f)
core   0: 3 0x800000bc (0x0000006f)
core   0: 3 0x800000bc (0x0000006f)
core   0: 3 0x800000bc (0x0000006f)
core   0: 3 0x800000bc (0x0000006f)
core   0: 3 0x800000bc (0x0000006f)
core   0: 3 0x800000bc (0x0000006f)
core   0: 3 0x800000bc (0x0000006f)
core   0: 3 0x800000bc (0x0000006f)
core   0: 3 0x800000bc (0x0000006f)
core   0: 3 0x800000bc (0x0000006f)
core   0: 3 0x800000bc (0x0000006f)
core   0: 3 0x800000bc (0x0000006f)
core   0: 3 0x800000bc (0x0000006f)
core   0: 3 0x800000bc (0x0000006f)
core   0: 3 0x800000bc (0x0000006f)
core   0: 3 0x800000bc (0x0000006f)
core   0: 3 0x800000bc (0x0000006f)
core   0: 3 0x800000bc (0x0000006f)
core   0: 3 0x800000bc (0x0000006f)
core   0: 3 0x800000bc (0x0000006f)
core   0: 3 0x800000bc (0x0000006f)
core   0: 3 0x800000bc (0x0000006f)
core   0: 3 0x800000bc (0x0000006f)
core   0: 3 0x800000bc (0x0000006f)
core   0: 3 0x800000bc (0x0000006f)
core   0: 3 0x800000bc (0x0000006f)
core   0: 3 0x800000bc (0x0000006f)
core   0: 3 0x800000bc (0x0000006f)
core   0: 3 0x800000bc (0x0000006f)
core   0: 3 0x800000bc (0x0000006f)
core   0: 3 0x800000bc (0x0000006f)
core   0: 3 0x800000bc (0x0000006f)
core   0: 3 0x800000bc (0x0000006f)
core   0: 3 0x800000bc (0x0000006f)
core   0: 3 0x800000bc (0x0000006f)
core   0: 3 0x800000bc (0x0000006f)
core   0: 3 0x800000bc (0x0000006f)
core   0: 3 0x800000bc (0x0000006f)
core   0: 3 0x800000bc (0x0000006f)
core   0: 3 0x800000bc (0x0000006f)
core   0: 3 0x800000bc (0x0000006f)
core   0: 3 0x800000bc (0x0000006f)
core   0: 3 0x800000bc (0x0000006f)
core   0: 3 0x800000bc (0x0000006f)
core   0: 3 0x800000bc (0x0000006f)
core   0: 3 0x800000bc (0x0000006f)
core   0: 3 0x800000bc (0x0000006f)
core   0: 3 0x800000bc (0x0000006f)
core   0: 3 0x800000bc (0x0000006f)
core   0: 3 0x800000bc (0x0000006f)
core   0: 3 0x800000bc (0x0000006f)
core   0: 3 0x800000bc (0x0000006f)
core   0: 3 0x800000bc (0x0000006f)
core   0: 3 0x800000bc (0x0000006f)
core   0: 3 0x800000bc (0x0000006f)
core   0: 3 0x800000bc (0x0000006f)
core   0: 3 0x800000bc (0x0000006f)
core   0: 3 0x800000bc (0x0000006f)
core   0: 3 0x800000bc (0x0000006f)
core   0: 3 0x800000bc (0x0000006f)
core   0: 3 0x800000bc (0x0000006f)
core   0: 3 0x800000bc (0x0000006f)
core   0: 3 0x800000bc (0x0000006f)
core   0: 3 0x800000bc (0x0000006f)
core   0: 3 0x800000bc (0x0000006f)
core   0: 3 0x800000bc (0x0000006f)
core   0: 3 0x800000bc (0x0000006f)
core   0: 3 0x800000bc (0x0000006f)
core   0: 3 0x800000bc (0x0000006f)
core   0: 3 0x800000bc (0x0000006f)
core   0: 3 0x800000bc (0x0000006f)
core   0: 3 0x800000bc (0x0000006f)
core   0: 3 0x800000bc (0x0000006f)
core   0: 3 0x800000bc (0x0000006f)
core   0: 3 0x800000bc (0x0000006f)
core   0: 3 0x800000bc (0x0000006f)
core   0: 3 0x800000bc (0x0000006f)
core   0: 3 0x800000bc (0x0000006f)
core   0: 3 0x800000bc (0x0000006f)
core   0: 3 0x800000bc (0x0000006f)
core   0: 3 0x800000bc (0x0000006f)
core   0: 3 0x800000bc (0x0000006f)
core   0: 3 0x800000bc (0x0000006f)
core   0: 3 0x800000bc (0x0000006f)
core   0: 3 0x800000bc (0x0000006f)
core   0: 3 0x800000bc (0x0000006f)
core   0: 3 0x800000bc (0x0000006f)
core   0: 3 0x800000bc (0x0000006f)
core   0: 3 0x800000bc (0x0000006f)
core   0: 3 0x800000bc (0x0000006f)
core   0: 3 0x800000bc (0x0000006f)
core   0: 3 0x800000bc (0x0000006f)
core   0: 3 0x800000bc (0x0000006f)
core   0: 3 0x800000bc (0x0000006f)
core   0: 3 0x800000bc (0x0000006f)
core   0: 3 0x800000bc (0x0000006f)
core   0: 3 0x800000bc (0x0000006f)
core   0: 3 0x800000bc (0x0000006f)
core   0: 3 0x800000bc (0x0000006f)
core   0: 3 0x800000bc (0x0000006f)
core   0: 3 0x800000bc (0x0000006f)
core   0: 3 0x800000bc (0x0000006f)
core   0: 3 0x800000bc (0x0000006f)
core   0: 3 0x800000bc (0x0000006f)
core   0: 3 0x800000bc (0x0000006f)
core   0: 3 0x800000bc (0x0000006f)
core   0: 3 0x800000bc (0x0000006f)
core   0: 3 0x800000bc (0x0000006f)
core   0: 3 0x800000bc (0x0000006f)
core   0: 3 0x800000bc (0x0000006f)
core   0: 3 0x800000bc (0x0000006f)
core   0: 3 0x800000bc (0x0000006f)
core   0: 3 0x800000bc (0x0000006f)
core   0: 3 0x800000bc (0x0000006f)
core   0: 3 0x800000bc (0x0000006f)
core   0: 3 0x800000bc (0x0000006f)
core   0: 3 0x800000bc (0x0000006f)
core   0: 3 0x800000bc (0x0000006f)
core   0: 3 0x800000bc (0x0000006f)
core   0: 3 0x800000bc (0x0000006f)
core   0: 3 0x800000bc (0x0000006f)
core   0: 3 0x800000bc (0x0000006f)
core   0: 3 0x800000bc (0x0000006f)
core   0: 3 0x800000bc (0x0000006f)
core   0: 3 0x800000bc (0x0000006f)
core   0: 3 0x800000bc (0x0000006f)
core   0: 3 0x800000bc (0x0000006f)
core   0: 3 0x800000bc (0x0000006f)
core   0: 3 0x800000bc (0x0000006f)
core   0: 3 0x800000bc (0x0000006f)
core   0: 3 0x800000bc (0x0000006f)
core   0: 3 0x800000bc (0x0000006f)
core   0: 3 0x800000bc (0x0000006f)
core   0: 3 0x800000bc (0x0000006f)
core   0: 3 0x800000bc (0x0000006f)
core   0: 3 0x800000bc (0x0000006f)
core   0: 3 0x800000bc (0x0000006f)
core   0: 3 0x800000bc (0x0000006f)
core   0: 3 0x800000bc (0x0000006f)
core   0: 3 0x800000bc (0x0000006f)
core   0: 3 0x800000bc (0x0000006f)
core   0: 3 0x800000bc (0x0000006f)
core   0: 3 0x800000bc (0x0000006f)
core   0: 3 0x800000bc (0x0000006f)
core   0: 3 0x800000bc (0x0000006f)
core   0: 3 0x800000bc (0x0000006f)
core   0: 3 0x800000bc (0x0000006f)
core   0: 3 0x800000bc (0x0000006f)
core   0: 3 0x800000bc (0x0000006f)
core   0: 3 0x800000bc (0x0000006f)
core   0: 3 0x800000bc (0x0000006f)
core   0: 3 0x800000bc (0x0000006f)
core   0: 3 0x800000bc (0x0000006f)
core   0: 3 0x800000bc (0x0000006f)
core   0: 3 0x800000bc (0x0000006f)
core   0: 3 0x800000bc (0x0000006f)
core   0: 3 0x800000bc (0x0000006f)
core   0: 3 0x800000bc (0x0000006f)
core   0: 3 0x800000bc (0x0000006f)
core   0: 3 0x800000bc (0x0000006f)
core   0: 3 0x800000bc (0x0000006f)
core   0: 3 0x800000bc (0x0000006f)
core   0: 3 0x800000bc (0x0000006f)
core   0: 3 0x800000bc (0x0000006f)
core   0: 3 0x800000bc (0x0000006f)
core   0: 3 0x800000bc (0x0000006f)
core   0: 3 0x800000bc (0x0000006f)
core   0: 3 0x800000bc (0x0000006f)
core   0: 3 0x800000bc (0x0000006f)
core   0: 3 0x800000bc (0x0000006f)
core   0: 3 0x800000bc (0x0000006f)
core   0: 3 0x800000bc (0x0000006f)
core   0: 3 0x800000bc (0x0000006f)
core   0: 3 0x800000bc (0x0000006f)
core   0: 3 0x800000bc (0x0000006f)
core   0: 3 0x800000bc (0x0000006f)
core   0: 3 0x800000bc (0x0000006f)
core   0: 3 0x800000bc (0x0000006f)
core   0: 3 0x800000bc (0x0000006f)
core   0: 3 0x800000bc (0x0000006f)
core   0: 3 0x800000bc (0x0000006f)
core   0: 3 0x800000bc (0x0000006f)
core   0: 3 0x800000bc (0x0000006f)
core   0: 3 0x800000bc (0x0000006f)
core   0: 3 0x800000bc (0x0000006f)
core   0: 3 0x800000bc (0x0000006f)
core   0: 3 0x800000bc (0x0000006f)
core   0: 3 0x800000bc (0x0000006f)
core   0: 3 0x800000bc (0x0000006f)
core   0: 3 0x800000bc (0x0000006f)
core   0: 3 0x800000bc (0x0000006f)
core   0: 3 0x800000bc (0x0000006f)
core   0: 3 0x800000bc (0x0000006f)
core   0: 3 0x800000bc (0x0000006f)
core   0: 3 0x800000bc (0x0000006f)
core   0: 3 0x800000bc (0x0000006f)
core   0: 3 0x800000bc (0x0000006f)
core   0: 3 0x800000bc (0x0000006f)
core   0: 3 0x800000bc (0x0000006f)
core   0: 3 0x800000bc (0x0000006f)
core   0: 3 0x800000bc (0x0000006f)
core   0: 3 0x800000bc (0x0000006f)
core   0: 3 0x800000bc (0x0000006f)
core   0: 3 0x800000bc (0x0000006f)
core   0: 3 0x800000bc (0x0000006f)
core   0: 3 0x800000bc (0x0000006f)
core   0: 3 0x800000bc (0x0000006f)
core   0: 3 0x800000bc (0x0000006f)
core   0: 3 0x800000bc (0x0000006f)
core   0: 3 0x800000bc (0x0000006f)
core   0: 3 0x800000bc (0x0000006f)
core   0: 3 0x800000bc (0x0000006f)
core   0: 3 0x800000bc (0x0000006f)
core   0: 3 0x800000bc (0x0000006f)
core   0: 3 0x800000bc (0x0000006f)
core   0: 3 0x800000bc (0x0000006f)
core   0: 3 0x800000bc (0x0000006f)
core   0: 3 0x800000bc (0x0000006f)
core   0: 3 0x800000bc (0x0000006f)
core   0: 3 0x800000bc (0x0000006f)
core   0: 3 0x800000bc (0x0000006f)
core   0: 3 0x800000bc (0x0000006f)
core   0: 3 0x800000bc (0x0000006f)
core   0: 3 0x800000bc (0x0000006f)
core   0: 3 0x800000bc (0x0000006f)
core   0: 3 0x800000bc (0x0000006f)
core   0: 3 0x800000bc (0x0000006f)
core   0: 3 0x800000bc (0x0000006f)
core   0: 3 0x800000bc (0x0000006f)
core   0: 3 0x800000bc (0x0000006f)
core   0: 3 0x800000bc (0x0000006f)
core   0: 3 0x800000bc (0x0000006f)
core   0: 3 0x800000bc (0x0000006f)
core   0: 3 0x800000bc (0x0000006f)
core   0: 3 0x800000bc (0x0000006f)
core   0: 3 0x800000bc (0x0000006f)
core   0: 3 0x800000bc (0x0000006f)
core   0: 3 0x800000bc (0x0000006f)
core   0: 3 0x800000bc (0x0000006f)
core   0: 3 0x800000bc (0x0000006f)
core   0: 3 0x800000bc (0x0000006f)
core   0: 3 0x800000bc (0x0000006f)
core   0: 3 0x800000bc (0x0000006f)
core   0: 3 0x800000bc (0x0000006f)
core   0: 3 0x800000bc (0x0000006f)
core   0: 3 0x800000bc (0x0000006f)
core   0: 3 0x800000bc (0x0000006f)
core   0: 3 0x800000bc (0x0000006f)
core   0: 3 0x800000bc (0x0000006f)
core   0: 3 0x800000bc (0x0000006f)
core   0: 3 0x800000bc (0x0000006f)
core   0: 3 0x800000bc (0x0000006f)
core   0: 3 0x800000bc (0x0000006f)
core   0: 3 0x800000bc (0x0000006f)
core   0: 3 0x800000bc (0x0000006f)
core   0: 3 0x800000bc (0x0000006f)
core   0: 3 0x800000bc (0x0000006f)
core   0: 3 0x800000bc (0x0000006f)
core   0: 3 0x800000bc (0x0000006f)
core   0: 3 0x800000bc (0x0000006f)
core   0: 3 0x800000bc (0x0000006f)
core   0: 3 0x800000bc (0x0000006f)
core   0: 3 0x800000bc (0x0000006f)
core   0: 3 0x800000bc (0x0000006f)
core   0: 3 0x800000bc (0x0000006f)
core   0: 3 0x800000bc (0x0000006f)
core   0: 3 0x800000bc (0x0000006f)
core   0: 3 0x800000bc (0x0000006f)
core   0: 3 0x800000bc (0x0000006f)
core   0: 3 0x800000bc (0x0000006f)
core   0: 3 0x800000bc (0x0000006f)
core   0: 3 0x800000bc (0x0000006f)
core   0: 3 0x800000bc (0x0000006f)
core   0: 3 0x800000bc (0x0000006f)
core   0: 3 0x800000bc (0x0000006f)
core   0: 3 0x800000bc (0x0000006f)
core   0: 3 0x800000bc (0x0000006f)
core   0: 3 0x800000bc (0x0000006f)
core   0: 3 0x800000bc (0x0000006f)
core   0: 3 0x800000bc (0x0000006f)
core   0: 3 0x800000bc (0x0000006f)
core   0: 3 0x800000bc (0x0000006f)
core   0: 3 0x800000bc (0x0000006f)
core   0: 3 0x800000bc (0x0000006f)
core   0: 3 0x800000bc (0x0000006f)
core   0: 3 0x800000bc (0x0000006f)
core   0: 3 0x800000bc (0x0000006f)
core   0: 3 0x800000bc (0x0000006f)
core   0: 3 0x800000bc (0x0000006f)
core   0: 3 0x800000bc (0x0000006f)
core   0: 3 0x800000bc (0x0000006f)
core   0: 3 0x800000bc (0x0000006f)
core   0: 3 0x800000bc (0x0000006f)
core   0: 3 0x800000bc (0x0000006f)
core   0: 3 0x800000bc (0x0000006f)
core   0: 3 0x800000bc (0x0000006f)
core   0: 3 0x800000bc (0x0000006f)
core   0: 3 0x800000bc (0x0000006f)
core   0: 3 0x800000bc (0x0000006f)
core   0: 3 0x800000bc (0x0000006f)
core   0: 3 0x800000bc (0x0000006f)
core   0: 3 0x800000bc (0x0000006f)
core   0: 3 0x800000bc (0x0000006f)
core   0: 3 0x800000bc (0x0000006f)
core   0: 3 0x800000bc (0x0000006f)
core   0: 3 0x800000bc (0x0000006f)
core   0: 3 0x800000bc (0x0000006f)
core   0: 3 0x800000bc (0x0000006f)
core   0: 3 0x800000bc (0x0000006f)
core   0: 3 0x800000bc (0x0000006f)
core   0: 3 0x800000bc (0x0000006f)
core   0: 3 0x800000bc (0x0000006f)
core   0: 3 0x800000bc (0x0000006f)
core   0: 3 0x800000bc (0x0000006f)
core   0: 3 0x800000bc (0x0000006f)
core   0: 3 0x800000bc (0x0000006f)
core   0: 3 0x800000bc (0x0000006f)
core   0: 3 0x800000bc (0x0000006f)
core   0: 3 0x800000bc (0x0000006f)
core   0: 3 0x800000bc (0x0000006f)
core   0: 3 0x800000bc (0x0000006f)
core   0: 3 0x800000bc (0x0000006f)
core   0: 3 0x800000bc (0x0000006f)
core   0: 3 0x800000bc (0x0000006f)
core   0: 3 0x800000bc (0x0000006f)
core   0: 3 0x800000bc (0x0000006f)
core   0: 3 0x800000bc (0x0000006f)
core   0: 3 0x800000bc (0x0000006f)
core   0: 3 0x800000bc (0x0000006f)
core   0: 3 0x800000bc (0x0000006f)
core   0: 3 0x800000bc (0x0000006f)
core   0: 3 0x800000bc (0x0000006f)
core   0: 3 0x800000bc (0x0000006f)
core   0: 3 0x800000bc (0x0000006f)
core   0: 3 0x800000bc (0x0000006f)
core   0: 3 0x800000bc (0x0000006f)
core   0: 3 0x800000bc (0x0000006f)
core   0: 3 0x800000bc (0x0000006f)
core   0: 3 0x800000bc (0x0000006f)
core   0: 3 0x800000bc (0x0000006f)
core   0: 3 0x800000bc (0x0000006f)
core   0: 3 0x800000bc (0x0000006f)
core   0: 3 0x800000bc (0x0000006f)
core   0: 3 0x800000bc (0x0000006f)
core   0: 3 0x800000bc (0x0000006f)
core   0: 3 0x800000bc (0x0000006f)
core   0: 3 0x800000bc (0x0000006f)
core   0: 3 0x800000bc (0x0000006f)
core   0: 3 0x800000bc (0x0000006f)
core   0: 3 0x800000bc (0x0000006f)
core   0: 3 0x800000bc (0x0000006f)
core   0: 3 0x800000bc (0x0000006f)
core   0: 3 0x800000bc (0x0000006f)
core   0: 3 0x800000bc (0x0000006f)
core   0: 3 0x800000bc (0x0000006f)
core   0: 3 0x800000bc (0x0000006f)
core   0: 3 0x800000bc (0x0000006f)
core   0: 3 0x800000bc (0x0000006f)
core   0: 3 0x800000bc (0x0000006f)
core   0: 3 0x800000bc (0x0000006f)
core   0: 3 0x800000bc (0x0000006f)
core   0: 3 0x800000bc (0x0000006f)
core   0: 3 0x800000bc (0x0000006f)
core   0: 3 0x800000bc (0x0000006f)
core   0: 3 0x800000bc (0x0000006f)
core   0: 3 0x800000bc (0x0000006f)
core   0: 3 0x800000bc (0x0000006f)
core   0: 3 0x800000bc (0x0000006f)
core   0: 3 0x800000bc (0x0000006f)
core   0: 3 0x800000bc (0x0000006f)
core   0: 3 0x800000bc (0x0000006f)
core   0: 3 0x800000bc (0x0000006f)
core   0: 3 0x800000bc (0x0000006f)
core   0: 3 0x800000bc (0x0000006f)
core   0: 3 0x800000bc (0x0000006f)
core   0: 3 0x800000bc (0x0000006f)
core   0: 3 0x800000bc (0x0000006f)
core   0: 3 0x800000bc (0x0000006f)
core   0: 3 0x800000bc (0x0000006f)
core   0: 3 0x800000bc (0x0000006f)
core   0: 3 0x800000bc (0x0000006f)
core   0: 3 0x800000bc (0x0000006f)
core   0: 3 0x800000bc (0x0000006f)
core   0: 3 0x800000bc (0x0000006f)
core   0: 3 0x800000bc (0x0000006f)
core   0: 3 0x800000bc (0x0000006f)
core   0: 3 0x800000bc (0x0000006f)
core   0: 3 0x800000bc (0x0000006f)
core   0: 3 0x800000bc (0x0000006f)
core   0: 3 0x800000bc (0x0000006f)
core   0: 3 0x800000bc (0x0000006f)
core   0: 3 0x800000bc (0x0000006f)
core   0: 3 0x800000bc (0x0000006f)
core   0: 3 0x800000bc (0x0000006f)
core   0: 3 0x800000bc (0x0000006f)
core   0: 3 0x800000bc (0x0000006f)
core   0: 3 0x800000bc (0x0000006f)
core   0: 3 0x800000bc (0x0000006f)
core   0: 3 0x800000bc (0x0000006f)
core   0: 3 0x800000bc (0x0000006f)
core   0: 3 0x800000bc (0x0000006f)
core   0: 3 0x800000bc (0x0000006f)
core   0: 3 0x800000bc (0x0000006f)
core   0: 3 0x800000bc (0x0000006f)
core   0: 3 0x800000bc (0x0000006f)
core   0: 3 0x800000bc (0x0000006f)
core   0: 3 0x800000bc (0x0000006f)
core   0: 3 0x800000bc (0x0000006f)
core   0: 3 0x800000bc (0x0000006f)
core   0: 3 0x800000bc (0x0000006f)
core   0: 3 0x800000bc (0x0000006f)
core   0: 3 0x800000bc (0x0000006f)
core   0: 3 0x800000bc (0x0000006f)
core   0: 3 0x800000bc (0x0000006f)
core   0: 3 0x800000bc (0x0000006f)
core   0: 3 0x800000bc (0x0000006f)
core   0: 3 0x800000bc (0x0000006f)
core   0: 3 0x800000bc (0x0000006f)
core   0: 3 0x800000bc (0x0000006f)
core   0: 3 0x800000bc (0x0000006f)
core   0: 3 0x800000bc (0x0000006f)
core   0: 3 0x800000bc (0x0000006f)
core   0: 3 0x800000bc (0x0000006f)
core   0: 3 0x800000bc (0x0000006f)
core   0: 3 0x800000bc (0x0000006f)
core   0: 3 0x800000bc (0x0000006f)
core   0: 3 0x800000bc (0x0000006f)
core   0: 3 0x800000bc (0x0000006f)
core   0: 3 0x800000bc (0x0000006f)
core   0: 3 0x800000bc (0x0000006f)
core   0: 3 0x800000bc (0x0000006f)
core   0: 3 0x800000bc (0x0000006f)
core   0: 3 0x800000bc (0x0000006f)
core   0: 3 0x800000bc (0x0000006f)
core   0: 3 0x800000bc (0x0000006f)
core   0: 3 0x800000bc (0x0000006f)
core   0: 3 0x800000bc (0x0000006f)
core   0: 3 0x800000bc (0x0000006f)
core   0: 3 0x800000bc (0x0000006f)
core   0: 3 0x800000bc (0x0000006f)
core   0: 3 0x800000bc (0x0000006f)
core   0: 3 0x800000bc (0x0000006f)
core   0: 3 0x800000bc (0x0000006f)
core   0: 3 0x800000bc (0x0000006f)
core   0: 3 0x800000bc (0x0000006f)
core   0: 3 0x800000bc (0x0000006f)
core   0: 3 0x800000bc (0x0000006f)
core   0: 3 0x800000bc (0x0000006f)
core   0: 3 0x800000bc (0x0000006f)
core   0: 3 0x800000bc (0x0000006f)
core   0: 3 0x800000bc (0x0000006f)
core   0: 3 0x800000bc (0x0000006f)
core   0: 3 0x800000bc (0x0000006f)
core   0: 3 0x800000bc (0x0000006f)
core   0: 3 0x800000bc (0x0000006f)
core   0: 3 0x800000bc (0x0000006f)
core   0: 3 0x800000bc (0x0000006f)
core   0: 3 0x800000bc (0x0000006f)
core   0: 3 0x800000bc (0x0000006f)
core   0: 3 0x800000bc (0x0000006f)
core   0: 3 0x800000bc (0x0000006f)
core   0: 3 0x800000bc (0x0000006f)
core   0: 3 0x800000bc (0x0000006f)
core   0: 3 0x800000bc (0x0000006f)
core   0: 3 0x800000bc (0x0000006f)
core   0: 3 0x800000bc (0x0000006f)
core   0: 3 0x800000bc (0x0000006f)
core   0: 3 0x800000bc (0x0000006f)
core   0: 3 0x800000bc (0x0000006f)
core   0: 3 0x800000bc (0x0000006f)
core   0: 3 0x800000bc (0x0000006f)
core   0: 3 0x800000bc (0x0000006f)
core   0: 3 0x800000bc (0x0000006f)
core   0: 3 0x800000bc (0x0000006f)
core   0: 3 0x800000bc (0x0000006f)
core   0: 3 0x800000bc (0x0000006f)
core   0: 3 0x800000bc (0x0000006f)
core   0: 3 0x800000bc (0x0000006f)
core   0: 3 0x800000bc (0x0000006f)
core   0: 3 0x800000bc (0x0000006f)
core   0: 3 0x800000bc (0x0000006f)
core   0: 3 0x800000bc (0x0000006f)
core   0: 3 0x800000bc (0x0000006f)
core   0: 3 0x800000bc (0x0000006f)
core   0: 3 0x800000bc (0x0000006f)
core   0: 3 0x800000bc (0x0000006f)
core   0: 3 0x800000bc (0x0000006f)
core   0: 3 0x800000bc (0x0000006f)
core   0: 3 0x800000bc (0x0000006f)
core   0: 3 0x800000bc (0x0000006f)
core   0: 3 0x800000bc (0x0000006f)
core   0: 3 0x800000bc (0x0000006f)
core   0: 3 0x800000bc (0x0000006f)
core   0: 3 0x800000bc (0x0000006f)
core   0: 3 0x800000bc (0x0000006f)
core   0: 3 0x800000bc (0x0000006f)
core   0: 3 0x800000bc (0x0000006f)
core   0: 3 0x800000bc (0x0000006f)
core   0: 3 0x800000bc (0x0000006f)
core   0: 3 0x800000bc (0x0000006f)
core   0: 3 0x800000bc (0x0000006f)
core   0: 3 0x800000bc (0x0000006f)
core   0: 3 0x800000bc (0x0000006f)
core   0: 3 0x800000bc (0x0000006f)
core   0: 3 0x800000bc (0x0000006f)
core   0: 3 0x800000bc (0x0000006f)
core   0: 3 0x800000bc (0x0000006f)
core   0: 3 0x800000bc (0x0000006f)
core   0: 3 0x800000bc (0x0000006f)
core   0: 3 0x800000bc (0x0000006f)
core   0: 3 0x800000bc (0x0000006f)
core   0: 3 0x800000bc (0x0000006f)
core   0: 3 0x800000bc (0x0000006f)
core   0: 3 0x800000bc (0x0000006f)
core   0: 3 0x800000bc (0x0000006f)
core   0: 3 0x800000bc (0x0000006f)
core   0: 3 0x800000bc (0x0000006f)
core   0: 3 0x800000bc (0x0000006f)
core   0: 3 0x800000bc (0x0000006f)
core   0: 3 0x800000bc (0x0000006f)
core   0: 3 0x800000bc (0x0000006f)
core   0: 3 0x800000bc (0x0000006f)
core   0: 3 0x800000bc (0x0000006f)
core   0: 3 0x800000bc (0x0000006f)
core   0: 3 0x800000bc (0x0000006f)
core   0: 3 0x800000bc (0x0000006f)
core   0: 3 0x800000bc (0x0000006f)
core   0: 3 0x800000bc (0x0000006f)
core   0: 3 0x800000bc (0x0000006f)
core   0: 3 0x800000bc (0x0000006f)
core   0: 3 0x800000bc (0x0000006f)
core   0: 3 0x800000bc (0x0000006f)
core   0: 3 0x800000bc (0x0000006f)
core   0: 3 0x800000bc (0x0000006f)
core   0: 3 0x800000bc (0x0000006f)
core   0: 3 0x800000bc (0x0000006f)
core   0: 3 0x800000bc (0x0000006f)
core   0: 3 0x800000bc (0x0000006f)
core   0: 3 0x800000bc (0x0000006f)
core   0: 3 0x800000bc (0x0000006f)
core   0: 3 0x800000bc (0x0000006f)
core   0: 3 0x800000bc (0x0000006f)
core   0: 3 0x800000bc (0x0000006f)
core   0: 3 0x800000bc (0x0000006f)
core   0: 3 0x800000bc (0x0000006f)
core   0: 3 0x800000bc (0x0000006f)
core   0: 3 0x800000bc (0x0000006f)
core   0: 3 0x800000bc (0x0000006f)
core   0: 3 0x800000bc (0x0000006f)
core   0: 3 0x800000bc (0x0000006f)
core   0: 3 0x800000bc (0x0000006f)
core   0: 3 0x800000bc (0x0000006f)
core   0: 3 0x800000bc (0x0000006f)
core   0: 3 0x800000bc (0x0000006f)
core   0: 3 0x800000bc (0x0000006f)
core   0: 3 0x800000bc (0x0000006f)
core   0: 3 0x800000bc (0x0000006f)
core   0: 3 0x800000bc (0x0000006f)
core   0: 3 0x800000bc (0x0000006f)
core   0: 3 0x800000bc (0x0000006f)
core   0: 3 0x800000bc (0x0000006f)
core   0: 3 0x800000bc (0x0000006f)
core   0: 3 0x800000bc (0x0000006f)
core   0: 3 0x800000bc (0x0000006f)
core   0: 3 0x800000bc (0x0000006f)
core   0: 3 0x800000bc (0x0000006f)
core   0: 3 0x800000bc (0x0000006f)
core   0: 3 0x800000bc (0x0000006f)
core   0: 3 0x800000bc (0x0000006f)
core   0: 3 0x800000bc (0x0000006f)
core   0: 3 0x800000bc (0x0000006f)
core   0: 3 0x800000bc (0x0000006f)
core   0: 3 0x800000bc (0x0000006f)
core   0: 3 0x800000bc (0x0000006f)
core   0: 3 0x800000bc (0x0000006f)
core   0: 3 0x800000bc (0x0000006f)
core   0: 3 0x800000bc (0x0000006f)
core   0: 3 0x800000bc (0x0000006f)
core   0: 3 0x800000bc (0x0000006f)
core   0: 3 0x800000bc (0x0000006f)
core   0: 3 0x800000bc (0x0000006f)
core   0: 3 0x800000bc (0x0000006f)
core   0: 3 0x800000bc (0x0000006f)
core   0: 3 0x800000bc (0x0000006f)
core   0: 3 0x800000bc (0x0000006f)
core   0: 3 0x800000bc (0x0000006f)
core   0: 3 0x800000bc (0x0000006f)
core   0: 3 0x800000bc (0x0000006f)
core   0: 3 0x800000bc (0x0000006f)
core   0: 3 0x800000bc (0x0000006f)
core   0: 3 0x800000bc (0x0000006f)
core   0: 3 0x800000bc (0x0000006f)
core   0: 3 0x800000bc (0x0000006f)
core   0: 3 0x800000bc (0x0000006f)
core   0: 3 0x800000bc (0x0000006f)
core   0: 3 0x800000bc (0x0000006f)
core   0: 3 0x800000bc (0x0000006f)
core   0: 3 0x800000bc (0x0000006f)
core   0: 3 0x800000bc (0x0000006f)
core   0: 3 0x800000bc (0x0000006f)
core   0: 3 0x800000bc (0x0000006f)
core   0: 3 0x800000bc (0x0000006f)
core   0: 3 0x800000bc (0x0000006f)
core   0: 3 0x800000bc (0x0000006f)
core   0: 3 0x800000bc (0x0000006f)
core   0: 3 0x800000bc (0x0000006f)
core   0: 3 0x800000bc (0x0000006f)
core   0: 3 0x800000bc (0x0000006f)
core   0: 3 0x800000bc (0x0000006f)
core   0: 3 0x800000bc (0x0000006f)
core   0: 3 0x800000bc (0x0000006f)
core   0: 3 0x800000bc (0x0000006f)
core   0: 3 0x800000bc (0x0000006f)
core   0: 3 0x800000bc (0x0000006f)
core   0: 3 0x800000bc (0x0000006f)
core   0: 3 0x800000bc (0x0000006f)
core   0: 3 0x800000bc (0x0000006f)
core   0: 3 0x800000bc (0x0000006f)
core   0: 3 0x800000bc (0x0000006f)
core   0: 3 0x800000bc (0x0000006f)
core   0: 3 0x800000bc (0x0000006f)
core   0: 3 0x800000bc (0x0000006f)
core   0: 3 0x800000bc (0x0000006f)
core   0: 3 0x800000bc (0x0000006f)
core   0: 3 0x800000bc (0x0000006f)
core   0: 3 0x800000bc (0x0000006f)
core   0: 3 0x800000bc (0x0000006f)
core   0: 3 0x800000bc (0x0000006f)
core   0: 3 0x800000bc (0x0000006f)
core   0: 3 0x800000bc (0x0000006f)
core   0: 3 0x800000bc (0x0000006f)
core   0: 3 0x800000bc (0x0000006f)
core   0: 3 0x800000bc (0x0000006f)
core   0: 3 0x800000bc (0x0000006f)
core   0: 3 0x800000bc (0x0000006f)
core   0: 3 0x800000bc (0x0000006f)
core   0: 3 0x800000bc (0x0000006f)
core   0: 3 0x800000bc (0x0000006f)
core   0: 3 0x800000bc (0x0000006f)
core   0: 3 0x800000bc (0x0000006f)
core   0: 3 0x800000bc (0x0000006f)
core   0: 3 0x800000bc (0x0000006f)
core   0: 3 0x800000bc (0x0000006f)
core   0: 3 0x800000bc (0x0000006f)
core   0: 3 0x800000bc (0x0000006f)
core   0: 3 0x800000bc (0x0000006f)
core   0: 3 0x800000bc (0x0000006f)
core   0: 3 0x800000bc (0x0000006f)
core   0: 3 0x800000bc (0x0000006f)
core   0: 3 0x800000bc (0x0000006f)
core   0: 3 0x800000bc (0x0000006f)
core   0: 3 0x800000bc (0x0000006f)
core   0: 3 0x800000bc (0x0000006f)
core   0: 3 0x800000bc (0x0000006f)
core   0: 3 0x800000bc (0x0000006f)
core   0: 3 0x800000bc (0x0000006f)
core   0: 3 0x800000bc (0x0000006f)
core   0: 3 0x800000bc (0x0000006f)
core   0: 3 0x800000bc (0x0000006f)
core   0: 3 0x800000bc (0x0000006f)
core   0: 3 0x800000bc (0x0000006f)
core   0: 3 0x800000bc (0x0000006f)
core   0: 3 0x800000bc (0x0000006f)
core   0: 3 0x800000bc (0x0000006f)
core   0: 3 0x800000bc (0x0000006f)
core   0: 3 0x800000bc (0x0000006f)
core   0: 3 0x800000bc (0x0000006f)
core   0: 3 0x800000bc (0x0000006f)
core   0: 3 0x800000bc (0x0000006f)
core   0: 3 0x800000bc (0x0000006f)
core   0: 3 0x800000bc (0x0000006f)
core   0: 3 0x800000bc (0x0000006f)
core   0: 3 0x800000bc (0x0000006f)
core   0: 3 0x800000bc (0x0000006f)
core   0: 3 0x800000bc (0x0000006f)
core   0: 3 0x800000bc (0x0000006f)
core   0: 3 0x800000bc (0x0000006f)
core   0: 3 0x800000bc (0x0000006f)
core   0: 3 0x800000bc (0x0000006f)
core   0: 3 0x800000bc (0x0000006f)
core   0: 3 0x800000bc (0x0000006f)
core   0: 3 0x800000bc (0x0000006f)
core   0: 3 0x800000bc (0x0000006f)
core   0: 3 0x800000bc (0x0000006f)
core   0: 3 0x800000bc (0x0000006f)
core   0: 3 0x800000bc (0x0000006f)
core   0: 3 0x800000bc (0x0000006f)
core   0: 3 0x800000bc (0x0000006f)
core   0: 3 0x800000bc (0x0000006f)
core   0: 3 0x800000bc (0x0000006f)
core   0: 3 0x800000bc (0x0000006f)
core   0: 3 0x800000bc (0x0000006f)
core   0: 3 0x800000bc (0x0000006f)
core   0: 3 0x800000bc (0x0000006f)
core   0: 3 0x800000bc (0x0000006f)
core   0: 3 0x800000bc (0x0000006f)
core   0: 3 0x800000bc (0x0000006f)
core   0: 3 0x800000bc (0x0000006f)
core   0: 3 0x800000bc (0x0000006f)
core   0: 3 0x800000bc (0x0000006f)
core   0: 3 0x800000bc (0x0000006f)
core   0: 3 0x800000bc (0x0000006f)
core   0: 3 0x800000bc (0x0000006f)
core   0: 3 0x800000bc (0x0000006f)
core   0: 3 0x800000bc (0x0000006f)
core   0: 3 0x800000bc (0x0000006f)
core   0: 3 0x800000bc (0x0000006f)
core   0: 3 0x800000bc (0x0000006f)
core   0: 3 0x800000bc (0x0000006f)
core   0: 3 0x800000bc (0x0000006f)
core   0: 3 0x800000bc (0x0000006f)
core   0: 3 0x800000bc (0x0000006f)
core   0: 3 0x800000bc (0x0000006f)
core   0: 3 0x800000bc (0x0000006f)
core   0: 3 0x800000bc (0x0000006f)
core   0: 3 0x800000bc (0x0000006f)
core   0: 3 0x800000bc (0x0000006f)
core   0: 3 0x800000bc (0x0000006f)
core   0: 3 0x800000bc (0x0000006f)
core   0: 3 0x800000bc (0x0000006f)
core   0: 3 0x800000bc (0x0000006f)
core   0: 3 0x800000bc (0x0000006f)
core   0: 3 0x800000bc (0x0000006f)
core   0: 3 0x800000bc (0x0000006f)
core   0: 3 0x800000bc (0x0000006f)
core   0: 3 0x800000bc (0x0000006f)
core   0: 3 0x800000bc (0x0000006f)
core   0: 3 0x800000bc (0x0000006f)
core   0: 3 0x800000bc (0x0000006f)
core   0: 3 0x800000bc (0x0000006f)
core   0: 3 0x800000bc (0x0000006f)
core   0: 3 0x800000bc (0x0000006f)
core   0: 3 0x800000bc (0x0000006f)
core   0: 3 0x800000bc (0x0000006f)
core   0: 3 0x800000bc (0x0000006f)
core   0: 3 0x800000bc (0x0000006f)
core   0: 3 0x800000bc (0x0000006f)
core   0: 3 0x800000bc (0x0000006f)
core   0: 3 0x800000bc (0x0000006f)
core   0: 3 0x800000bc (0x0000006f)
core   0: 3 0x800000bc (0x0000006f)
core   0: 3 0x800000bc (0x0000006f)
core   0: 3 0x800000bc (0x0000006f)
core   0: 3 0x800000bc (0x0000006f)
core   0: 3 0x800000bc (0x0000006f)
core   0: 3 0x800000bc (0x0000006f)
core   0: 3 0x800000bc (0x0000006f)
core   0: 3 0x800000bc (0x0000006f)
core   0: 3 0x800000bc (0x0000006f)
core   0: 3 0x800000bc (0x0000006f)
core   0: 3 0x800000bc (0x0000006f)
core   0: 3 0x800000bc (0x0000006f)
core   0: 3 0x800000bc (0x0000006f)
core   0: 3 0x800000bc (0x0000006f)
core   0: 3 0x800000bc (0x0000006f)
core   0: 3 0x800000bc (0x0000006f)
core   0: 3 0x800000bc (0x0000006f)
core   0: 3 0x800000bc (0x0000006f)
core   0: 3 0x800000bc (0x0000006f)
core   0: 3 0x800000bc (0x0000006f)
core   0: 3 0x800000bc (0x0000006f)
core   0: 3 0x800000bc (0x0000006f)
core   0: 3 0x800000bc (0x0000006f)
core   0: 3 0x800000bc (0x0000006f)
core   0: 3 0x800000bc (0x0000006f)
core   0: 3 0x800000bc (0x0000006f)
core   0: 3 0x800000bc (0x0000006f)
core   0: 3 0x800000bc (0x0000006f)
core   0: 3 0x800000bc (0x0000006f)
core   0: 3 0x800000bc (0x0000006f)
core   0: 3 0x800000bc (0x0000006f)
core   0: 3 0x800000bc (0x0000006f)
core   0: 3 0x800000bc (0x0000006f)
core   0: 3 0x800000bc (0x0000006f)
core   0: 3 0x800000bc (0x0000006f)
core   0: 3 0x800000bc (0x0000006f)
core   0: 3 0x800000bc (0x0000006f)
core   0: 3 0x800000bc (0x0000006f)
core   0: 3 0x800000bc (0x0000006f)
core   0: 3 0x800000bc (0x0000006f)
core   0: 3 0x800000bc (0x0000006f)
core   0: 3 0x800000bc (0x0000006f)
core   0: 3 0x800000bc (0x0000006f)
core   0: 3 0x800000bc (0x0000006f)
core   0: 3 0x800000bc (0x0000006f)
core   0: 3 0x800000bc (0x0000006f)
core   0: 3 0x800000bc (0x0000006f)
core   0: 3 0x800000bc (0x0000006f)
core   0: 3 0x800000bc (0x0000006f)
core   0: 3 0x800000bc (0x0000006f)
core   0: 3 0x800000bc (0x0000006f)
core   0: 3 0x800000bc (0x0000006f)
core   0: 3 0x800000bc (0x0000006f)
core   0: 3 0x800000bc (0x0000006f)
core   0: 3 0x800000bc (0x0000006f)
core   0: 3 0x800000bc (0x0000006f)
core   0: 3 0x800000bc (0x0000006f)
core   0: 3 0x800000bc (0x0000006f)
core   0: 3 0x800000bc (0x0000006f)
core   0: 3 0x800000bc (0x0000006f)
core   0: 3 0x800000bc (0x0000006f)
core   0: 3 0x800000bc (0x0000006f)
core   0: 3 0x800000bc (0x0000006f)
core   0: 3 0x800000bc (0x0000006f)
core   0: 3 0x800000bc (0x0000006f)
core   0: 3 0x800000bc (0x0000006f)
core   0: 3 0x800000bc (0x0000006f)
core   0: 3 0x800000bc (0x0000006f)
core   0: 3 0x800000bc (0x0000006f)
core   0: 3 0x800000bc (0x0000006f)
core   0: 3 0x800000bc (0x0000006f)
core   0: 3 0x800000bc (0x0000006f)
core   0: 3 0x800000bc (0x0000006f)
core   0: 3 0x800000bc (0x0000006f)
core   0: 3 0x800000bc (0x0000006f)
core   0: 3 0x800000bc (0x0000006f)
core   0: 3 0x800000bc (0x0000006f)
core   0: 3 0x800000bc (0x0000006f)
core   0: 3 0x800000bc (0x0000006f)
core   0: 3 0x800000bc (0x0000006f)
core   0: 3 0x800000bc (0x0000006f)
core   0: 3 0x800000bc (0x0000006f)
core   0: 3 0x800000bc (0x0000006f)
core   0: 3 0x800000bc (0x0000006f)
core   0: 3 0x800000bc (0x0000006f)
core   0: 3 0x800000bc (0x0000006f)
core   0: 3 0x800000bc (0x0000006f)
core   0: 3 0x800000bc (0x0000006f)
core   0: 3 0x800000bc (0x0000006f)
core   0: 3 0x800000bc (0x0000006f)
core   0: 3 0x800000bc (0x0000006f)
core   0: 3 0x800000bc (0x0000006f)
core   0: 3 0x800000bc (0x0000006f)
core   0: 3 0x800000bc (0x0000006f)
core   0: 3 0x800000bc (0x0000006f)
core   0: 3 0x800000bc (0x0000006f)
core   0: 3 0x800000bc (0x0000006f)
core   0: 3 0x800000bc (0x0000006f)
core   0: 3 0x800000bc (0x0000006f)
core   0: 3 0x800000bc (0x0000006f)
core   0: 3 0x800000bc (0x0000006f)
core   0: 3 0x800000bc (0x0000006f)
core   0: 3 0x800000bc (0x0000006f)
core   0: 3 0x800000bc (0x0000006f)
core   0: 3 0x800000bc (0x0000006f)
core   0: 3 0x800000bc (0x0000006f)
core   0: 3 0x800000bc (0x0000006f)
core   0: 3 0x800000bc (0x0000006f)
core   0: 3 0x800000bc (0x0000006f)
core   0: 3 0x800000bc (0x0000006f)
core   0: 3 0x800000bc (0x0000006f)
core   0: 3 0x800000bc (0x0000006f)
core   0: 3 0x800000bc (0x0000006f)
core   0: 3 0x800000bc (0x0000006f)
core   0: 3 0x800000bc (0x0000006f)
core   0: 3 0x800000bc (0x0000006f)
core   0: 3 0x800000bc (0x0000006f)
core   0: 3 0x800000bc (0x0000006f)
core   0: 3 0x800000bc (0x0000006f)
core   0: 3 0x800000bc (0x0000006f)
core   0: 3 0x800000bc (0x0000006f)
core   0: 3 0x800000bc (0x0000006f)
core   0: 3 0x800000bc (0x0000006f)
core   0: 3 0x800000bc (0x0000006f)
core   0: 3 0x800000bc (0x0000006f)
core   0: 3 0x800000bc (0x0000006f)
core   0: 3 0x800000bc (0x0000006f)
core   0: 3 0x800000bc (0x0000006f)
core   0: 3 0x800000bc (0x0000006f)
core   0: 3 0x800000bc (0x0000006f)
core   0: 3 0x800000bc (0x0000006f)
core   0: 3 0x800000bc (0x0000006f)
core   0: 3 0x800000bc (0x0000006f)
core   0: 3 0x800000bc (0x0000006f)
core   0: 3 0x800000bc (0x0000006f)
core   0: 3 0x800000bc (0x0000006f)
core   0: 3 0x800000bc (0x0000006f)
core   0: 3 0x800000bc (0x0000006f)
core   0: 3 0x800000bc (0x0000006f)
core   0: 3 0x800000bc (0x0000006f)
core   0: 3 0x800000bc (0x0000006f)
core   0: 3 0x800000bc (0x0000006f)
core   0: 3 0x800000bc (0x0000006f)
core   0: 3 0x800000bc (0x0000006f)
core   0: 3 0x800000bc (0x0000006f)
core   0: 3 0x800000bc (0x0000006f)
core   0: 3 0x800000bc (0x0000006f)
core   0: 3 0x800000bc (0x0000006f)
core   0: 3 0x800000bc (0x0000006f)
core   0: 3 0x800000bc (0x0000006f)
core   0: 3 0x800000bc (0x0000006f)
core   0: 3 0x800000bc (0x0000006f)
core   0: 3 0x800000bc (0x0000006f)
core   0: 3 0x800000bc (0x0000006f)
core   0: 3 0x800000bc (0x0000006f)
core   0: 3 0x800000bc (0x0000006f)
core   0: 3 0x800000bc (0x0000006f)
core   0: 3 0x800000bc (0x0000006f)
core   0: 3 0x800000bc (0x0000006f)
core   0: 3 0x800000bc (0x0000006f)
core   0: 3 0x800000bc (0x0000006f)
core   0: 3 0x800000bc (0x0000006f)
core   0: 3 0x800000bc (0x0000006f)
core   0: 3 0x800000bc (0x0000006f)
core   0: 3 0x800000bc (0x0000006f)
core   0: 3 0x800000bc (0x0000006f)
core   0: 3 0x800000bc (0x0000006f)
core   0: 3 0x800000bc (0x0000006f)
core   0: 3 0x800000bc (0x0000006f)
core   0: 3 0x800000bc (0x0000006f)
core   0: 3 0x800000bc (0x0000006f)
core   0: 3 0x800000bc (0x0000006f)
core   0: 3 0x800000bc (0x0000006f)
core   0: 3 0x800000bc (0x0000006f)
core   0: 3 0x800000bc (0x0000006f)
core   0: 3 0x800000bc (0x0000006f)
core   0: 3 0x800000bc (0x0000006f)
core   0: 3 0x800000bc (0x0000006f)
core   0: 3 0x800000bc (0x0000006f)
core   0: 3 0x800000bc (0x0000006f)
core   0: 3 0x800000bc (0x0000006f)
core   0: 3 0x800000bc (0x0000006f)
core   0: 3 0x800000bc (0x0000006f)
core   0: 3 0x800000bc (0x0000006f)
core   0: 3 0x800000bc (0x0000006f)
core   0: 3 0x800000bc (0x0000006f)
core   0: 3 0x800000bc (0x0000006f)
core   0: 3 0x800000bc (0x0000006f)
core   0: 3 0x800000bc (0x0000006f)
core   0: 3 0x800000bc (0x0000006f)
core   0: 3 0x800000bc (0x0000006f)
core   0: 3 0x800000bc (0x0000006f)
core   0: 3 0x800000bc (0x0000006f)
core   0: 3 0x800000bc (0x0000006f)
core   0: 3 0x800000bc (0x0000006f)
core   0: 3 0x800000bc (0x0000006f)
core   0: 3 0x800000bc (0x0000006f)
core   0: 3 0x800000bc (0x0000006f)
core   0: 3 0x800000bc (0x0000006f)
core   0: 3 0x800000bc (0x0000006f)
core   0: 3 0x800000bc (0x0000006f)
core   0: 3 0x800000bc (0x0000006f)
core   0: 3 0x800000bc (0x0000006f)
core   0: 3 0x800000bc (0x0000006f)
core   0: 3 0x800000bc (0x0000006f)
core   0: 3 0x800000bc (0x0000006f)
core   0: 3 0x800000bc (0x0000006f)
core   0: 3 0x800000bc (0x0000006f)
core   0: 3 0x800000bc (0x0000006f)
core   0: 3 0x800000bc (0x0000006f)
core   0: 3 0x800000bc (0x0000006f)
core   0: 3 0x800000bc (0x0000006f)
core   0: 3 0x800000bc (0x0000006f)
core   0: 3 0x800000bc (0x0000006f)
core   0: 3 0x800000bc (0x0000006f)
core   0: 3 0x800000bc (0x0000006f)
core   0: 3 0x800000bc (0x0000006f)
core   0: 3 0x800000bc (0x0000006f)
core   0: 3 0x800000bc (0x0000006f)
core   0: 3 0x800000bc (0x0000006f)
core   0: 3 0x800000bc (0x0000006f)
core   0: 3 0x800000bc (0x0000006f)
core   0: 3 0x800000bc (0x0000006f)
core   0: 3 0x800000bc (0x0000006f)
core   0: 3 0x800000bc (0x0000006f)
core   0: 3 0x800000bc (0x0000006f)
core   0: 3 0x800000bc (0x0000006f)
core   0: 3 0x800000bc (0x0000006f)
core   0: 3 0x800000bc (0x0000006f)
core   0: 3 0x800000bc (0x0000006f)
core   0: 3 0x800000bc (0x0000006f)
core   0: 3 0x800000bc (0x0000006f)
core   0: 3 0x800000bc (0x0000006f)
core   0: 3 0x800000bc (0x0000006f)
core   0: 3 0x800000bc (0x0000006f)
core   0: 3 0x800000bc (0x0000006f)
core   0: 3 0x800000bc (0x0000006f)
core   0: 3 0x800000bc (0x0000006f)
core   0: 3 0x800000bc (0x0000006f)
core   0: 3 0x800000bc (0x0000006f)
core   0: 3 0x800000bc (0x0000006f)
core   0: 3 0x800000bc (0x0000006f)
core   0: 3 0x800000bc (0x0000006f)
core   0: 3 0x800000bc (0x0000006f)
core   0: 3 0x800000bc (0x0000006f)
core   0: 3 0x800000bc (0x0000006f)
core   0: 3 0x800000bc (0x0000006f)
core   0: 3 0x800000bc (0x0000006f)
core   0: 3 0x800000bc (0x0000006f)
core   0: 3 0x800000bc (0x0000006f)
core   0: 3 0x800000bc (0x0000006f)
core   0: 3 0x800000bc (0x0000006f)
core   0: 3 0x800000bc (0x0000006f)
core   0: 3 0x800000bc (0x0000006f)
core   0: 3 0x800000bc (0x0000006f)
core   0: 3 0x800000bc (0x0000006f)
core   0: 3 0x800000bc (0x0000006f)
core   0: 3 0x800000bc (0x0000006f)
core   0: 3 0x800000bc (0x0000006f)
core   0: 3 0x800000bc (0x0000006f)
core   0: 3 0x800000bc (0x0000006f)
core   0: 3 0x800000bc (0x0000006f)
core   0: 3 0x800000bc (0x0000006f)
core   0: 3 0x800000bc (0x0000006f)
core   0: 3 0x800000bc (0x0000006f)
core   0: 3 0x800000bc (0x0000006f)
core   0: 3 0x800000bc (0x0000006f)
core   0: 3 0x800000bc (0x0000006f)
core   0: 3 0x800000bc (0x0000006f)
core   0: 3 0x800000bc (0x0000006f)
core   0: 3 0x800000bc (0x0000006f)
core   0: 3 0x800000bc (0x0000006f)
core   0: 3 0x800000bc (0x0000006f)
core   0: 3 0x800000bc (0x0000006f)
core   0: 3 0x800000bc (0x0000006f)
core   0: 3 0x800000bc (0x0000006f)
core   0: 3 0x800000bc (0x0000006f)
core   0: 3 0x800000bc (0x0000006f)
core   0: 3 0x800000bc (0x0000006f)
core   0: 3 0x800000bc (0x0000006f)
core   0: 3 0x800000bc (0x0000006f)
core   0: 3 0x800000bc (0x0000006f)
core   0: 3 0x800000bc (0x0000006f)
core   0: 3 0x800000bc (0x0000006f)
core   0: 3 0x800000bc (0x0000006f)
core   0: 3 0x800000bc (0x0000006f)
core   0: 3 0x800000bc (0x0000006f)
core   0: 3 0x800000bc (0x0000006f)
core   0: 3 0x800000bc (0x0000006f)
core   0: 3 0x800000bc (0x0000006f)
core   0: 3 0x800000bc (0x0000006f)
core   0: 3 0x800000bc (0x0000006f)
core   0: 3 0x800000bc (0x0000006f)
core   0: 3 0x800000bc (0x0000006f)
core   0: 3 0x800000bc (0x0000006f)
core   0: 3 0x800000bc (0x0000006f)
core   0: 3 0x800000bc (0x0000006f)
core   0: 3 0x800000bc (0x0000006f)
core   0: 3 0x800000bc (0x0000006f)
core   0: 3 0x800000bc (0x0000006f)
core   0: 3 0x800000bc (0x0000006f)
core   0: 3 0x800000bc (0x0000006f)
core   0: 3 0x800000bc (0x0000006f)
core   0: 3 0x800000bc (0x0000006f)
core   0: 3 0x800000bc (0x0000006f)
core   0: 3 0x800000bc (0x0000006f)
core   0: 3 0x800000bc (0x0000006f)
core   0: 3 0x800000bc (0x0000006f)
core   0: 3 0x800000bc (0x0000006f)
core   0: 3 0x800000bc (0x0000006f)
core   0: 3 0x800000bc (0x0000006f)
core   0: 3 0x800000bc (0x0000006f)
core   0: 3 0x800000bc (0x0000006f)
core   0: 3 0x800000bc (0x0000006f)
core   0: 3 0x800000bc (0x0000006f)
core   0: 3 0x800000bc (0x0000006f)
core   0: 3 0x800000bc (0x0000006f)
core   0: 3 0x800000bc (0x0000006f)
core   0: 3 0x800000bc (0x0000006f)
core   0: 3 0x800000bc (0x0000006f)
core   0: 3 0x800000bc (0x0000006f)
core   0: 3 0x800000bc (0x0000006f)
core   0: 3 0x800000bc (0x0000006f)
core   0: 3 0x800000bc (0x0000006f)
core   0: 3 0x800000bc (0x0000006f)
core   0: 3 0x800000bc (0x0000006f)
core   0: 3 0x800000bc (0x0000006f)
core   0: 3 0x800000bc (0x0000006f)
core   0: 3 0x800000bc (0x0000006f)
core   0: 3 0x800000bc (0x0000006f)
core   0: 3 0x800000bc (0x0000006f)
core   0: 3 0x800000bc (0x0000006f)
core   0: 3 0x800000bc (0x0000006f)
core   0: 3 0x800000bc (0x0000006f)
core   0: 3 0x800000bc (0x0000006f)
core   0: 3 0x800000bc (0x0000006f)
core   0: 3 0x800000bc (0x0000006f)
core   0: 3 0x800000bc (0x0000006f)
core   0: 3 0x800000bc (0x0000006f)
core   0: 3 0x800000bc (0x0000006f)
core   0: 3 0x800000bc (0x0000006f)
core   0: 3 0x800000bc (0x0000006f)
core   0: 3 0x800000bc (0x0000006f)
core   0: 3 0x800000bc (0x0000006f)
core   0: 3 0x800000bc (0x0000006f)
core   0: 3 0x800000bc (0x0000006f)
core   0: 3 0x800000bc (0x0000006f)
core   0: 3 0x800000bc (0x0000006f)
core   0: 3 0x800000bc (0x0000006f)
core   0: 3 0x800000bc (0x0000006f)
core   0: 3 0x800000bc (0x0000006f)
core   0: 3 0x800000bc (0x0000006f)
core   0: 3 0x800000bc (0x0000006f)
core   0: 3 0x800000bc (0x0000006f)
core   0: 3 0x800000bc (0x0000006f)
core   0: 3 0x800000bc (0x0000006f)
core   0: 3 0x800000bc (0x0000006f)
core   0: 3 0x800000bc (0x0000006f)
core   0: 3 0x800000bc (0x0000006f)
core   0: 3 0x800000bc (0x0000006f)
core   0: 3 0x800000bc (0x0000006f)
core   0: 3 0x800000bc (0x0000006f)
core   0: 3 0x800000bc (0x0000006f)
core   0: 3 0x800000bc (0x0000006f)
core   0: 3 0x800000bc (0x0000006f)
core   0: 3 0x800000bc (0x0000006f)
core   0: 3 0x800000bc (0x0000006f)
core   0: 3 0x800000bc (0x0000006f)
core   0: 3 0x800000bc (0x0000006f)
core   0: 3 0x800000bc (0x0000006f)
core   0: 3 0x800000bc (0x0000006f)
core   0: 3 0x800000bc (0x0000006f)
core   0: 3 0x800000bc (0x0000006f)
core   0: 3 0x800000bc (0x0000006f)
core   0: 3 0x800000bc (0x0000006f)
core   0: 3 0x800000bc (0x0000006f)
core   0: 3 0x800000bc (0x0000006f)
core   0: 3 0x800000bc (0x0000006f)
core   0: 3 0x800000bc (0x0000006f)
core   0: 3 0x800000bc (0x0000006f)
core   0: 3 0x800000bc (0x0000006f)
core   0: 3 0x800000bc (0x0000006f)
core   0: 3 0x800000bc (0x0000006f)
core   0: 3 0x800000bc (0x0000006f)
core   0: 3 0x800000bc (0x0000006f)
core   0: 3 0x800000bc (0x0000006f)
core   0: 3 0x800000bc (0x0000006f)
core   0: 3 0x800000bc (0x0000006f)
core   0: 3 0x800000bc (0x0000006f)
core   0: 3 0x800000bc (0x0000006f)
core   0: 3 0x800000bc (0x0000006f)
core   0: 3 0x800000bc (0x0000006f)
core   0: 3 0x800000bc (0x0000006f)
core   0: 3 0x800000bc (0x0000006f)
core   0: 3 0x800000bc (0x0000006f)
core   0: 3 0x800000bc (0x0000006f)
core   0: 3 0x800000bc (0x0000006f)
core   0: 3 0x800000bc (0x0000006f)
core   0: 3 0x800000bc (0x0000006f)
core   0: 3 0x800000bc (0x0000006f)
core   0: 3 0x800000bc (0x0000006f)
core   0: 3 0x800000bc (0x0000006f)
core   0: 3 0x800000bc (0x0000006f)
core   0: 3 0x800000bc (0x0000006f)
core   0: 3 0x800000bc (0x0000006f)
core   0: 3 0x800000bc (0x0000006f)
core   0: 3 0x800000bc (0x0000006f)
core   0: 3 0x800000bc (0x0000006f)
core   0: 3 0x800000bc (0x0000006f)
core   0: 3 0x800000bc (0x0000006f)
core   0: 3 0x800000bc (0x0000006f)
core   0: 3 0x800000bc (0x0000006f)
core   0: 3 0x800000bc (0x0000006f)
core   0: 3 0x800000bc (0x0000006f)
core   0: 3 0x800000bc (0x0000006f)
core   0: 3 0x800000bc (0x0000006f)
core   0: 3 0x800000bc (0x0000006f)
core   0: 3 0x800000bc (0x0000006f)
core   0: 3 0x800000bc (0x0000006f)
core   0: 3 0x800000bc (0x0000006f)
core   0: 3 0x800000bc (0x0000006f)
core   0: 3 0x800000bc (0x0000006f)
core   0: 3 0x800000bc (0x0000006f)
core   0: 3 0x800000bc (0x0000006f)
core   0: 3 0x800000bc (0x0000006f)
core   0: 3 0x800000bc (0x0000006f)
core   0: 3 0x800000bc (0x0000006f)
core   0: 3 0x800000bc (0x0000006f)
core   0: 3 0x800000bc (0x0000006f)
core   0: 3 0x800000bc (0x0000006f)
core   0: 3 0x800000bc (0x0000006f)
core   0: 3 0x800000bc (0x0000006f)
core   0: 3 0x800000bc (0x0000006f)
core   0: 3 0x800000bc (0x0000006f)
core   0: 3 0x800000bc (0x0000006f)
core   0: 3 0x800000bc (0x0000006f)
core   0: 3 0x800000bc (0x0000006f)
core   0: 3 0x800000bc (0x0000006f)
core   0: 3 0x800000bc (0x0000006f)
core   0: 3 0x800000bc (0x0000006f)
core   0: 3 0x800000bc (0x0000006f)
core   0: 3 0x800000bc (0x0000006f)
core   0: 3 0x800000bc (0x0000006f)
core   0: 3 0x800000bc (0x0000006f)
core   0: 3 0x800000bc (0x0000006f)
core   0: 3 0x800000bc (0x0000006f)
core   0: 3 0x800000bc (0x0000006f)
core   0: 3 0x800000bc (0x0000006f)
core   0: 3 0x800000bc (0x0000006f)
core   0: 3 0x800000bc (0x0000006f)
core   0: 3 0x800000bc (0x0000006f)
core   0: 3 0x800000bc (0x0000006f)
core   0: 3 0x800000bc (0x0000006f)
core   0: 3 0x800000bc (0x0000006f)
core   0: 3 0x800000bc (0x0000006f)
core   0: 3 0x800000bc (0x0000006f)
core   0: 3 0x800000bc (0x0000006f)
core   0: 3 0x800000bc (0x0000006f)
core   0: 3 0x800000bc (0x0000006f)
core   0: 3 0x800000bc (0x0000006f)
core   0: 3 0x800000bc (0x0000006f)
core   0: 3 0x800000bc (0x0000006f)
core   0: 3 0x800000bc (0x0000006f)
core   0: 3 0x800000bc (0x0000006f)
core   0: 3 0x800000bc (0x0000006f)
core   0: 3 0x800000bc (0x0000006f)
core   0: 3 0x800000bc (0x0000006f)
core   0: 3 0x800000bc (0x0000006f)
core   0: 3 0x800000bc (0x0000006f)
core   0: 3 0x800000bc (0x0000006f)
core   0: 3 0x800000bc (0x0000006f)
core   0: 3 0x800000bc (0x0000006f)
core   0: 3 0x800000bc (0x0000006f)
core   0: 3 0x800000bc (0x0000006f)
core   0: 3 0x800000bc (0x0000006f)
core   0: 3 0x800000bc (0x0000006f)
core   0: 3 0x800000bc (0x0000006f)
core   0: 3 0x800000bc (0x0000006f)
core   0: 3 0x800000bc (0x0000006f)
core   0: 3 0x800000bc (0x0000006f)
core   0: 3 0x800000bc (0x0000006f)
core   0: 3 0x800000bc (0x0000006f)
core   0: 3 0x800000bc (0x0000006f)
core   0: 3 0x800000bc (0x0000006f)
core   0: 3 0x800000bc (0x0000006f)
core   0: 3 0x800000bc (0x0000006f)
core   0: 3 0x800000bc (0x0000006f)
core   0: 3 0x800000bc (0x0000006f)
core   0: 3 0x800000bc (0x0000006f)
core   0: 3 0x800000bc (0x0000006f)
core   0: 3 0x800000bc (0x0000006f)
core   0: 3 0x800000bc (0x0000006f)
core   0: 3 0x800000bc (0x0000006f)
core   0: 3 0x800000bc (0x0000006f)
core   0: 3 0x800000bc (0x0000006f)
core   0: 3 0x800000bc (0x0000006f)
core   0: 3 0x800000bc (0x0000006f)
core   0: 3 0x800000bc (0x0000006f)
core   0: 3 0x800000bc (0x0000006f)
core   0: 3 0x800000bc (0x0000006f)
core   0: 3 0x800000bc (0x0000006f)
core   0: 3 0x800000bc (0x0000006f)
core   0: 3 0x800000bc (0x0000006f)
core   0: 3 0x800000bc (0x0000006f)
core   0: 3 0x800000bc (0x0000006f)
core   0: 3 0x800000bc (0x0000006f)
core   0: 3 0x800000bc (0x0000006f)
core   0: 3 0x800000bc (0x0000006f)
core   0: 3 0x800000bc (0x0000006f)
core   0: 3 0x800000bc (0x0000006f)
core   0: 3 0x800000bc (0x0000006f)
core   0: 3 0x800000bc (0x0000006f)
core   0: 3 0x800000bc (0x0000006f)
core   0: 3 0x800000bc (0x0000006f)
core   0: 3 0x800000bc (0x0000006f)
core   0: 3 0x800000bc (0x0000006f)
core   0: 3 0x800000bc (0x0000006f)
core   0: 3 0x800000bc (0x0000006f)
core   0: 3 0x800000bc (0x0000006f)
core   0: 3 0x800000bc (0x0000006f)
core   0: 3 0x800000bc (0x0000006f)
core   0: 3 0x800000bc (0x0000006f)
core   0: 3 0x800000bc (0x0000006f)
core   0: 3 0x800000bc (0x0000006f)
core   0: 3 0x800000bc (0x0000006f)
core   0: 3 0x800000bc (0x0000006f)
core   0: 3 0x800000bc (0x0000006f)
core   0: 3 0x800000bc (0x0000006f)
core   0: 3 0x800000bc (0x0000006f)
core   0: 3 0x800000bc (0x0000006f)
core   0: 3 0x800000bc (0x0000006f)
core   0: 3 0x800000bc (0x0000006f)
core   0: 3 0x800000bc (0x0000006f)
core   0: 3 0x800000bc (0x0000006f)
core   0: 3 0x800000bc (0x0000006f)
core   0: 3 0x800000bc (0x0000006f)
core   0: 3 0x800000bc (0x0000006f)
core   0: 3 0x800000bc (0x0000006f)
core   0: 3 0x800000bc (0x0000006f)
core   0: 3 0x800000bc (0x0000006f)
core   0: 3 0x800000bc (0x0000006f)
core   0: 3 0x800000bc (0x0000006f)
core   0: 3 0x800000bc (0x0000006f)
core   0: 3 0x800000bc (0x0000006f)
core   0: 3 0x800000bc (0x0000006f)
core   0: 3 0x800000bc (0x0000006f)
core   0: 3 0x800000bc (0x0000006f)
core   0: 3 0x800000bc (0x0000006f)
core   0: 3 0x800000bc (0x0000006f)
core   0: 3 0x800000bc (0x0000006f)
core   0: 3 0x800000bc (0x0000006f)
core   0: 3 0x800000bc (0x0000006f)
core   0: 3 0x800000bc (0x0000006f)
core   0: 3 0x800000bc (0x0000006f)
core   0: 3 0x800000bc (0x0000006f)
core   0: 3 0x800000bc (0x0000006f)
core   0: 3 0x800000bc (0x0000006f)
core   0: 3 0x800000bc (0x0000006f)
core   0: 3 0x800000bc (0x0000006f)
core   0: 3 0x800000bc (0x0000006f)
core   0: 3 0x800000bc (0x0000006f)
core   0: 3 0x800000bc (0x0000006f)
core   0: 3 0x800000bc (0x0000006f)
core   0: 3 0x800000bc (0x0000006f)
core   0: 3 0x800000bc (0x0000006f)
core   0: 3 0x800000bc (0x0000006f)
core   0: 3 0x800000bc (0x0000006f)
core   0: 3 0x800000bc (0x0000006f)
core   0: 3 0x800000bc (0x0000006f)
core   0: 3 0x800000bc (0x0000006f)
core   0: 3 0x800000bc (0x0000006f)
core   0: 3 0x800000bc (0x0000006f)
core   0: 3 0x800000bc (0x0000006f)
core   0: 3 0x800000bc (0x0000006f)
core   0: 3 0x800000bc (0x0000006f)
core   0: 3 0x800000bc (0x0000006f)
core   0: 3 0x800000bc (0x0000006f)
core   0: 3 0x800000bc (0x0000006f)
core   0: 3 0x800000bc (0x0000006f)
core   0: 3 0x800000bc (0x0000006f)
core   0: 3 0x800000bc (0x0000006f)
core   0: 3 0x800000bc (0x0000006f)
core   0: 3 0x800000bc (0x0000006f)
core   0: 3 0x800000bc (0x0000006f)
core   0: 3 0x800000bc (0x0000006f)
core   0: 3 0x800000bc (0x0000006f)
core   0: 3 0x800000bc (0x0000006f)
core   0: 3 0x800000bc (0x0000006f)
core   0: 3 0x800000bc (0x0000006f)
core   0: 3 0x800000bc (0x0000006f)
core   0: 3 0x800000bc (0x0000006f)
core   0: 3 0x800000bc (0x0000006f)
core   0: 3 0x800000bc (0x0000006f)
core   0: 3 0x800000bc (0x0000006f)
core   0: 3 0x800000bc (0x0000006f)
core   0: 3 0x800000bc (0x0000006f)
core   0: 3 0x800000bc (0x0000006f)
core   0: 3 0x800000bc (0x0000006f)
core   0: 3 0x800000bc (0x0000006f)
core   0: 3 0x800000bc (0x0000006f)
core   0: 3 0x800000bc (0x0000006f)
core   0: 3 0x800000bc (0x0000006f)
core   0: 3 0x800000bc (0x0000006f)
core   0: 3 0x800000bc (0x0000006f)
core   0: 3 0x800000bc (0x0000006f)
core   0: 3 0x800000bc (0x0000006f)
core   0: 3 0x800000bc (0x0000006f)
core   0: 3 0x800000bc (0x0000006f)
core   0: 3 0x800000bc (0x0000006f)
core   0: 3 0x800000bc (0x0000006f)
core   0: 3 0x800000bc (0x0000006f)
core   0: 3 0x800000bc (0x0000006f)
core   0: 3 0x800000bc (0x0000006f)
core   0: 3 0x800000bc (0x0000006f)
core   0: 3 0x800000bc (0x0000006f)
core   0: 3 0x800000bc (0x0000006f)
core   0: 3 0x800000bc (0x0000006f)
core   0: 3 0x800000bc (0x0000006f)
core   0: 3 0x800000bc (0x0000006f)
core   0: 3 0x800000bc (0x0000006f)
core   0: 3 0x800000bc (0x0000006f)
core   0: 3 0x800000bc (0x0000006f)
core   0: 3 0x800000bc (0x0000006f)
core   0: 3 0x800000bc (0x0000006f)
core   0: 3 0x800000bc (0x0000006f)
core   0: 3 0x800000bc (0x0000006f)
core   0: 3 0x800000bc (0x0000006f)
core   0: 3 0x800000bc (0x0000006f)
core   0: 3 0x800000bc (0x0000006f)
core   0: 3 0x800000bc (0x0000006f)
core   0: 3 0x800000bc (0x0000006f)
core   0: 3 0x800000bc (0x0000006f)
core   0: 3 0x800000bc (0x0000006f)
core   0: 3 0x800000bc (0x0000006f)
core   0: 3 0x800000bc (0x0000006f)
core   0: 3 0x800000bc (0x0000006f)
core   0: 3 0x800000bc (0x0000006f)
core   0: 3 0x800000bc (0x0000006f)
core   0: 3 0x800000bc (0x0000006f)
core   0: 3 0x800000bc (0x0000006f)
core   0: 3 0x800000bc (0x0000006f)
core   0: 3 0x800000bc (0x0000006f)
core   0: 3 0x800000bc (0x0000006f)
core   0: 3 0x800000bc (0x0000006f)
core   0: 3 0x800000bc (0x0000006f)
core   0: 3 0x800000bc (0x0000006f)
core   0: 3 0x800000bc (0x0000006f)
core   0: 3 0x800000bc (0x0000006f)
core   0: 3 0x800000bc (0x0000006f)
core   0: 3 0x800000bc (0x0000006f)
core   0: 3 0x800000bc (0x0000006f)
core   0: 3 0x800000bc (0x0000006f)
core   0: 3 0x800000bc (0x0000006f)
core   0: 3 0x800000bc (0x0000006f)
core   0: 3 0x800000bc (0x0000006f)
core   0: 3 0x800000bc (0x0000006f)
core   0: 3 0x800000bc (0x0000006f)
core   0: 3 0x800000bc (0x0000006f)
core   0: 3 0x800000bc (0x0000006f)
core   0: 3 0x800000bc (0x0000006f)
core   0: 3 0x800000bc (0x0000006f)
core   0: 3 0x800000bc (0x0000006f)
core   0: 3 0x800000bc (0x0000006f)
core   0: 3 0x800000bc (0x0000006f)
core   0: 3 0x800000bc (0x0000006f)
core   0: 3 0x800000bc (0x0000006f)
core   0: 3 0x800000bc (0x0000006f)
core   0: 3 0x800000bc (0x0000006f)
core   0: 3 0x800000bc (0x0000006f)
core   0: 3 0x800000bc (0x0000006f)
core   0: 3 0x800000bc (0x0000006f)
core   0: 3 0x800000bc (0x0000006f)
core   0: 3 0x800000bc (0x0000006f)
core   0: 3 0x800000bc (0x0000006f)
core   0: 3 0x800000bc (0x0000006f)
core   0: 3 0x800000bc (0x0000006f)
core   0: 3 0x800000bc (0x0000006f)
core   0: 3 0x800000bc (0x0000006f)
core   0: 3 0x800000bc (0x0000006f)
core   0: 3 0x800000bc (0x0000006f)
core   0: 3 0x800000bc (0x0000006f)
core   0: 3 0x800000bc (0x0000006f)
core   0: 3 0x800000bc (0x0000006f)
core   0: 3 0x800000bc (0x0000006f)
core   0: 3 0x800000bc (0x0000006f)
core   0: 3 0x800000bc (0x0000006f)
core   0: 3 0x800000bc (0x0000006f)
core   0: 3 0x800000bc (0x0000006f)
core   0: 3 0x800000bc (0x0000006f)
core   0: 3 0x800000bc (0x0000006f)
core   0: 3 0x800000bc (0x0000006f)
core   0: 3 0x800000bc (0x0000006f)
core   0: 3 0x800000bc (0x0000006f)
core   0: 3 0x800000bc (0x0000006f)
core   0: 3 0x800000bc (0x0000006f)
core   0: 3 0x800000bc (0x0000006f)
core   0: 3 0x800000bc (0x0000006f)
core   0: 3 0x800000bc (0x0000006f)
core   0: 3 0x800000bc (0x0000006f)
core   0: 3 0x800000bc (0x0000006f)
core   0: 3 0x800000bc (0x0000006f)
core   0: 3 0x800000bc (0x0000006f)
core   0: 3 0x800000bc (0x0000006f)
core   0: 3 0x800000bc (0x0000006f)
core   0: 3 0x800000bc (0x0000006f)
core   0: 3 0x800000bc (0x0000006f)
core   0: 3 0x800000bc (0x0000006f)
core   0: 3 0x800000bc (0x0000006f)
core   0: 3 0x800000bc (0x0000006f)
core   0: 3 0x800000bc (0x0000006f)
core   0: 3 0x800000bc (0x0000006f)
core   0: 3 0x800000bc (0x0000006f)
core   0: 3 0x800000bc (0x0000006f)
core   0: 3 0x800000bc (0x0000006f)
core   0: 3 0x800000bc (0x0000006f)
core   0: 3 0x800000bc (0x0000006f)
core   0: 3 0x800000bc (0x0000006f)
core   0: 3 0x800000bc (0x0000006f)
core   0: 3 0x800000bc (0x0000006f)
core   0: 3 0x800000bc (0x0000006f)
core   0: 3 0x800000bc (0x0000006f)
core   0: 3 0x800000bc (0x0000006f)
core   0: 3 0x800000bc (0x0000006f)
core   0: 3 0x800000bc (0x0000006f)
core   0: 3 0x800000bc (0x0000006f)
core   0: 3 0x800000bc (0x0000006f)
core   0: 3 0x800000bc (0x0000006f)
core   0: 3 0x800000bc (0x0000006f)
core   0: 3 0x800000bc (0x0000006f)
core   0: 3 0x800000bc (0x0000006f)
core   0: 3 0x800000bc (0x0000006f)
core   0: 3 0x800000bc (0x0000006f)
core   0: 3 0x800000bc (0x0000006f)
core   0: 3 0x800000bc (0x0000006f)
core   0: 3 0x800000bc (0x0000006f)
core   0: 3 0x800000bc (0x0000006f)
core   0: 3 0x800000bc (0x0000006f)
core   0: 3 0x800000bc (0x0000006f)
core   0: 3 0x800000bc (0x0000006f)
core   0: 3 0x800000bc (0x0000006f)
core   0: 3 0x800000bc (0x0000006f)
core   0: 3 0x800000bc (0x0000006f)
core   0: 3 0x800000bc (0x0000006f)
core   0: 3 0x800000bc (0x0000006f)
core   0: 3 0x800000bc (0x0000006f)
core   0: 3 0x800000bc (0x0000006f)
core   0: 3 0x800000bc (0x0000006f)
core   0: 3 0x800000bc (0x0000006f)
core   0: 3 0x800000bc (0x0000006f)
core   0: 3 0x800000bc (0x0000006f)
core   0: 3 0x800000bc (0x0000006f)
core   0: 3 0x800000bc (0x0000006f)
core   0: 3 0x800000bc (0x0000006f)
core   0: 3 0x800000bc (0x0000006f)
core   0: 3 0x800000bc (0x0000006f)
core   0: 3 0x800000bc (0x0000006f)
core   0: 3 0x800000bc (0x0000006f)
core   0: 3 0x800000bc (0x0000006f)
core   0: 3 0x800000bc (0x0000006f)
core   0: 3 0x800000bc (0x0000006f)
core   0: 3 0x800000bc (0x0000006f)
core   0: 3 0x800000bc (0x0000006f)
core   0: 3 0x800000bc (0x0000006f)
core   0: 3 0x800000bc (0x0000006f)
core   0: 3 0x800000bc (0x0000006f)
core   0: 3 0x800000bc (0x0000006f)
core   0: 3 0x800000bc (0x0000006f)
core   0: 3 0x800000bc (0x0000006f)
core   0: 3 0x800000bc (0x0000006f)
core   0: 3 0x800000bc (0x0000006f)
core   0: 3 0x800000bc (0x0000006f)
core   0: 3 0x800000bc (0x0000006f)
core   0: 3 0x800000bc (0x0000006f)
core   0: 3 0x800000bc (0x0000006f)
core   0: 3 0x800000bc (0x0000006f)
core   0: 3 0x800000bc (0x0000006f)
core   0: 3 0x800000bc (0x0000006f)
core   0: 3 0x800000bc (0x0000006f)
core   0: 3 0x800000bc (0x0000006f)
core   0: 3 0x800000bc (0x0000006f)
core   0: 3 0x800000bc (0x0000006f)
core   0: 3 0x800000bc (0x0000006f)
core   0: 3 0x800000bc (0x0000006f)
core   0: 3 0x800000bc (0x0000006f)
core   0: 3 0x800000bc (0x0000006f)
core   0: 3 0x800000bc (0x0000006f)
core   0: 3 0x800000bc (0x0000006f)
core   0: 3 0x800000bc (0x0000006f)
core   0: 3 0x800000bc (0x0000006f)
core   0: 3 0x800000bc (0x0000006f)
core   0: 3 0x800000bc (0x0000006f)
core   0: 3 0x800000bc (0x0000006f)
core   0: 3 0x800000bc (0x0000006f)
core   0: 3 0x800000bc (0x0000006f)
core   0: 3 0x800000bc (0x0000006f)
core   0: 3 0x800000bc (0x0000006f)
core   0: 3 0x800000bc (0x0000006f)
core   0: 3 0x800000bc (0x0000006f)
core   0: 3 0x800000bc (0x0000006f)
core   0: 3 0x800000bc (0x0000006f)
core   0: 3 0x800000bc (0x0000006f)
core   0: 3 0x800000bc (0x0000006f)
core   0: 3 0x800000bc (0x0000006f)
core   0: 3 0x800000bc (0x0000006f)
core   0: 3 0x800000bc (0x0000006f)
core   0: 3 0x800000bc (0x0000006f)
core   0: 3 0x800000bc (0x0000006f)
core   0: 3 0x800000bc (0x0000006f)
core   0: 3 0x800000bc (0x0000006f)
core   0: 3 0x800000bc (0x0000006f)
core   0: 3 0x800000bc (0x0000006f)
core   0: 3 0x800000bc (0x0000006f)
core   0: 3 0x800000bc (0x0000006f)
core   0: 3 0x800000bc (0x0000006f)
core   0: 3 0x800000bc (0x0000006f)
core   0: 3 0x800000bc (0x0000006f)
core   0: 3 0x800000bc (0x0000006f)
core   0: 3 0x800000bc (0x0000006f)
core   0: 3 0x800000bc (0x0000006f)
core   0: 3 0x800000bc (0x0000006f)
core   0: 3 0x800000bc (0x0000006f)
core   0: 3 0x800000bc (0x0000006f)
core   0: 3 0x800000bc (0x0000006f)
core   0: 3 0x800000bc (0x0000006f)
core   0: 3 0x800000bc (0x0000006f)
core   0: 3 0x800000bc (0x0000006f)
core   0: 3 0x800000bc (0x0000006f)
core   0: 3 0x800000bc (0x0000006f)
core   0: 3 0x800000bc (0x0000006f)
core   0: 3 0x800000bc (0x0000006f)
core   0: 3 0x800000bc (0x0000006f)
core   0: 3 0x800000bc (0x0000006f)
core   0: 3 0x800000bc (0x0000006f)
core   0: 3 0x800000bc (0x0000006f)
core   0: 3 0x800000bc (0x0000006f)
core   0: 3 0x800000bc (0x0000006f)
core   0: 3 0x800000bc (0x0000006f)
core   0: 3 0x800000bc (0x0000006f)
core   0: 3 0x800000bc (0x0000006f)
core   0: 3 0x800000bc (0x0000006f)
core   0: 3 0x800000bc (0x0000006f)
core   0: 3 0x800000bc (0x0000006f)
core   0: 3 0x800000bc (0x0000006f)
core   0: 3 0x800000bc (0x0000006f)
core   0: 3 0x800000bc (0x0000006f)
core   0: 3 0x800000bc (0x0000006f)
core   0: 3 0x800000bc (0x0000006f)
core   0: 3 0x800000bc (0x0000006f)
core   0: 3 0x800000bc (0x0000006f)
core   0: 3 0x800000bc (0x0000006f)
core   0: 3 0x800000bc (0x0000006f)
core   0: 3 0x800000bc (0x0000006f)
core   0: 3 0x800000bc (0x0000006f)
core   0: 3 0x800000bc (0x0000006f)
core   0: 3 0x800000bc (0x0000006f)
core   0: 3 0x800000bc (0x0000006f)
core   0: 3 0x800000bc (0x0000006f)
core   0: 3 0x800000bc (0x0000006f)
core   0: 3 0x800000bc (0x0000006f)
core   0: 3 0x800000bc (0x0000006f)
core   0: 3 0x800000bc (0x0000006f)
core   0: 3 0x800000bc (0x0000006f)
core   0: 3 0x800000bc (0x0000006f)
core   0: 3 0x800000bc (0x0000006f)
core   0: 3 0x800000bc (0x0000006f)
core   0: 3 0x800000bc (0x0000006f)
core   0: 3 0x800000bc (0x0000006f)
core   0: 3 0x800000bc (0x0000006f)
core   0: 3 0x800000bc (0x0000006f)
core   0: 3 0x800000bc (0x0000006f)
core   0: 3 0x800000bc (0x0000006f)
core   0: 3 0x800000bc (0x0000006f)
core   0: 3 0x800000bc (0x0000006f)
core   0: 3 0x800000bc (0x0000006f)
core   0: 3 0x800000bc (0x0000006f)
core   0: 3 0x800000bc (0x0000006f)
core   0: 3 0x800000bc (0x0000006f)
core   0: 3 0x800000bc (0x0000006f)
core   0: 3 0x800000bc (0x0000006f)
core   0: 3 0x800000bc (0x0000006f)
core   0: 3 0x800000bc (0x0000006f)
core   0: 3 0x800000bc (0x0000006f)
core   0: 3 0x800000bc (0x0000006f)
core   0: 3 0x800000bc (0x0000006f)
core   0: 3 0x800000bc (0x0000006f)
core   0: 3 0x800000bc (0x0000006f)
core   0: 3 0x800000bc (0x0000006f)
core   0: 3 0x800000bc (0x0000006f)
core   0: 3 0x800000bc (0x0000006f)
core   0: 3 0x800000bc (0x0000006f)
core   0: 3 0x800000bc (0x0000006f)
core   0: 3 0x800000bc (0x0000006f)
core   0: 3 0x800000bc (0x0000006f)
core   0: 3 0x800000bc (0x0000006f)
core   0: 3 0x800000bc (0x0000006f)
core   0: 3 0x800000bc (0x0000006f)
core   0: 3 0x800000bc (0x0000006f)
core   0: 3 0x800000bc (0x0000006f)
core   0: 3 0x800000bc (0x0000006f)
core   0: 3 0x800000bc (0x0000006f)
core   0: 3 0x800000bc (0x0000006f)
core   0: 3 0x800000bc (0x0000006f)
core   0: 3 0x800000bc (0x0000006f)
core   0: 3 0x800000bc (0x0000006f)
core   0: 3 0x800000bc (0x0000006f)
core   0: 3 0x800000bc (0x0000006f)
core   0: 3 0x800000bc (0x0000006f)
core   0: 3 0x800000bc (0x0000006f)
core   0: 3 0x800000bc (0x0000006f)
core   0: 3 0x800000bc (0x0000006f)
core   0: 3 0x800000bc (0x0000006f)
core   0: 3 0x800000bc (0x0000006f)
core   0: 3 0x800000bc (0x0000006f)
core   0: 3 0x800000bc (0x0000006f)
core   0: 3 0x800000bc (0x0000006f)
core   0: 3 0x800000bc (0x0000006f)
core   0: 3 0x800000bc (0x0000006f)
core   0: 3 0x800000bc (0x0000006f)
core   0: 3 0x800000bc (0x0000006f)
core   0: 3 0x800000bc (0x0000006f)
core   0: 3 0x800000bc (0x0000006f)
core   0: 3 0x800000bc (0x0000006f)
core   0: 3 0x800000bc (0x0000006f)
core   0: 3 0x800000bc (0x0000006f)
core   0: 3 0x800000bc (0x0000006f)
core   0: 3 0x800000bc (0x0000006f)
core   0: 3 0x800000bc (0x0000006f)
core   0: 3 0x800000bc (0x0000006f)
core   0: 3 0x800000bc (0x0000006f)
core   0: 3 0x800000bc (0x0000006f)
core   0: 3 0x800000bc (0x0000006f)
core   0: 3 0x800000bc (0x0000006f)
core   0: 3 0x800000bc (0x0000006f)
core   0: 3 0x800000bc (0x0000006f)
core   0: 3 0x800000bc (0x0000006f)
core   0: 3 0x800000bc (0x0000006f)
core   0: 3 0x800000bc (0x0000006f)
core   0: 3 0x800000bc (0x0000006f)
core   0: 3 0x800000bc (0x0000006f)
core   0: 3 0x800000bc (0x0000006f)
core   0: 3 0x800000bc (0x0000006f)
core   0: 3 0x800000bc (0x0000006f)
core   0: 3 0x800000bc (0x0000006f)
core   0: 3 0x800000bc (0x0000006f)
core   0: 3 0x800000bc (0x0000006f)
core   0: 3 0x800000bc (0x0000006f)
core   0: 3 0x800000bc (0x0000006f)
core   0: 3 0x800000bc (0x0000006f)
core   0: 3 0x800000bc (0x0000006f)
core   0: 3 0x800000bc (0x0000006f)
core   0: 3 0x800000bc (0x0000006f)
core   0: 3 0x800000bc (0x0000006f)
core   0: 3 0x800000bc (0x0000006f)
core   0: 3 0x800000bc (0x0000006f)
core   0: 3 0x800000bc (0x0000006f)
core   0: 3 0x800000bc (0x0000006f)
core   0: 3 0x800000bc (0x0000006f)
core   0: 3 0x800000bc (0x0000006f)
core   0: 3 0x800000bc (0x0000006f)
core   0: 3 0x800000bc (0x0000006f)
core   0: 3 0x800000bc (0x0000006f)
core   0: 3 0x800000bc (0x0000006f)
core   0: 3 0x800000bc (0x0000006f)
core   0: 3 0x800000bc (0x0000006f)
core   0: 3 0x800000bc (0x0000006f)
core   0: 3 0x800000bc (0x0000006f)
core   0: 3 0x800000bc (0x0000006f)
core   0: 3 0x800000bc (0x0000006f)
core   0: 3 0x800000bc (0x0000006f)
core   0: 3 0x800000bc (0x0000006f)
core   0: 3 0x800000bc (0x0000006f)
core   0: 3 0x800000bc (0x0000006f)
core   0: 3 0x800000bc (0x0000006f)
core   0: 3 0x800000bc (0x0000006f)
core   0: 3 0x800000bc (0x0000006f)
core   0: 3 0x800000bc (0x0000006f)
core   0: 3 0x800000bc (0x0000006f)
core   0: 3 0x800000bc (0x0000006f)
core   0: 3 0x800000bc (0x0000006f)
core   0: 3 0x800000bc (0x0000006f)
core   0: 3 0x800000bc (0x0000006f)
core   0: 3 0x800000bc (0x0000006f)
core   0: 3 0x800000bc (0x0000006f)
core   0: 3 0x800000bc (0x0000006f)
core   0: 3 0x800000bc (0x0000006f)
core   0: 3 0x800000bc (0x0000006f)
core   0: 3 0x800000bc (0x0000006f)
core   0: 3 0x800000bc (0x0000006f)
core   0: 3 0x800000bc (0x0000006f)
core   0: 3 0x800000bc (0x0000006f)
core   0: 3 0x800000bc (0x0000006f)
core   0: 3 0x800000bc (0x0000006f)
core   0: 3 0x800000bc (0x0000006f)
core   0: 3 0x800000bc (0x0000006f)
core   0: 3 0x800000bc (0x0000006f)
core   0: 3 0x800000bc (0x0000006f)
core   0: 3 0x800000bc (0x0000006f)
core   0: 3 0x800000bc (0x0000006f)
core   0: 3 0x800000bc (0x0000006f)
core   0: 3 0x800000bc (0x0000006f)
core   0: 3 0x800000bc (0x0000006f)
core   0: 3 0x800000bc (0x0000006f)
core   0: 3 0x800000bc (0x0000006f)
core   0: 3 0x800000bc (0x0000006f)
core   0: 3 0x800000bc (0x0000006f)
core   0: 3 0x800000bc (0x0000006f)
core   0: 3 0x800000bc (0x0000006f)
core   0: 3 0x800000bc (0x0000006f)
core   0: 3 0x800000bc (0x0000006f)
core   0: 3 0x800000bc (0x0000006f)
core   0: 3 0x800000bc (0x0000006f)
core   0: 3 0x800000bc (0x0000006f)
core   0: 3 0x800000bc (0x0000006f)
core   0: 3 0x800000bc (0x0000006f)
core   0: 3 0x800000bc (0x0000006f)
core   0: 3 0x800000bc (0x0000006f)
core   0: 3 0x800000bc (0x0000006f)
core   0: 3 0x800000bc (0x0000006f)
core   0: 3 0x800000bc (0x0000006f)
core   0: 3 0x800000bc (0x0000006f)
core   0: 3 0x800000bc (0x0000006f)
core   0: 3 0x800000bc (0x0000006f)
core   0: 3 0x800000bc (0x0000006f)
core   0: 3 0x800000bc (0x0000006f)
core   0: 3 0x800000bc (0x0000006f)
core   0: 3 0x800000bc (0x0000006f)
core   0: 3 0x800000bc (0x0000006f)
core   0: 3 0x800000bc (0x0000006f)
core   0: 3 0x800000bc (0x0000006f)
core   0: 3 0x800000bc (0x0000006f)
core   0: 3 0x800000bc (0x0000006f)
core   0: 3 0x800000bc (0x0000006f)
core   0: 3 0x800000bc (0x0000006f)
core   0: 3 0x800000bc (0x0000006f)
core   0: 3 0x800000bc (0x0000006f)
core   0: 3 0x800000bc (0x0000006f)
core   0: 3 0x800000bc (0x0000006f)
core   0: 3 0x800000bc (0x0000006f)
core   0: 3 0x800000bc (0x0000006f)
core   0: 3 0x800000bc (0x0000006f)
core   0: 3 0x800000bc (0x0000006f)
core   0: 3 0x800000bc (0x0000006f)
core   0: 3 0x800000bc (0x0000006f)
core   0: 3 0x800000bc (0x0000006f)
core   0: 3 0x800000bc (0x0000006f)
core   0: 3 0x800000bc (0x0000006f)
core   0: 3 0x800000bc (0x0000006f)
core   0: 3 0x800000bc (0x0000006f)
core   0: 3 0x800000bc (0x0000006f)
core   0: 3 0x800000bc (0x0000006f)
core   0: 3 0x800000bc (0x0000006f)
core   0: 3 0x800000bc (0x0000006f)
core   0: 3 0x800000bc (0x0000006f)
core   0: 3 0x800000bc (0x0000006f)
core   0: 3 0x800000bc (0x0000006f)
core   0: 3 0x800000bc (0x0000006f)
core   0: 3 0x800000bc (0x0000006f)
core   0: 3 0x800000bc (0x0000006f)
core   0: 3 0x800000bc (0x0000006f)
core   0: 3 0x800000bc (0x0000006f)
core   0: 3 0x800000bc (0x0000006f)
core   0: 3 0x800000bc (0x0000006f)
core   0: 3 0x800000bc (0x0000006f)
core   0: 3 0x800000bc (0x0000006f)
core   0: 3 0x800000bc (0x0000006f)
core   0: 3 0x800000bc (0x0000006f)
core   0: 3 0x800000bc (0x0000006f)
core   0: 3 0x800000bc (0x0000006f)
core   0: 3 0x800000bc (0x0000006f)
core   0: 3 0x800000bc (0x0000006f)
core   0: 3 0x800000bc (0x0000006f)
core   0: 3 0x800000bc (0x0000006f)
core   0: 3 0x800000bc (0x0000006f)
core   0: 3 0x800000bc (0x0000006f)
core   0: 3 0x800000bc (0x0000006f)
core   0: 3 0x800000bc (0x0000006f)
core   0: 3 0x800000bc (0x0000006f)
core   0: 3 0x800000bc (0x0000006f)
core   0: 3 0x800000bc (0x0000006f)
core   0: 3 0x800000bc (0x0000006f)
core   0: 3 0x800000bc (0x0000006f)
core   0: 3 0x800000bc (0x0000006f)
core   0: 3 0x800000bc (0x0000006f)
core   0: 3 0x800000bc (0x0000006f)
core   0: 3 0x800000bc (0x0000006f)
core   0: 3 0x800000bc (0x0000006f)
core   0: 3 0x800000bc (0x0000006f)
core   0: 3 0x800000bc (0x0000006f)
core   0: 3 0x800000bc (0x0000006f)
core   0: 3 0x800000bc (0x0000006f)
core   0: 3 0x800000bc (0x0000006f)
core   0: 3 0x800000bc (0x0000006f)
core   0: 3 0x800000bc (0x0000006f)
core   0: 3 0x800000bc (0x0000006f)
core   0: 3 0x800000bc (0x0000006f)
core   0: 3 0x800000bc (0x0000006f)
core   0: 3 0x800000bc (0x0000006f)
core   0: 3 0x800000bc (0x0000006f)
core   0: 3 0x800000bc (0x0000006f)
core   0: 3 0x800000bc (0x0000006f)
core   0: 3 0x800000bc (0x0000006f)
core   0: 3 0x800000bc (0x0000006f)
core   0: 3 0x800000bc (0x0000006f)
core   0: 3 0x800000bc (0x0000006f)
core   0: 3 0x800000bc (0x0000006f)
core   0: 3 0x800000bc (0x0000006f)
core   0: 3 0x800000bc (0x0000006f)
core   0: 3 0x800000bc (0x0000006f)
core   0: 3 0x800000bc (0x0000006f)
core   0: 3 0x800000bc (0x0000006f)
core   0: 3 0x800000bc (0x0000006f)
core   0: 3 0x800000bc (0x0000006f)
core   0: 3 0x800000bc (0x0000006f)
core   0: 3 0x800000bc (0x0000006f)
core   0: 3 0x800000bc (0x0000006f)
core   0: 3 0x800000bc (0x0000006f)
core   0: 3 0x800000bc (0x0000006f)
core   0: 3 0x800000bc (0x0000006f)
core   0: 3 0x800000bc (0x0000006f)
core   0: 3 0x800000bc (0x0000006f)
core   0: 3 0x800000bc (0x0000006f)
core   0: 3 0x800000bc (0x0000006f)
core   0: 3 0x800000bc (0x0000006f)
core   0: 3 0x800000bc (0x0000006f)
core   0: 3 0x800000bc (0x0000006f)
core   0: 3 0x800000bc (0x0000006f)
core   0: 3 0x800000bc (0x0000006f)
core   0: 3 0x800000bc (0x0000006f)
core   0: 3 0x800000bc (0x0000006f)
core   0: 3 0x800000bc (0x0000006f)
core   0: 3 0x800000bc (0x0000006f)
core   0: 3 0x800000bc (0x0000006f)
core   0: 3 0x800000bc (0x0000006f)
core   0: 3 0x800000bc (0x0000006f)
core   0: 3 0x800000bc (0x0000006f)
core   0: 3 0x800000bc (0x0000006f)
core   0: 3 0x800000bc (0x0000006f)
core   0: 3 0x800000bc (0x0000006f)
core   0: 3 0x800000bc (0x0000006f)
core   0: 3 0x800000bc (0x0000006f)
core   0: 3 0x800000bc (0x0000006f)
core   0: 3 0x800000bc (0x0000006f)
core   0: 3 0x800000bc (0x0000006f)
core   0: 3 0x800000bc (0x0000006f)
core   0: 3 0x800000bc (0x0000006f)
core   0: 3 0x800000bc (0x0000006f)
core   0: 3 0x800000bc (0x0000006f)
core   0: 3 0x800000bc (0x0000006f)
core   0: 3 0x800000bc (0x0000006f)
core   0: 3 0x800000bc (0x0000006f)
core   0: 3 0x800000bc (0x0000006f)
core   0: 3 0x800000bc (0x0000006f)
core   0: 3 0x800000bc (0x0000006f)
core   0: 3 0x800000bc (0x0000006f)
core   0: 3 0x800000bc (0x0000006f)
core   0: 3 0x800000bc (0x0000006f)
core   0: 3 0x800000bc (0x0000006f)
core   0: 3 0x800000bc (0x0000006f)
core   0: 3 0x800000bc (0x0000006f)
core   0: 3 0x800000bc (0x0000006f)
core   0: 3 0x800000bc (0x0000006f)
core   0: 3 0x800000bc (0x0000006f)
core   0: 3 0x800000bc (0x0000006f)
core   0: 3 0x800000bc (0x0000006f)
core   0: 3 0x800000bc (0x0000006f)
core   0: 3 0x800000bc (0x0000006f)
core   0: 3 0x800000bc (0x0000006f)
core   0: 3 0x800000bc (0x0000006f)
core   0: 3 0x800000bc (0x0000006f)
core   0: 3 0x800000bc (0x0000006f)
core   0: 3 0x800000bc (0x0000006f)
core   0: 3 0x800000bc (0x0000006f)
core   0: 3 0x800000bc (0x0000006f)
core   0: 3 0x800000bc (0x0000006f)
core   0: 3 0x800000bc (0x0000006f)
core   0: 3 0x800000bc (0x0000006f)
core   0: 3 0x800000bc (0x0000006f)
core   0: 3 0x800000bc (0x0000006f)
core   0: 3 0x800000bc (0x0000006f)
core   0: 3 0x800000bc (0x0000006f)
core   0: 3 0x800000bc (0x0000006f)
core   0: 3 0x800000bc (0x0000006f)
core   0: 3 0x800000bc (0x0000006f)
core   0: 3 0x800000bc (0x0000006f)
core   0: 3 0x800000bc (0x0000006f)
core   0: 3 0x800000bc (0x0000006f)
core   0: 3 0x800000bc (0x0000006f)
core   0: 3 0x800000bc (0x0000006f)
core   0: 3 0x800000bc (0x0000006f)
core   0: 3 0x800000bc (0x0000006f)
core   0: 3 0x800000bc (0x0000006f)
core   0: 3 0x800000bc (0x0000006f)
core   0: 3 0x800000bc (0x0000006f)
core   0: 3 0x800000bc (0x0000006f)
core   0: 3 0x800000bc (0x0000006f)
core   0: 3 0x800000bc (0x0000006f)
core   0: 3 0x800000bc (0x0000006f)
core   0: 3 0x800000bc (0x0000006f)
core   0: 3 0x800000bc (0x0000006f)
core   0: 3 0x800000bc (0x0000006f)
core   0: 3 0x800000bc (0x0000006f)
core   0: 3 0x800000bc (0x0000006f)
core   0: 3 0x800000bc (0x0000006f)
core   0: 3 0x800000bc (0x0000006f)
core   0: 3 0x800000bc (0x0000006f)
core   0: 3 0x800000bc (0x0000006f)
core   0: 3 0x800000bc (0x0000006f)
core   0: 3 0x800000bc (0x0000006f)
core   0: 3 0x800000bc (0x0000006f)
core   0: 3 0x800000bc (0x0000006f)
core   0: 3 0x800000bc (0x0000006f)
core   0: 3 0x800000bc (0x0000006f)
core   0: 3 0x800000bc (0x0000006f)
core   0: 3 0x800000bc (0x0000006f)
core   0: 3 0x800000bc (0x0000006f)
core   0: 3 0x800000bc (0x0000006f)
core   0: 3 0x800000bc (0x0000006f)
core   0: 3 0x800000bc (0x0000006f)
core   0: 3 0x800000bc (0x0000006f)
core   0: 3 0x800000bc (0x0000006f)
core   0: 3 0x800000bc (0x0000006f)
core   0: 3 0x800000bc (0x0000006f)
core   0: 3 0x800000bc (0x0000006f)
core   0: 3 0x800000bc (0x0000006f)
core   0: 3 0x800000bc (0x0000006f)
core   0: 3 0x800000bc (0x0000006f)
core   0: 3 0x800000bc (0x0000006f)
core   0: 3 0x800000bc (0x0000006f)
core   0: 3 0x800000bc (0x0000006f)
core   0: 3 0x800000bc (0x0000006f)
core   0: 3 0x800000bc (0x0000006f)
core   0: 3 0x800000bc (0x0000006f)
core   0: 3 0x800000bc (0x0000006f)
core   0: 3 0x800000bc (0x0000006f)
core   0: 3 0x800000bc (0x0000006f)
core   0: 3 0x800000bc (0x0000006f)
core   0: 3 0x800000bc (0x0000006f)
core   0: 3 0x800000bc (0x0000006f)
core   0: 3 0x800000bc (0x0000006f)
core   0: 3 0x800000bc (0x0000006f)
core   0: 3 0x800000bc (0x0000006f)
core   0: 3 0x800000bc (0x0000006f)
core   0: 3 0x800000bc (0x0000006f)
core   0: 3 0x800000bc (0x0000006f)
core   0: 3 0x800000bc (0x0000006f)
core   0: 3 0x800000bc (0x0000006f)
core   0: 3 0x800000bc (0x0000006f)
core   0: 3 0x800000bc (0x0000006f)
core   0: 3 0x800000bc (0x0000006f)
core   0: 3 0x800000bc (0x0000006f)
core   0: 3 0x800000bc (0x0000006f)
core   0: 3 0x800000bc (0x0000006f)
core   0: 3 0x800000bc (0x0000006f)
core   0: 3 0x800000bc (0x0000006f)
core   0: 3 0x800000bc (0x0000006f)
core   0: 3 0x800000bc (0x0000006f)
core   0: 3 0x800000bc (0x0000006f)
core   0: 3 0x800000bc (0x0000006f)
core   0: 3 0x800000bc (0x0000006f)
core   0: 3 0x800000bc (0x0000006f)
core   0: 3 0x800000bc (0x0000006f)
core   0: 3 0x800000bc (0x0000006f)
core   0: 3 0x800000bc (0x0000006f)
core   0: 3 0x800000bc (0x0000006f)
core   0: 3 0x800000bc (0x0000006f)
core   0: 3 0x800000bc (0x0000006f)
core   0: 3 0x800000bc (0x0000006f)
core   0: 3 0x800000bc (0x0000006f)
core   0: 3 0x800000bc (0x0000006f)
core   0: 3 0x800000bc (0x0000006f)
core   0: 3 0x800000bc (0x0000006f)
core   0: 3 0x800000bc (0x0000006f)
core   0: 3 0x800000bc (0x0000006f)
core   0: 3 0x800000bc (0x0000006f)
core   0: 3 0x800000bc (0x0000006f)
core   0: 3 0x800000bc (0x0000006f)
core   0: 3 0x800000bc (0x0000006f)
core   0: 3 0x800000bc (0x0000006f)
core   0: 3 0x800000bc (0x0000006f)
core   0: 3 0x800000bc (0x0000006f)
core   0: 3 0x800000bc (0x0000006f)
core   0: 3 0x800000bc (0x0000006f)
core   0: 3 0x800000bc (0x0000006f)
core   0: 3 0x800000bc (0x0000006f)
core   0: 3 0x800000bc (0x0000006f)
core   0: 3 0x800000bc (0x0000006f)
core   0: 3 0x800000bc (0x0000006f)
core   0: 3 0x800000bc (0x0000006f)
core   0: 3 0x800000bc (0x0000006f)
core   0: 3 0x800000bc (0x0000006f)
core   0: 3 0x800000bc (0x0000006f)
core   0: 3 0x800000bc (0x0000006f)
core   0: 3 0x800000bc (0x0000006f)
core   0: 3 0x800000bc (0x0000006f)
core   0: 3 0x800000bc (0x0000006f)
core   0: 3 0x800000bc (0x0000006f)
core   0: 3 0x800000bc (0x0000006f)
core   0: 3 0x800000bc (0x0000006f)
core   0: 3 0x800000bc (0x0000006f)
core   0: 3 0x800000bc (0x0000006f)
core   0: 3 0x800000bc (0x0000006f)
core   0: 3 0x800000bc (0x0000006f)
core   0: 3 0x800000bc (0x0000006f)
core   0: 3 0x800000bc (0x0000006f)
core   0: 3 0x800000bc (0x0000006f)
core   0: 3 0x800000bc (0x0000006f)
core   0: 3 0x800000bc (0x0000006f)
core   0: 3 0x800000bc (0x0000006f)
core   0: 3 0x800000bc (0x0000006f)
core   0: 3 0x800000bc (0x0000006f)
core   0: 3 0x800000bc (0x0000006f)
core   0: 3 0x800000bc (0x0000006f)
core   0: 3 0x800000bc (0x0000006f)
core   0: 3 0x800000bc (0x0000006f)
core   0: 3 0x800000bc (0x0000006f)
core   0: 3 0x800000bc (0x0000006f)
core   0: 3 0x800000bc (0x0000006f)
core   0: 3 0x800000bc (0x0000006f)
core   0: 3 0x800000bc (0x0000006f)
core   0: 3 0x800000bc (0x0000006f)
core   0: 3 0x800000bc (0x0000006f)
core   0: 3 0x800000bc (0x0000006f)
core   0: 3 0x800000bc (0x0000006f)
core   0: 3 0x800000bc (0x0000006f)
core   0: 3 0x800000bc (0x0000006f)
core   0: 3 0x800000bc (0x0000006f)
core   0: 3 0x800000bc (0x0000006f)
core   0: 3 0x800000bc (0x0000006f)
core   0: 3 0x800000bc (0x0000006f)
core   0: 3 0x800000bc (0x0000006f)
core   0: 3 0x800000bc (0x0000006f)
core   0: 3 0x800000bc (0x0000006f)
core   0: 3 0x800000bc (0x0000006f)
core   0: 3 0x800000bc (0x0000006f)
core   0: 3 0x800000bc (0x0000006f)
core   0: 3 0x800000bc (0x0000006f)
core   0: 3 0x800000bc (0x0000006f)
core   0: 3 0x800000bc (0x0000006f)
core   0: 3 0x800000bc (0x0000006f)
core   0: 3 0x800000bc (0x0000006f)
core   0: 3 0x800000bc (0x0000006f)
core   0: 3 0x800000bc (0x0000006f)
core   0: 3 0x800000bc (0x0000006f)
core   0: 3 0x800000bc (0x0000006f)
core   0: 3 0x800000bc (0x0000006f)
core   0: 3 0x800000bc (0x0000006f)
core   0: 3 0x800000bc (0x0000006f)
core   0: 3 0x800000bc (0x0000006f)
core   0: 3 0x800000bc (0x0000006f)
core   0: 3 0x800000bc (0x0000006f)
core   0: 3 0x800000bc (0x0000006f)
core   0: 3 0x800000bc (0x0000006f)
core   0: 3 0x800000bc (0x0000006f)
core   0: 3 0x800000bc (0x0000006f)
core   0: 3 0x800000bc (0x0000006f)
core   0: 3 0x800000bc (0x0000006f)
core   0: 3 0x800000bc (0x0000006f)
core   0: 3 0x800000bc (0x0000006f)
core   0: 3 0x800000bc (0x0000006f)
core   0: 3 0x800000bc (0x0000006f)
core   0: 3 0x800000bc (0x0000006f)
core   0: 3 0x800000bc (0x0000006f)
core   0: 3 0x800000bc (0x0000006f)
core   0: 3 0x800000bc (0x0000006f)
core   0: 3 0x800000bc (0x0000006f)
core   0: 3 0x800000bc (0x0000006f)
core   0: 3 0x800000bc (0x0000006f)
core   0: 3 0x800000bc (0x0000006f)
core   0: 3 0x800000bc (0x0000006f)
core   0: 3 0x800000bc (0x0000006f)
core   0: 3 0x800000bc (0x0000006f)
core   0: 3 0x800000bc (0x0000006f)
core   0: 3 0x800000bc (0x0000006f)
core   0: 3 0x800000bc (0x0000006f)
core   0: 3 0x800000bc (0x0000006f)
core   0: 3 0x800000bc (0x0000006f)
core   0: 3 0x800000bc (0x0000006f)
core   0: 3 0x800000bc (0x0000006f)
core   0: 3 0x800000bc (0x0000006f)
core   0: 3 0x800000bc (0x0000006f)
core   0: 3 0x800000bc (0x0000006f)
core   0: 3 0x800000bc (0x0000006f)
core   0: 3 0x800000bc (0x0000006f)
core   0: 3 0x800000bc (0x0000006f)
core   0: 3 0x800000bc (0x0000006f)
core   0: 3 0x800000bc (0x0000006f)
core   0: 3 0x800000bc (0x0000006f)
core   0: 3 0x800000bc (0x0000006f)
core   0: 3 0x800000bc (0x0000006f)
core   0: 3 0x800000bc (0x0000006f)
core   0: 3 0x800000bc (0x0000006f)
core   0: 3 0x800000bc (0x0000006f)
core   0: 3 0x800000bc (0x0000006f)
core   0: 3 0x800000bc (0x0000006f)
core   0: 3 0x800000bc (0x0000006f)
core   0: 3 0x800000bc (0x0000006f)
core   0: 3 0x800000bc (0x0000006f)
core   0: 3 0x800000bc (0x0000006f)
core   0: 3 0x800000bc (0x0000006f)
core   0: 3 0x800000bc (0x0000006f)
core   0: 3 0x800000bc (0x0000006f)
core   0: 3 0x800000bc (0x0000006f)
core   0: 3 0x800000bc (0x0000006f)
core   0: 3 0x800000bc (0x0000006f)
core   0: 3 0x800000bc (0x0000006f)
core   0: 3 0x800000bc (0x0000006f)
core   0: 3 0x800000bc (0x0000006f)
core   0: 3 0x800000bc (0x0000006f)
core   0: 3 0x800000bc (0x0000006f)
core   0: 3 0x800000bc (0x0000006f)
core   0: 3 0x800000bc (0x0000006f)
core   0: 3 0x800000bc (0x0000006f)
core   0: 3 0x800000bc (0x0000006f)
core   0: 3 0x800000bc (0x0000006f)
core   0: 3 0x800000bc (0x0000006f)
core   0: 3 0x800000bc (0x0000006f)
core   0: 3 0x800000bc (0x0000006f)
core   0: 3 0x800000bc (0x0000006f)
core   0: 3 0x800000bc (0x0000006f)
core   0: 3 0x800000bc (0x0000006f)
core   0: 3 0x800000bc (0x0000006f)
core   0: 3 0x800000bc (0x0000006f)
core   0: 3 0x800000bc (0x0000006f)
core   0: 3 0x800000bc (0x0000006f)
core   0: 3 0x800000bc (0x0000006f)
core   0: 3 0x800000bc (0x0000006f)
core   0: 3 0x800000bc (0x0000006f)
core   0: 3 0x800000bc (0x0000006f)
core   0: 3 0x800000bc (0x0000006f)
core   0: 3 0x800000bc (0x0000006f)
core   0: 3 0x800000bc (0x0000006f)
core   0: 3 0x800000bc (0x0000006f)
core   0: 3 0x800000bc (0x0000006f)
core   0: 3 0x800000bc (0x0000006f)
core   0: 3 0x800000bc (0x0000006f)
core   0: 3 0x800000bc (0x0000006f)
core   0: 3 0x800000bc (0x0000006f)
core   0: 3 0x800000bc (0x0000006f)
core   0: 3 0x800000bc (0x0000006f)
core   0: 3 0x800000bc (0x0000006f)
core   0: 3 0x800000bc (0x0000006f)
core   0: 3 0x800000bc (0x0000006f)
core   0: 3 0x800000bc (0x0000006f)
core   0: 3 0x800000bc (0x0000006f)
core   0: 3 0x800000bc (0x0000006f)
core   0: 3 0x800000bc (0x0000006f)
core   0: 3 0x800000bc (0x0000006f)
core   0: 3 0x800000bc (0x0000006f)
core   0: 3 0x800000bc (0x0000006f)
core   0: 3 0x800000bc (0x0000006f)
core   0: 3 0x800000bc (0x0000006f)
core   0: 3 0x800000bc (0x0000006f)
core   0: 3 0x800000bc (0x0000006f)
core   0: 3 0x800000bc (0x0000006f)
core   0: 3 0x800000bc (0x0000006f)
core   0: 3 0x800000bc (0x0000006f)
core   0: 3 0x800000bc (0x0000006f)
core   0: 3 0x800000bc (0x0000006f)
core   0: 3 0x800000bc (0x0000006f)
core   0: 3 0x800000bc (0x0000006f)
core   0: 3 0x800000bc (0x0000006f)
core   0: 3 0x800000bc (0x0000006f)
core   0: 3 0x800000bc (0x0000006f)
core   0: 3 0x800000bc (0x0000006f)
core   0: 3 0x800000bc (0x0000006f)
core   0: 3 0x800000bc (0x0000006f)
core   0: 3 0x800000bc (0x0000006f)
core   0: 3 0x800000bc (0x0000006f)
core   0: 3 0x800000bc (0x0000006f)
core   0: 3 0x800000bc (0x0000006f)
core   0: 3 0x800000bc (0x0000006f)
core   0: 3 0x800000bc (0x0000006f)
core   0: 3 0x800000bc (0x0000006f)
core   0: 3 0x800000bc (0x0000006f)
core   0: 3 0x800000bc (0x0000006f)
core   0: 3 0x800000bc (0x0000006f)
core   0: 3 0x800000bc (0x0000006f)
core   0: 3 0x800000bc (0x0000006f)
core   0: 3 0x800000bc (0x0000006f)
core   0: 3 0x800000bc (0x0000006f)
core   0: 3 0x800000bc (0x0000006f)
core   0: 3 0x800000bc (0x0000006f)
core   0: 3 0x800000bc (0x0000006f)
core   0: 3 0x800000bc (0x0000006f)
core   0: 3 0x800000bc (0x0000006f)
core   0: 3 0x800000bc (0x0000006f)
core   0: 3 0x800000bc (0x0000006f)
core   0: 3 0x800000bc (0x0000006f)
core   0: 3 0x800000bc (0x0000006f)
core   0: 3 0x800000bc (0x0000006f)
core   0: 3 0x800000bc (0x0000006f)
core   0: 3 0x800000bc (0x0000006f)
core   0: 3 0x800000bc (0x0000006f)
core   0: 3 0x800000bc (0x0000006f)
core   0: 3 0x800000bc (0x0000006f)
core   0: 3 0x800000bc (0x0000006f)
core   0: 3 0x800000bc (0x0000006f)
core   0: 3 0x800000bc (0x0000006f)
core   0: 3 0x800000bc (0x0000006f)
core   0: 3 0x800000bc (0x0000006f)
core   0: 3 0x800000bc (0x0000006f)
core   0: 3 0x800000bc (0x0000006f)
core   0: 3 0x800000bc (0x0000006f)
core   0: 3 0x800000bc (0x0000006f)
core   0: 3 0x800000bc (0x0000006f)
core   0: 3 0x800000bc (0x0000006f)
core   0: 3 0x800000bc (0x0000006f)
core   0: 3 0x800000bc (0x0000006f)
core   0: 3 0x800000bc (0x0000006f)
core   0: 3 0x800000bc (0x0000006f)
core   0: 3 0x800000bc (0x0000006f)
core   0: 3 0x800000bc (0x0000006f)
core   0: 3 0x800000bc (0x0000006f)
core   0: 3 0x800000bc (0x0000006f)
core   0: 3 0x800000bc (0x0000006f)
core   0: 3 0x800000bc (0x0000006f)
core   0: 3 0x800000bc (0x0000006f)
core   0: 3 0x800000bc (0x0000006f)
core   0: 3 0x800000bc (0x0000006f)
core   0: 3 0x800000bc (0x0000006f)
core   0: 3 0x800000bc (0x0000006f)
core   0: 3 0x800000bc (0x0000006f)
core   0: 3 0x800000bc (0x0000006f)
core   0: 3 0x800000bc (0x0000006f)
core   0: 3 0x800000bc (0x0000006f)
core   0: 3 0x800000bc (0x0000006f)
core   0: 3 0x800000bc (0x0000006f)
core   0: 3 0x800000bc (0x0000006f)
core   0: 3 0x800000bc (0x0000006f)
core   0: 3 0x800000bc (0x0000006f)
core   0: 3 0x800000bc (0x0000006f)
core   0: 3 0x800000bc (0x0000006f)
core   0: 3 0x800000bc (0x0000006f)
core   0: 3 0x800000bc (0x0000006f)
core   0: 3 0x800000bc (0x0000006f)
core   0: 3 0x800000bc (0x0000006f)
core   0: 3 0x800000bc (0x0000006f)
core   0: 3 0x800000bc (0x0000006f)
core   0: 3 0x800000bc (0x0000006f)
core   0: 3 0x800000bc (0x0000006f)
core   0: 3 0x800000bc (0x0000006f)
core   0: 3 0x800000bc (0x0000006f)
core   0: 3 0x800000bc (0x0000006f)
core   0: 3 0x800000bc (0x0000006f)
core   0: 3 0x800000bc (0x0000006f)
core   0: 3 0x800000bc (0x0000006f)
core   0: 3 0x800000bc (0x0000006f)
core   0: 3 0x800000bc (0x0000006f)
core   0: 3 0x800000bc (0x0000006f)
core   0: 3 0x800000bc (0x0000006f)
core   0: 3 0x800000bc (0x0000006f)
core   0: 3 0x800000bc (0x0000006f)
core   0: 3 0x800000bc (0x0000006f)
core   0: 3 0x800000bc (0x0000006f)
core   0: 3 0x800000bc (0x0000006f)
core   0: 3 0x800000bc (0x0000006f)
core   0: 3 0x800000bc (0x0000006f)
core   0: 3 0x800000bc (0x0000006f)
core   0: 3 0x800000bc (0x0000006f)
core   0: 3 0x800000bc (0x0000006f)
core   0: 3 0x800000bc (0x0000006f)
core   0: 3 0x800000bc (0x0000006f)
core   0: 3 0x800000bc (0x0000006f)
core   0: 3 0x800000bc (0x0000006f)
core   0: 3 0x800000bc (0x0000006f)
core   0: 3 0x800000bc (0x0000006f)
core   0: 3 0x800000bc (0x0000006f)
core   0: 3 0x800000bc (0x0000006f)
core   0: 3 0x800000bc (0x0000006f)
core   0: 3 0x800000bc (0x0000006f)
core   0: 3 0x800000bc (0x0000006f)
core   0: 3 0x800000bc (0x0000006f)
core   0: 3 0x800000bc (0x0000006f)
core   0: 3 0x800000bc (0x0000006f)
core   0: 3 0x800000bc (0x0000006f)
core   0: 3 0x800000bc (0x0000006f)
core   0: 3 0x800000bc (0x0000006f)
core   0: 3 0x800000bc (0x0000006f)
core   0: 3 0x800000bc (0x0000006f)
core   0: 3 0x800000bc (0x0000006f)
core   0: 3 0x800000bc (0x0000006f)
core   0: 3 0x800000bc (0x0000006f)
core   0: 3 0x800000bc (0x0000006f)
core   0: 3 0x800000bc (0x0000006f)
core   0: 3 0x800000bc (0x0000006f)
core   0: 3 0x800000bc (0x0000006f)
core   0: 3 0x800000bc (0x0000006f)
core   0: 3 0x800000bc (0x0000006f)
core   0: 3 0x800000bc (0x0000006f)
core   0: 3 0x800000bc (0x0000006f)
core   0: 3 0x800000bc (0x0000006f)
core   0: 3 0x800000bc (0x0000006f)
core   0: 3 0x800000bc (0x0000006f)
core   0: 3 0x800000bc (0x0000006f)
core   0: 3 0x800000bc (0x0000006f)
core   0: 3 0x800000bc (0x0000006f)
core   0: 3 0x800000bc (0x0000006f)
core   0: 3 0x800000bc (0x0000006f)
core   0: 3 0x800000bc (0x0000006f)
core   0: 3 0x800000bc (0x0000006f)
core   0: 3 0x800000bc (0x0000006f)
core   0: 3 0x800000bc (0x0000006f)
core   0: 3 0x800000bc (0x0000006f)
core   0: 3 0x800000bc (0x0000006f)
core   0: 3 0x800000bc (0x0000006f)
core   0: 3 0x800000bc (0x0000006f)
core   0: 3 0x800000bc (0x0000006f)
core   0: 3 0x800000bc (0x0000006f)
core   0: 3 0x800000bc (0x0000006f)
core   0: 3 0x800000bc (0x0000006f)
core   0: 3 0x800000bc (0x0000006f)
core   0: 3 0x800000bc (0x0000006f)
core   0: 3 0x800000bc (0x0000006f)
core   0: 3 0x800000bc (0x0000006f)
core   0: 3 0x800000bc (0x0000006f)
core   0: 3 0x800000bc (0x0000006f)
core   0: 3 0x800000bc (0x0000006f)
core   0: 3 0x800000bc (0x0000006f)
core   0: 3 0x800000bc (0x0000006f)
core   0: 3 0x800000bc (0x0000006f)
core   0: 3 0x800000bc (0x0000006f)
core   0: 3 0x800000bc (0x0000006f)
core   0: 3 0x800000bc (0x0000006f)
core   0: 3 0x800000bc (0x0000006f)
core   0: 3 0x800000bc (0x0000006f)
core   0: 3 0x800000bc (0x0000006f)
core   0: 3 0x800000bc (0x0000006f)
core   0: 3 0x800000bc (0x0000006f)
core   0: 3 0x800000bc (0x0000006f)
core   0: 3 0x800000bc (0x0000006f)
core   0: 3 0x800000bc (0x0000006f)
core   0: 3 0x800000bc (0x0000006f)
core   0: 3 0x800000bc (0x0000006f)
core   0: 3 0x800000bc (0x0000006f)
core   0: 3 0x800000bc (0x0000006f)
core   0: 3 0x800000bc (0x0000006f)
core   0: 3 0x800000bc (0x0000006f)
core   0: 3 0x800000bc (0x0000006f)
core   0: 3 0x800000bc (0x0000006f)
core   0: 3 0x800000bc (0x0000006f)
core   0: 3 0x800000bc (0x0000006f)
core   0: 3 0x800000bc (0x0000006f)
core   0: 3 0x800000bc (0x0000006f)
core   0: 3 0x800000bc (0x0000006f)
core   0: 3 0x800000bc (0x0000006f)
core   0: 3 0x800000bc (0x0000006f)
core   0: 3 0x800000bc (0x0000006f)
core   0: 3 0x800000bc (0x0000006f)
core   0: 3 0x800000bc (0x0000006f)
core   0: 3 0x800000bc (0x0000006f)
core   0: 3 0x800000bc (0x0000006f)
core   0: 3 0x800000bc (0x0000006f)
core   0: 3 0x800000bc (0x0000006f)
core   0: 3 0x800000bc (0x0000006f)
core   0: 3 0x800000bc (0x0000006f)
core   0: 3 0x800000bc (0x0000006f)
core   0: 3 0x800000bc (0x0000006f)
core   0: 3 0x800000bc (0x0000006f)
core   0: 3 0x800000bc (0x0000006f)
core   0: 3 0x800000bc (0x0000006f)
core   0: 3 0x800000bc (0x0000006f)
core   0: 3 0x800000bc (0x0000006f)
core   0: 3 0x800000bc (0x0000006f)
core   0: 3 0x800000bc (0x0000006f)
core   0: 3 0x800000bc (0x0000006f)
core   0: 3 0x800000bc (0x0000006f)
core   0: 3 0x800000bc (0x0000006f)
core   0: 3 0x800000bc (0x0000006f)
core   0: 3 0x800000bc (0x0000006f)
core   0: 3 0x800000bc (0x0000006f)
core   0: 3 0x800000bc (0x0000006f)
core   0: 3 0x800000bc (0x0000006f)
core   0: 3 0x800000bc (0x0000006f)
core   0: 3 0x800000bc (0x0000006f)
core   0: 3 0x800000bc (0x0000006f)
core   0: 3 0x800000bc (0x0000006f)
core   0: 3 0x800000bc (0x0000006f)
core   0: 3 0x800000bc (0x0000006f)
core   0: 3 0x800000bc (0x0000006f)
core   0: 3 0x800000bc (0x0000006f)
core   0: 3 0x800000bc (0x0000006f)
core   0: 3 0x800000bc (0x0000006f)
core   0: 3 0x800000bc (0x0000006f)
core   0: 3 0x800000bc (0x0000006f)
core   0: 3 0x800000bc (0x0000006f)
core   0: 3 0x800000bc (0x0000006f)
core   0: 3 0x800000bc (0x0000006f)
core   0: 3 0x800000bc (0x0000006f)
core   0: 3 0x800000bc (0x0000006f)
core   0: 3 0x800000bc (0x0000006f)
core   0: 3 0x800000bc (0x0000006f)
core   0: 3 0x800000bc (0x0000006f)
core   0: 3 0x800000bc (0x0000006f)
core   0: 3 0x800000bc (0x0000006f)
core   0: 3 0x800000bc (0x0000006f)
core   0: 3 0x800000bc (0x0000006f)
core   0: 3 0x800000bc (0x0000006f)
core   0: 3 0x800000bc (0x0000006f)
core   0: 3 0x800000bc (0x0000006f)
core   0: 3 0x800000bc (0x0000006f)
core   0: 3 0x800000bc (0x0000006f)
core   0: 3 0x800000bc (0x0000006f)
core   0: 3 0x800000bc (0x0000006f)
core   0: 3 0x800000bc (0x0000006f)
core   0: 3 0x800000bc (0x0000006f)
core   0: 3 0x800000bc (0x0000006f)
core   0: 3 0x800000bc (0x0000006f)
core   0: 3 0x800000bc (0x0000006f)
core   0: 3 0x800000bc (0x0000006f)
core   0: 3 0x800000bc (0x0000006f)
core   0: 3 0x800000bc (0x0000006f)
core   0: 3 0x800000bc (0x0000006f)
core   0: 3 0x800000bc (0x0000006f)
core   0: 3 0x800000bc (0x0000006f)
core   0: 3 0x800000bc (0x0000006f)
core   0: 3 0x800000bc (0x0000006f)
core   0: 3 0x800000bc (0x0000006f)
core   0: 3 0x800000bc (0x0000006f)
core   0: 3 0x800000bc (0x0000006f)
core   0: 3 0x800000bc (0x0000006f)
core   0: 3 0x800000bc (0x0000006f)
core   0: 3 0x800000bc (0x0000006f)
core   0: 3 0x800000bc (0x0000006f)
core   0: 3 0x800000bc (0x0000006f)
core   0: 3 0x800000bc (0x0000006f)
core   0: 3 0x800000bc (0x0000006f)
core   0: 3 0x800000bc (0x0000006f)
core   0: 3 0x800000bc (0x0000006f)
core   0: 3 0x800000bc (0x0000006f)
core   0: 3 0x800000bc (0x0000006f)
core   0: 3 0x800000bc (0x0000006f)
core   0: 3 0x800000bc (0x0000006f)
core   0: 3 0x800000bc (0x0000006f)
core   0: 3 0x800000bc (0x0000006f)
core   0: 3 0x800000bc (0x0000006f)
core   0: 3 0x800000bc (0x0000006f)
core   0: 3 0x800000bc (0x0000006f)
core   0: 3 0x800000bc (0x0000006f)
core   0: 3 0x800000bc (0x0000006f)
core   0: 3 0x800000bc (0x0000006f)
core   0: 3 0x800000bc (0x0000006f)
core   0: 3 0x800000bc (0x0000006f)
core   0: 3 0x800000bc (0x0000006f)
core   0: 3 0x800000bc (0x0000006f)
core   0: 3 0x800000bc (0x0000006f)
core   0: 3 0x800000bc (0x0000006f)
core   0: 3 0x800000bc (0x0000006f)
core   0: 3 0x800000bc (0x0000006f)
core   0: 3 0x800000bc (0x0000006f)
core   0: 3 0x800000bc (0x0000006f)
core   0: 3 0x800000bc (0x0000006f)
core   0: 3 0x800000bc (0x0000006f)
core   0: 3 0x800000bc (0x0000006f)
core   0: 3 0x800000bc (0x0000006f)
core   0: 3 0x800000bc (0x0000006f)
core   0: 3 0x800000bc (0x0000006f)
core   0: 3 0x800000bc (0x0000006f)
core   0: 3 0x800000bc (0x0000006f)
core   0: 3 0x800000bc (0x0000006f)
core   0: 3 0x800000bc (0x0000006f)
core   0: 3 0x800000bc (0x0000006f)
core   0: 3 0x800000bc (0x0000006f)
core   0: 3 0x800000bc (0x0000006f)
core   0: 3 0x800000bc (0x0000006f)
core   0: 3 0x800000bc (0x0000006f)
core   0: 3 0x800000bc (0x0000006f)
core   0: 3 0x800000bc (0x0000006f)
core   0: 3 0x800000bc (0x0000006f)
core   0: 3 0x800000bc (0x0000006f)
core   0: 3 0x800000bc (0x0000006f)
core   0: 3 0x800000bc (0x0000006f)
core   0: 3 0x800000bc (0x0000006f)
core   0: 3 0x800000bc (0x0000006f)
core   0: 3 0x800000bc (0x0000006f)
core   0: 3 0x800000bc (0x0000006f)
core   0: 3 0x800000bc (0x0000006f)
core   0: 3 0x800000bc (0x0000006f)
core   0: 3 0x800000bc (0x0000006f)
core   0: 3 0x800000bc (0x0000006f)
core   0: 3 0x800000bc (0x0000006f)
core   0: 3 0x800000bc (0x0000006f)
core   0: 3 0x800000bc (0x0000006f)
core   0: 3 0x800000bc (0x0000006f)
core   0: 3 0x800000bc (0x0000006f)
core   0: 3 0x800000bc (0x0000006f)
core   0: 3 0x800000bc (0x0000006f)
core   0: 3 0x800000bc (0x0000006f)
core   0: 3 0x800000bc (0x0000006f)
core   0: 3 0x800000bc (0x0000006f)
core   0: 3 0x800000bc (0x0000006f)
core   0: 3 0x800000bc (0x0000006f)
core   0: 3 0x800000bc (0x0000006f)
core   0: 3 0x800000bc (0x0000006f)
core   0: 3 0x800000bc (0x0000006f)
core   0: 3 0x800000bc (0x0000006f)
core   0: 3 0x800000bc (0x0000006f)
core   0: 3 0x800000bc (0x0000006f)
core   0: 3 0x800000bc (0x0000006f)
core   0: 3 0x800000bc (0x0000006f)
core   0: 3 0x800000bc (0x0000006f)
core   0: 3 0x800000bc (0x0000006f)
core   0: 3 0x800000bc (0x0000006f)
core   0: 3 0x800000bc (0x0000006f)
core   0: 3 0x800000bc (0x0000006f)
core   0: 3 0x800000bc (0x0000006f)
core   0: 3 0x800000bc (0x0000006f)
core   0: 3 0x800000bc (0x0000006f)
core   0: 3 0x800000bc (0x0000006f)
core   0: 3 0x800000bc (0x0000006f)
core   0: 3 0x800000bc (0x0000006f)
core   0: 3 0x800000bc (0x0000006f)
core   0: 3 0x800000bc (0x0000006f)
core   0: 3 0x800000bc (0x0000006f)
core   0: 3 0x800000bc (0x0000006f)
core   0: 3 0x800000bc (0x0000006f)
core   0: 3 0x800000bc (0x0000006f)
core   0: 3 0x800000bc (0x0000006f)
core   0: 3 0x800000bc (0x0000006f)
core   0: 3 0x800000bc (0x0000006f)
core   0: 3 0x800000bc (0x0000006f)
core   0: 3 0x800000bc (0x0000006f)
core   0: 3 0x800000bc (0x0000006f)
core   0: 3 0x800000bc (0x0000006f)
core   0: 3 0x800000bc (0x0000006f)
core   0: 3 0x800000bc (0x0000006f)
core   0: 3 0x800000bc (0x0000006f)
core   0: 3 0x800000bc (0x0000006f)
core   0: 3 0x800000bc (0x0000006f)
core   0: 3 0x800000bc (0x0000006f)
core   0: 3 0x800000bc (0x0000006f)
core   0: 3 0x800000bc (0x0000006f)
core   0: 3 0x800000bc (0x0000006f)
core   0: 3 0x800000bc (0x0000006f)
core   0: 3 0x800000bc (0x0000006f)
core   0: 3 0x800000bc (0x0000006f)
core   0: 3 0x800000bc (0x0000006f)
core   0: 3 0x800000bc (0x0000006f)
core   0: 3 0x800000bc (0x0000006f)
core   0: 3 0x800000bc (0x0000006f)
core   0: 3 0x800000bc (0x0000006f)
core   0: 3 0x800000bc (0x0000006f)
core   0: 3 0x800000bc (0x0000006f)
core   0: 3 0x800000bc (0x0000006f)
core   0: 3 0x800000bc (0x0000006f)
core   0: 3 0x800000bc (0x0000006f)
core   0: 3 0x800000bc (0x0000006f)
core   0: 3 0x800000bc (0x0000006f)
core   0: 3 0x800000bc (0x0000006f)
core   0: 3 0x800000bc (0x0000006f)
core   0: 3 0x800000bc (0x0000006f)
core   0: 3 0x800000bc (0x0000006f)
core   0: 3 0x800000bc (0x0000006f)
core   0: 3 0x800000bc (0x0000006f)
core   0: 3 0x800000bc (0x0000006f)
core   0: 3 0x800000bc (0x0000006f)
core   0: 3 0x800000bc (0x0000006f)
core   0: 3 0x800000bc (0x0000006f)
core   0: 3 0x800000bc (0x0000006f)
core   0: 3 0x800000bc (0x0000006f)
core   0: 3 0x800000bc (0x0000006f)
core   0: 3 0x800000bc (0x0000006f)
core   0: 3 0x800000bc (0x0000006f)
core   0: 3 0x800000bc (0x0000006f)
core   0: 3 0x800000bc (0x0000006f)
core   0: 3 0x800000bc (0x0000006f)
core   0: 3 0x800000bc (0x0000006f)
core   0: 3 0x800000bc (0x0000006f)
core   0: 3 0x800000bc (0x0000006f)
core   0: 3 0x800000bc (0x0000006f)
core   0: 3 0x800000bc (0x0000006f)
core   0: 3 0x800000bc (0x0000006f)
core   0: 3 0x800000bc (0x0000006f)
core   0: 3 0x800000bc (0x0000006f)
core   0: 3 0x800000bc (0x0000006f)
core   0: 3 0x800000bc (0x0000006f)
core   0: 3 0x800000bc (0x0000006f)
core   0: 3 0x800000bc (0x0000006f)
core   0: 3 0x800000bc (0x0000006f)
core   0: 3 0x800000bc (0x0000006f)
core   0: 3 0x800000bc (0x0000006f)
core   0: 3 0x800000bc (0x0000006f)
core   0: 3 0x800000bc (0x0000006f)
core   0: 3 0x800000bc (0x0000006f)
core   0: 3 0x800000bc (0x0000006f)
core   0: 3 0x800000bc (0x0000006f)
core   0: 3 0x800000bc (0x0000006f)
core   0: 3 0x800000bc (0x0000006f)
core   0: 3 0x800000bc (0x0000006f)
core   0: 3 0x800000bc (0x0000006f)
core   0: 3 0x800000bc (0x0000006f)
core   0: 3 0x800000bc (0x0000006f)
core   0: 3 0x800000bc (0x0000006f)
core   0: 3 0x800000bc (0x0000006f)
core   0: 3 0x800000bc (0x0000006f)
core   0: 3 0x800000bc (0x0000006f)
core   0: 3 0x800000bc (0x0000006f)
core   0: 3 0x800000bc (0x0000006f)
core   0: 3 0x800000bc (0x0000006f)
core   0: 3 0x800000bc (0x0000006f)
core   0: 3 0x800000bc (0x0000006f)
core   0: 3 0x800000bc (0x0000006f)
core   0: 3 0x800000bc (0x0000006f)
core   0: 3 0x800000bc (0x0000006f)
core   0: 3 0x800000bc (0x0000006f)
core   0: 3 0x800000bc (0x0000006f)
core   0: 3 0x800000bc (0x0000006f)
core   0: 3 0x800000bc (0x0000006f)
core   0: 3 0x800000bc (0x0000006f)
core   0: 3 0x800000bc (0x0000006f)
core   0: 3 0x800000bc (0x0000006f)
core   0: 3 0x800000bc (0x0000006f)
core   0: 3 0x800000bc (0x0000006f)
core   0: 3 0x800000bc (0x0000006f)
core   0: 3 0x800000bc (0x0000006f)
core   0: 3 0x800000bc (0x0000006f)
core   0: 3 0x800000bc (0x0000006f)
core   0: 3 0x800000bc (0x0000006f)
core   0: 3 0x800000bc (0x0000006f)
core   0: 3 0x800000bc (0x0000006f)
core   0: 3 0x800000bc (0x0000006f)
core   0: 3 0x800000bc (0x0000006f)
core   0: 3 0x800000bc (0x0000006f)
core   0: 3 0x800000bc (0x0000006f)
core   0: 3 0x800000bc (0x0000006f)
core   0: 3 0x800000bc (0x0000006f)
core   0: 3 0x800000bc (0x0000006f)
core   0: 3 0x800000bc (0x0000006f)
core   0: 3 0x800000bc (0x0000006f)
core   0: 3 0x800000bc (0x0000006f)
core   0: 3 0x800000bc (0x0000006f)
core   0: 3 0x800000bc (0x0000006f)
core   0: 3 0x800000bc (0x0000006f)
core   0: 3 0x800000bc (0x0000006f)
core   0: 3 0x800000bc (0x0000006f)
core   0: 3 0x800000bc (0x0000006f)
core   0: 3 0x800000bc (0x0000006f)
core   0: 3 0x800000bc (0x0000006f)
core   0: 3 0x800000bc (0x0000006f)
core   0: 3 0x800000bc (0x0000006f)
core   0: 3 0x800000bc (0x0000006f)
core   0: 3 0x800000bc (0x0000006f)
core   0: 3 0x800000bc (0x0000006f)
core   0: 3 0x800000bc (0x0000006f)
core   0: 3 0x800000bc (0x0000006f)
core   0: 3 0x800000bc (0x0000006f)
core   0: 3 0x800000bc (0x0000006f)
core   0: 3 0x800000bc (0x0000006f)
core   0: 3 0x800000bc (0x0000006f)
core   0: 3 0x800000bc (0x0000006f)
core   0: 3 0x800000bc (0x0000006f)
core   0: 3 0x800000bc (0x0000006f)
core   0: 3 0x800000bc (0x0000006f)
core   0: 3 0x800000bc (0x0000006f)
core   0: 3 0x800000bc (0x0000006f)
core   0: 3 0x800000bc (0x0000006f)
core   0: 3 0x800000bc (0x0000006f)
core   0: 3 0x800000bc (0x0000006f)
core   0: 3 0x800000bc (0x0000006f)
core   0: 3 0x800000bc (0x0000006f)
core   0: 3 0x800000bc (0x0000006f)
core   0: 3 0x800000bc (0x0000006f)
core   0: 3 0x800000bc (0x0000006f)
core   0: 3 0x800000bc (0x0000006f)
core   0: 3 0x800000bc (0x0000006f)
core   0: 3 0x800000bc (0x0000006f)
core   0: 3 0x800000bc (0x0000006f)
core   0: 3 0x800000bc (0x0000006f)
core   0: 3 0x800000bc (0x0000006f)
core   0: 3 0x800000bc (0x0000006f)
core   0: 3 0x800000bc (0x0000006f)
core   0: 3 0x800000bc (0x0000006f)
core   0: 3 0x800000bc (0x0000006f)
core   0: 3 0x800000bc (0x0000006f)
core   0: 3 0x800000bc (0x0000006f)
core   0: 3 0x800000bc (0x0000006f)
core   0: 3 0x800000bc (0x0000006f)
core   0: 3 0x800000bc (0x0000006f)
core   0: 3 0x800000bc (0x0000006f)
core   0: 3 0x800000bc (0x0000006f)
core   0: 3 0x800000bc (0x0000006f)
core   0: 3 0x800000bc (0x0000006f)
core   0: 3 0x800000bc (0x0000006f)
core   0: 3 0x800000bc (0x0000006f)
core   0: 3 0x800000bc (0x0000006f)
core   0: 3 0x800000bc (0x0000006f)
core   0: 3 0x800000bc (0x0000006f)
core   0: 3 0x800000bc (0x0000006f)
core   0: 3 0x800000bc (0x0000006f)
core   0: 3 0x800000bc (0x0000006f)
core   0: 3 0x800000bc (0x0000006f)
core   0: 3 0x800000bc (0x0000006f)
core   0: 3 0x800000bc (0x0000006f)
core   0: 3 0x800000bc (0x0000006f)
core   0: 3 0x800000bc (0x0000006f)
core   0: 3 0x800000bc (0x0000006f)
core   0: 3 0x800000bc (0x0000006f)
core   0: 3 0x800000bc (0x0000006f)
core   0: 3 0x800000bc (0x0000006f)
core   0: 3 0x800000bc (0x0000006f)
core   0: 3 0x800000bc (0x0000006f)
core   0: 3 0x800000bc (0x0000006f)
core   0: 3 0x800000bc (0x0000006f)
core   0: 3 0x800000bc (0x0000006f)
core   0: 3 0x800000bc (0x0000006f)
core   0: 3 0x800000bc (0x0000006f)
core   0: 3 0x800000bc (0x0000006f)
core   0: 3 0x800000bc (0x0000006f)
core   0: 3 0x800000bc (0x0000006f)
core   0: 3 0x800000bc (0x0000006f)
core   0: 3 0x800000bc (0x0000006f)
core   0: 3 0x800000bc (0x0000006f)
core   0: 3 0x800000bc (0x0000006f)
core   0: 3 0x800000bc (0x0000006f)
core   0: 3 0x800000bc (0x0000006f)
core   0: 3 0x800000bc (0x0000006f)
core   0: 3 0x800000bc (0x0000006f)
core   0: 3 0x800000bc (0x0000006f)
core   0: 3 0x800000bc (0x0000006f)
core   0: 3 0x800000bc (0x0000006f)
core   0: 3 0x800000bc (0x0000006f)
core   0: 3 0x800000bc (0x0000006f)
core   0: 3 0x800000bc (0x0000006f)
core   0: 3 0x800000bc (0x0000006f)
core   0: 3 0x800000bc (0x0000006f)
core   0: 3 0x800000bc (0x0000006f)
core   0: 3 0x800000bc (0x0000006f)
core   0: 3 0x800000bc (0x0000006f)
core   0: 3 0x800000bc (0x0000006f)
core   0: 3 0x800000bc (0x0000006f)
core   0: 3 0x800000bc (0x0000006f)
core   0: 3 0x800000bc (0x0000006f)
core   0: 3 0x800000bc (0x0000006f)
core   0: 3 0x800000bc (0x0000006f)
core   0: 3 0x800000bc (0x0000006f)
core   0: 3 0x800000bc (0x0000006f)
core   0: 3 0x800000bc (0x0000006f)
core   0: 3 0x800000bc (0x0000006f)
core   0: 3 0x800000bc (0x0000006f)
core   0: 3 0x800000bc (0x0000006f)
core   0: 3 0x800000bc (0x0000006f)
core   0: 3 0x800000bc (0x0000006f)
core   0: 3 0x800000bc (0x0000006f)
core   0: 3 0x800000bc (0x0000006f)
core   0: 3 0x800000bc (0x0000006f)
core   0: 3 0x800000bc (0x0000006f)
core   0: 3 0x800000bc (0x0000006f)
core   0: 3 0x800000bc (0x0000006f)
core   0: 3 0x800000bc (0x0000006f)
core   0: 3 0x800000bc (0x0000006f)
core   0: 3 0x800000bc (0x0000006f)
core   0: 3 0x800000bc (0x0000006f)
core   0: 3 0x800000bc (0x0000006f)
core   0: 3 0x800000bc (0x0000006f)
core   0: 3 0x800000bc (0x0000006f)
core   0: 3 0x800000bc (0x0000006f)
core   0: 3 0x800000bc (0x0000006f)
core   0: 3 0x800000bc (0x0000006f)
core   0: 3 0x800000bc (0x0000006f)
core   0: 3 0x800000bc (0x0000006f)
core   0: 3 0x800000bc (0x0000006f)
core   0: 3 0x800000bc (0x0000006f)
core   0: 3 0x800000bc (0x0000006f)
core   0: 3 0x800000bc (0x0000006f)
core   0: 3 0x800000bc (0x0000006f)
core   0: 3 0x800000bc (0x0000006f)
core   0: 3 0x800000bc (0x0000006f)
core   0: 3 0x800000bc (0x0000006f)
core   0: 3 0x800000bc (0x0000006f)
core   0: 3 0x800000bc (0x0000006f)
core   0: 3 0x800000bc (0x0000006f)
core   0: 3 0x800000bc (0x0000006f)
core   0: 3 0x800000bc (0x0000006f)
core   0: 3 0x800000bc (0x0000006f)
core   0: 3 0x800000bc (0x0000006f)
core   0: 3 0x800000bc (0x0000006f)
core   0: 3 0x800000bc (0x0000006f)
core   0: 3 0x800000bc (0x0000006f)
core   0: 3 0x800000bc (0x0000006f)
core   0: 3 0x800000bc (0x0000006f)
core   0: 3 0x800000bc (0x0000006f)
core   0: 3 0x800000bc (0x0000006f)
core   0: 3 0x800000bc (0x0000006f)
core   0: 3 0x800000bc (0x0000006f)
core   0: 3 0x800000bc (0x0000006f)
core   0: 3 0x800000bc (0x0000006f)
core   0: 3 0x800000bc (0x0000006f)
core   0: 3 0x800000bc (0x0000006f)
core   0: 3 0x800000bc (0x0000006f)
core   0: 3 0x800000bc (0x0000006f)
core   0: 3 0x800000bc (0x0000006f)
core   0: 3 0x800000bc (0x0000006f)
core   0: 3 0x800000bc (0x0000006f)
core   0: 3 0x800000bc (0x0000006f)
core   0: 3 0x800000bc (0x0000006f)
core   0: 3 0x800000bc (0x0000006f)
core   0: 3 0x800000bc (0x0000006f)
core   0: 3 0x800000bc (0x0000006f)
core   0: 3 0x800000bc (0x0000006f)
core   0: 3 0x800000bc (0x0000006f)
core   0: 3 0x800000bc (0x0000006f)
core   0: 3 0x800000bc (0x0000006f)
core   0: 3 0x800000bc (0x0000006f)
core   0: 3 0x800000bc (0x0000006f)
core   0: 3 0x800000bc (0x0000006f)
core   0: 3 0x800000bc (0x0000006f)
core   0: 3 0x800000bc (0x0000006f)
core   0: 3 0x800000bc (0x0000006f)
core   0: 3 0x800000bc (0x0000006f)
core   0: 3 0x800000bc (0x0000006f)
core   0: 3 0x800000bc (0x0000006f)
core   0: 3 0x800000bc (0x0000006f)
core   0: 3 0x800000bc (0x0000006f)
core   0: 3 0x800000bc (0x0000006f)
core   0: 3 0x800000bc (0x0000006f)
core   0: 3 0x800000bc (0x0000006f)
core   0: 3 0x800000bc (0x0000006f)
core   0: 3 0x800000bc (0x0000006f)
core   0: 3 0x800000bc (0x0000006f)
core   0: 3 0x800000bc (0x0000006f)
core   0: 3 0x800000bc (0x0000006f)
core   0: 3 0x800000bc (0x0000006f)
core   0: 3 0x800000bc (0x0000006f)
core   0: 3 0x800000bc (0x0000006f)
core   0: 3 0x800000bc (0x0000006f)
core   0: 3 0x800000bc (0x0000006f)
core   0: 3 0x800000bc (0x0000006f)
core   0: 3 0x800000bc (0x0000006f)
core   0: 3 0x800000bc (0x0000006f)
core   0: 3 0x800000bc (0x0000006f)
core   0: 3 0x800000bc (0x0000006f)
core   0: 3 0x800000bc (0x0000006f)
core   0: 3 0x800000bc (0x0000006f)
core   0: 3 0x800000bc (0x0000006f)
core   0: 3 0x800000bc (0x0000006f)
core   0: 3 0x800000bc (0x0000006f)
core   0: 3 0x800000bc (0x0000006f)
core   0: 3 0x800000bc (0x0000006f)
core   0: 3 0x800000bc (0x0000006f)
core   0: 3 0x800000bc (0x0000006f)
core   0: 3 0x800000bc (0x0000006f)
core   0: 3 0x800000bc (0x0000006f)
core   0: 3 0x800000bc (0x0000006f)
core   0: 3 0x800000bc (0x0000006f)
core   0: 3 0x800000bc (0x0000006f)
core   0: 3 0x800000bc (0x0000006f)
core   0: 3 0x800000bc (0x0000006f)
core   0: 3 0x800000bc (0x0000006f)
core   0: 3 0x800000bc (0x0000006f)
core   0: 3 0x800000bc (0x0000006f)
core   0: 3 0x800000bc (0x0000006f)
core   0: 3 0x800000bc (0x0000006f)
core   0: 3 0x800000bc (0x0000006f)
core   0: 3 0x800000bc (0x0000006f)
core   0: 3 0x800000bc (0x0000006f)
core   0: 3 0x800000bc (0x0000006f)
core   0: 3 0x800000bc (0x0000006f)
core   0: 3 0x800000bc (0x0000006f)
core   0: 3 0x800000bc (0x0000006f)
core   0: 3 0x800000bc (0x0000006f)
core   0: 3 0x800000bc (0x0000006f)
core   0: 3 0x800000bc (0x0000006f)
core   0: 3 0x800000bc (0x0000006f)
core   0: 3 0x800000bc (0x0000006f)
core   0: 3 0x800000bc (0x0000006f)
core   0: 3 0x800000bc (0x0000006f)
core   0: 3 0x800000bc (0x0000006f)
core   0: 3 0x800000bc (0x0000006f)
core   0: 3 0x800000bc (0x0000006f)
core   0: 3 0x800000bc (0x0000006f)
core   0: 3 0x800000bc (0x0000006f)
core   0: 3 0x800000bc (0x0000006f)
core   0: 3 0x800000bc (0x0000006f)
core   0: 3 0x800000bc (0x0000006f)
core   0: 3 0x800000bc (0x0000006f)
core   0: 3 0x800000bc (0x0000006f)
core   0: 3 0x800000bc (0x0000006f)
core   0: 3 0x800000bc (0x0000006f)
core   0: 3 0x800000bc (0x0000006f)
core   0: 3 0x800000bc (0x0000006f)
core   0: 3 0x800000bc (0x0000006f)
core   0: 3 0x800000bc (0x0000006f)
core   0: 3 0x800000bc (0x0000006f)
core   0: 3 0x800000bc (0x0000006f)
core   0: 3 0x800000bc (0x0000006f)
core   0: 3 0x800000bc (0x0000006f)
core   0: 3 0x800000bc (0x0000006f)
core   0: 3 0x800000bc (0x0000006f)
core   0: 3 0x800000bc (0x0000006f)
core   0: 3 0x800000bc (0x0000006f)
core   0: 3 0x800000bc (0x0000006f)
core   0: 3 0x800000bc (0x0000006f)
core   0: 3 0x800000bc (0x0000006f)
core   0: 3 0x800000bc (0x0000006f)
core   0: 3 0x800000bc (0x0000006f)
core   0: 3 0x800000bc (0x0000006f)
core   0: 3 0x800000bc (0x0000006f)
core   0: 3 0x800000bc (0x0000006f)
core   0: 3 0x800000bc (0x0000006f)
core   0: 3 0x800000bc (0x0000006f)
core   0: 3 0x800000bc (0x0000006f)
core   0: 3 0x800000bc (0x0000006f)
core   0: 3 0x800000bc (0x0000006f)
core   0: 3 0x800000bc (0x0000006f)
core   0: 3 0x800000bc (0x0000006f)
core   0: 3 0x800000bc (0x0000006f)
core   0: 3 0x800000bc (0x0000006f)
core   0: 3 0x800000bc (0x0000006f)
core   0: 3 0x800000bc (0x0000006f)
core   0: 3 0x800000bc (0x0000006f)
core   0: 3 0x800000bc (0x0000006f)
core   0: 3 0x800000bc (0x0000006f)
core   0: 3 0x800000bc (0x0000006f)
core   0: 3 0x800000bc (0x0000006f)
core   0: 3 0x800000bc (0x0000006f)
core   0: 3 0x800000bc (0x0000006f)
core   0: 3 0x800000bc (0x0000006f)
core   0: 3 0x800000bc (0x0000006f)
core   0: 3 0x800000bc (0x0000006f)
core   0: 3 0x800000bc (0x0000006f)
core   0: 3 0x800000bc (0x0000006f)
core   0: 3 0x800000bc (0x0000006f)
core   0: 3 0x800000bc (0x0000006f)
core   0: 3 0x800000bc (0x0000006f)
core   0: 3 0x800000bc (0x0000006f)
core   0: 3 0x800000bc (0x0000006f)
core   0: 3 0x800000bc (0x0000006f)
core   0: 3 0x800000bc (0x0000006f)
core   0: 3 0x800000bc (0x0000006f)
core   0: 3 0x800000bc (0x0000006f)
core   0: 3 0x800000bc (0x0000006f)
core   0: 3 0x800000bc (0x0000006f)
core   0: 3 0x800000bc (0x0000006f)
core   0: 3 0x800000bc (0x0000006f)
core   0: 3 0x800000bc (0x0000006f)
core   0: 3 0x800000bc (0x0000006f)
core   0: 3 0x800000bc (0x0000006f)
core   0: 3 0x800000bc (0x0000006f)
core   0: 3 0x800000bc (0x0000006f)
core   0: 3 0x800000bc (0x0000006f)
core   0: 3 0x800000bc (0x0000006f)
core   0: 3 0x800000bc (0x0000006f)
core   0: 3 0x800000bc (0x0000006f)
core   0: 3 0x800000bc (0x0000006f)
core   0: 3 0x800000bc (0x0000006f)
core   0: 3 0x800000bc (0x0000006f)
core   0: 3 0x800000bc (0x0000006f)
core   0: 3 0x800000bc (0x0000006f)
core   0: 3 0x800000bc (0x0000006f)
core   0: 3 0x800000bc (0x0000006f)
core   0: 3 0x800000bc (0x0000006f)
core   0: 3 0x800000bc (0x0000006f)
core   0: 3 0x800000bc (0x0000006f)
core   0: 3 0x800000bc (0x0000006f)
core   0: 3 0x800000bc (0x0000006f)
core   0: 3 0x800000bc (0x0000006f)
core   0: 3 0x800000bc (0x0000006f)
core   0: 3 0x800000bc (0x0000006f)
core   0: 3 0x800000bc (0x0000006f)
