core   0: 0x00001000 (0x00000297) auipc   t0, 0x0
core   0: 3 0x00001000 (0x00000297) x5  0x00001000
core   0: 0x00001004 (0x02028593) addi    a1, t0, 32
core   0: 3 0x00001004 (0x02028593) x11 0x00001020
core   0: 0x00001008 (0xf1402573) csrr    a0, mhartid
core   0: 3 0x00001008 (0xf1402573) x10 0x00000000
core   0: 0x0000100c (0x0182a283) lw      t0, 24(t0)
core   0: 3 0x0000100c (0x0182a283) x5  0x80000000 mem 0x00001018
core   0: 0x00001010 (0x00028067) jr      t0
core   0: 3 0x00001010 (0x00028067)
core   0: 0x80000000 (0x00000093) li      ra, 0
core   0: 3 0x80000000 (0x00000093) x1  0x00000000
core   0: 0x80000004 (0x00000113) li      sp, 0
core   0: 3 0x80000004 (0x00000113) x2  0x00000000
core   0: 0x80000008 (0x00000193) li      gp, 0
core   0: 3 0x80000008 (0x00000193) x3  0x00000000
core   0: 0x8000000c (0x00000213) li      tp, 0
core   0: 3 0x8000000c (0x00000213) x4  0x00000000
core   0: 0x80000010 (0x00000293) li      t0, 0
core   0: 3 0x80000010 (0x00000293) x5  0x00000000
core   0: 0x80000014 (0x00000313) li      t1, 0
core   0: 3 0x80000014 (0x00000313) x6  0x00000000
core   0: 0x80000018 (0x00000393) li      t2, 0
core   0: 3 0x80000018 (0x00000393) x7  0x00000000
core   0: 0x8000001c (0x00000413) li      s0, 0
core   0: 3 0x8000001c (0x00000413) x8  0x00000000
core   0: 0x80000020 (0x00000493) li      s1, 0
core   0: 3 0x80000020 (0x00000493) x9  0x00000000
core   0: 0x80000024 (0x00000513) li      a0, 0
core   0: 3 0x80000024 (0x00000513) x10 0x00000000
core   0: 0x80000028 (0x00000593) li      a1, 0
core   0: 3 0x80000028 (0x00000593) x11 0x00000000
core   0: 0x8000002c (0x00000613) li      a2, 0
core   0: 3 0x8000002c (0x00000613) x12 0x00000000
core   0: 0x80000030 (0x00000693) li      a3, 0
core   0: 3 0x80000030 (0x00000693) x13 0x00000000
core   0: 0x80000034 (0x00000713) li      a4, 0
core   0: 3 0x80000034 (0x00000713) x14 0x00000000
core   0: 0x80000038 (0x00000793) li      a5, 0
core   0: 3 0x80000038 (0x00000793) x15 0x00000000
core   0: 0x8000003c (0x00000813) li      a6, 0
core   0: 3 0x8000003c (0x00000813) x16 0x00000000
core   0: 0x80000040 (0x00000893) li      a7, 0
core   0: 3 0x80000040 (0x00000893) x17 0x00000000
core   0: 0x80000044 (0x00000913) li      s2, 0
core   0: 3 0x80000044 (0x00000913) x18 0x00000000
core   0: 0x80000048 (0x00000993) li      s3, 0
core   0: 3 0x80000048 (0x00000993) x19 0x00000000
core   0: 0x8000004c (0x00000a13) li      s4, 0
core   0: 3 0x8000004c (0x00000a13) x20 0x00000000
core   0: 0x80000050 (0x00000a93) li      s5, 0
core   0: 3 0x80000050 (0x00000a93) x21 0x00000000
core   0: 0x80000054 (0x00000b13) li      s6, 0
core   0: 3 0x80000054 (0x00000b13) x22 0x00000000
core   0: 0x80000058 (0x00000b93) li      s7, 0
core   0: 3 0x80000058 (0x00000b93) x23 0x00000000
core   0: 0x8000005c (0x00000c13) li      s8, 0
core   0: 3 0x8000005c (0x00000c13) x24 0x00000000
core   0: 0x80000060 (0x00000c93) li      s9, 0
core   0: 3 0x80000060 (0x00000c93) x25 0x00000000
core   0: 0x80000064 (0x00000d13) li      s10, 0
core   0: 3 0x80000064 (0x00000d13) x26 0x00000000
core   0: 0x80000068 (0x00000d93) li      s11, 0
core   0: 3 0x80000068 (0x00000d93) x27 0x00000000
core   0: 0x8000006c (0x00000e13) li      t3, 0
core   0: 3 0x8000006c (0x00000e13) x28 0x00000000
core   0: 0x80000070 (0x00000e93) li      t4, 0
core   0: 3 0x80000070 (0x00000e93) x29 0x00000000
core   0: 0x80000074 (0x00000f13) li      t5, 0
core   0: 3 0x80000074 (0x00000f13) x30 0x00000000
core   0: 0x80000078 (0x00000f93) li      t6, 0
core   0: 3 0x80000078 (0x00000f93) x31 0x00000000
core   0: 0x8000007c (0x00010117) auipc   sp, 0x10
core   0: 3 0x8000007c (0x00010117) x2  0x8001007c
core   0: 0x80000080 (0xf7410113) addi    sp, sp, -140
core   0: 3 0x80000080 (0xf7410113) x2  0x8000fff0
core   0: 0x80000084 (0x00000297) auipc   t0, 0x0
core   0: 3 0x80000084 (0x00000297) x5  0x80000084
core   0: 0x80000088 (0x0fc28293) addi    t0, t0, 252
core   0: 3 0x80000088 (0x0fc28293) x5  0x80000180
core   0: 0x8000008c (0x00000317) auipc   t1, 0x0
core   0: 3 0x8000008c (0x00000317) x6  0x8000008c
core   0: 0x80000090 (0x0f430313) addi    t1, t1, 244
core   0: 3 0x80000090 (0x0f430313) x6  0x80000180
core   0: 0x80000094 (0x0062d863) bge     t0, t1, pc + 16
core   0: 3 0x80000094 (0x0062d863)
core   0: 0x800000a4 (0x01c000ef) jal     pc + 0x1c
core   0: 3 0x800000a4 (0x01c000ef) x1  0x800000a8
core   0: 0x800000c0 (0x00000297) auipc   t0, 0x0
core   0: 3 0x800000c0 (0x00000297) x5  0x800000c0
core   0: 0x800000c4 (0x08028293) addi    t0, t0, 128
core   0: 3 0x800000c4 (0x08028293) x5  0x80000140
core   0: 0x800000c8 (0xdeadc337) lui     t1, 0xdeadc
core   0: 3 0x800000c8 (0xdeadc337) x6  0xdeadc000
core   0: 0x800000cc (0xeef30313) addi    t1, t1, -273
core   0: 3 0x800000cc (0xeef30313) x6  0xdeadbeef
core   0: 0x800000d0 (0x0062a023) sw      t1, 0(t0)
core   0: 3 0x800000d0 (0x0062a023) mem 0x80000140 0xdeadbeef
core   0: 0x800000d4 (0x123453b7) lui     t2, 0x12345
core   0: 3 0x800000d4 (0x123453b7) x7  0x12345000
core   0: 0x800000d8 (0x67838393) addi    t2, t2, 1656
core   0: 3 0x800000d8 (0x67838393) x7  0x12345678
core   0: 0x800000dc (0x0072a223) sw      t2, 4(t0)
core   0: 3 0x800000dc (0x0072a223) mem 0x80000144 0x12345678
core   0: 0x800000e0 (0x0002ae03) lw      t3, 0(t0)
core   0: 3 0x800000e0 (0x0002ae03) x28 0xdeadbeef mem 0x80000140
core   0: 0x800000e4 (0x046e1463) bne     t3, t1, pc + 72
core   0: 3 0x800000e4 (0x046e1463)
core   0: 0x800000e8 (0x0042ae83) lw      t4, 4(t0)
core   0: 3 0x800000e8 (0x0042ae83) x29 0x12345678 mem 0x80000144
core   0: 0x800000ec (0x001e8f13) addi    t5, t4, 1
core   0: 3 0x800000ec (0x001e8f13) x30 0x12345679
core   0: 0x800000f0 (0x12345fb7) lui     t6, 0x12345
core   0: 3 0x800000f0 (0x12345fb7) x31 0x12345000
core   0: 0x800000f4 (0x679f8f93) addi    t6, t6, 1657
core   0: 3 0x800000f4 (0x679f8f93) x31 0x12345679
core   0: 0x800000f8 (0x03ff1a63) bne     t5, t6, pc + 52
core   0: 3 0x800000f8 (0x03ff1a63)
core   0: 0x800000fc (0xcafec337) lui     t1, 0xcafec
core   0: 3 0x800000fc (0xcafec337) x6  0xcafec000
core   0: 0x80000100 (0xabe30313) addi    t1, t1, -1346
core   0: 3 0x80000100 (0xabe30313) x6  0xcafebabe
core   0: 0x80000104 (0x0062a423) sw      t1, 8(t0)
core   0: 3 0x80000104 (0x0062a423) mem 0x80000148 0xcafebabe
core   0: 0x80000108 (0x0082a383) lw      t2, 8(t0)
core   0: 3 0x80000108 (0x0082a383) x7  0xcafebabe mem 0x80000148
core   0: 0x8000010c (0x02639063) bne     t2, t1, pc + 32
core   0: 3 0x8000010c (0x02639063)
core   0: 0x80000110 (0x01028293) addi    t0, t0, 16
core   0: 3 0x80000110 (0x01028293) x5  0x80000150
core   0: 0x80000114 (0xff02ae03) lw      t3, -16(t0)
core   0: 3 0x80000114 (0xff02ae03) x28 0xdeadbeef mem 0x80000140
core   0: 0x80000118 (0xdeadceb7) lui     t4, 0xdeadc
core   0: 3 0x80000118 (0xdeadceb7) x29 0xdeadc000
core   0: 0x8000011c (0xeefe8e93) addi    t4, t4, -273
core   0: 3 0x8000011c (0xeefe8e93) x29 0xdeadbeef
core   0: 0x80000120 (0x01de1663) bne     t3, t4, pc + 12
core   0: 3 0x80000120 (0x01de1663)
core   0: 0x80000124 (0x00000513) li      a0, 0
core   0: 3 0x80000124 (0x00000513) x10 0x00000000
core   0: 0x80000128 (0x00008067) ret
core   0: 3 0x80000128 (0x00008067)
core   0: 0x800000a8 (0x00151513) slli    a0, a0, 1
core   0: 3 0x800000a8 (0x00151513) x10 0x00000000
core   0: 0x800000ac (0x00156513) ori     a0, a0, 1
core   0: 3 0x800000ac (0x00156513) x10 0x00000001
core   0: 0x800000b0 (0x0000f297) auipc   t0, 0xf
core   0: 3 0x800000b0 (0x0000f297) x5  0x8000f0b0
core   0: 0x800000b4 (0xf5028293) addi    t0, t0, -176
core   0: 3 0x800000b4 (0xf5028293) x5  0x8000f000
core   0: 0x800000b8 (0x00a2a023) sw      a0, 0(t0)
core   0: 3 0x800000b8 (0x00a2a023) mem 0x8000f000 0x00000001
core   0: 0x800000bc (0x0000006f) j       pc + 0x0
core   0: 3 0x800000bc (0x0000006f)
core   0: 3 0x800000bc (0x0000006f)
core   0: 3 0x800000bc (0x0000006f)
core   0: 3 0x800000bc (0x0000006f)
core   0: 3 0x800000bc (0x0000006f)
core   0: 3 0x800000bc (0x0000006f)
core   0: 3 0x800000bc (0x0000006f)
core   0: 3 0x800000bc (0x0000006f)
core   0: 3 0x800000bc (0x0000006f)
core   0: 3 0x800000bc (0x0000006f)
core   0: 3 0x800000bc (0x0000006f)
core   0: 3 0x800000bc (0x0000006f)
core   0: 3 0x800000bc (0x0000006f)
core   0: 3 0x800000bc (0x0000006f)
core   0: 3 0x800000bc (0x0000006f)
core   0: 3 0x800000bc (0x0000006f)
core   0: 3 0x800000bc (0x0000006f)
core   0: 3 0x800000bc (0x0000006f)
core   0: 3 0x800000bc (0x0000006f)
core   0: 3 0x800000bc (0x0000006f)
core   0: 3 0x800000bc (0x0000006f)
core   0: 3 0x800000bc (0x0000006f)
core   0: 3 0x800000bc (0x0000006f)
core   0: 3 0x800000bc (0x0000006f)
core   0: 3 0x800000bc (0x0000006f)
core   0: 3 0x800000bc (0x0000006f)
core   0: 3 0x800000bc (0x0000006f)
core   0: 3 0x800000bc (0x0000006f)
core   0: 3 0x800000bc (0x0000006f)
core   0: 3 0x800000bc (0x0000006f)
core   0: 3 0x800000bc (0x0000006f)
core   0: 3 0x800000bc (0x0000006f)
core   0: 3 0x800000bc (0x0000006f)
core   0: 3 0x800000bc (0x0000006f)
core   0: 3 0x800000bc (0x0000006f)
core   0: 3 0x800000bc (0x0000006f)
core   0: 3 0x800000bc (0x0000006f)
core   0: 3 0x800000bc (0x0000006f)
core   0: 3 0x800000bc (0x0000006f)
core   0: 3 0x800000bc (0x0000006f)
core   0: 3 0x800000bc (0x0000006f)
core   0: 3 0x800000bc (0x0000006f)
core   0: 3 0x800000bc (0x0000006f)
core   0: 3 0x800000bc (0x0000006f)
core   0: 3 0x800000bc (0x0000006f)
core   0: 3 0x800000bc (0x0000006f)
core   0: 3 0x800000bc (0x0000006f)
core   0: 3 0x800000bc (0x0000006f)
core   0: 3 0x800000bc (0x0000006f)
core   0: 3 0x800000bc (0x0000006f)
core   0: 3 0x800000bc (0x0000006f)
core   0: 3 0x800000bc (0x0000006f)
core   0: 3 0x800000bc (0x0000006f)
core   0: 3 0x800000bc (0x0000006f)
core   0: 3 0x800000bc (0x0000006f)
core   0: 3 0x800000bc (0x0000006f)
core   0: 3 0x800000bc (0x0000006f)
core   0: 3 0x800000bc (0x0000006f)
core   0: 3 0x800000bc (0x0000006f)
core   0: 3 0x800000bc (0x0000006f)
core   0: 3 0x800000bc (0x0000006f)
core   0: 3 0x800000bc (0x0000006f)
core   0: 3 0x800000bc (0x0000006f)
core   0: 3 0x800000bc (0x0000006f)
core   0: 3 0x800000bc (0x0000006f)
core   0: 3 0x800000bc (0x0000006f)
core   0: 3 0x800000bc (0x0000006f)
core   0: 3 0x800000bc (0x0000006f)
core   0: 3 0x800000bc (0x0000006f)
core   0: 3 0x800000bc (0x0000006f)
core   0: 3 0x800000bc (0x0000006f)
core   0: 3 0x800000bc (0x0000006f)
core   0: 3 0x800000bc (0x0000006f)
core   0: 3 0x800000bc (0x0000006f)
core   0: 3 0x800000bc (0x0000006f)
core   0: 3 0x800000bc (0x0000006f)
core   0: 3 0x800000bc (0x0000006f)
core   0: 3 0x800000bc (0x0000006f)
core   0: 3 0x800000bc (0x0000006f)
core   0: 3 0x800000bc (0x0000006f)
core   0: 3 0x800000bc (0x0000006f)
core   0: 3 0x800000bc (0x0000006f)
core   0: 3 0x800000bc (0x0000006f)
core   0: 3 0x800000bc (0x0000006f)
core   0: 3 0x800000bc (0x0000006f)
core   0: 3 0x800000bc (0x0000006f)
core   0: 3 0x800000bc (0x0000006f)
core   0: 3 0x800000bc (0x0000006f)
core   0: 3 0x800000bc (0x0000006f)
core   0: 3 0x800000bc (0x0000006f)
core   0: 3 0x800000bc (0x0000006f)
core   0: 3 0x800000bc (0x0000006f)
core   0: 3 0x800000bc (0x0000006f)
core   0: 3 0x800000bc (0x0000006f)
core   0: 3 0x800000bc (0x0000006f)
core   0: 3 0x800000bc (0x0000006f)
core   0: 3 0x800000bc (0x0000006f)
core   0: 3 0x800000bc (0x0000006f)
core   0: 3 0x800000bc (0x0000006f)
core   0: 3 0x800000bc (0x0000006f)
core   0: 3 0x800000bc (0x0000006f)
core   0: 3 0x800000bc (0x0000006f)
core   0: 3 0x800000bc (0x0000006f)
core   0: 3 0x800000bc (0x0000006f)
core   0: 3 0x800000bc (0x0000006f)
core   0: 3 0x800000bc (0x0000006f)
core   0: 3 0x800000bc (0x0000006f)
core   0: 3 0x800000bc (0x0000006f)
core   0: 3 0x800000bc (0x0000006f)
core   0: 3 0x800000bc (0x0000006f)
core   0: 3 0x800000bc (0x0000006f)
core   0: 3 0x800000bc (0x0000006f)
core   0: 3 0x800000bc (0x0000006f)
core   0: 3 0x800000bc (0x0000006f)
core   0: 3 0x800000bc (0x0000006f)
core   0: 3 0x800000bc (0x0000006f)
core   0: 3 0x800000bc (0x0000006f)
core   0: 3 0x800000bc (0x0000006f)
core   0: 3 0x800000bc (0x0000006f)
core   0: 3 0x800000bc (0x0000006f)
core   0: 3 0x800000bc (0x0000006f)
core   0: 3 0x800000bc (0x0000006f)
core   0: 3 0x800000bc (0x0000006f)
core   0: 3 0x800000bc (0x0000006f)
core   0: 3 0x800000bc (0x0000006f)
core   0: 3 0x800000bc (0x0000006f)
core   0: 3 0x800000bc (0x0000006f)
core   0: 3 0x800000bc (0x0000006f)
core   0: 3 0x800000bc (0x0000006f)
core   0: 3 0x800000bc (0x0000006f)
core   0: 3 0x800000bc (0x0000006f)
core   0: 3 0x800000bc (0x0000006f)
core   0: 3 0x800000bc (0x0000006f)
core   0: 3 0x800000bc (0x0000006f)
core   0: 3 0x800000bc (0x0000006f)
core   0: 3 0x800000bc (0x0000006f)
core   0: 3 0x800000bc (0x0000006f)
core   0: 3 0x800000bc (0x0000006f)
core   0: 3 0x800000bc (0x0000006f)
core   0: 3 0x800000bc (0x0000006f)
core   0: 3 0x800000bc (0x0000006f)
core   0: 3 0x800000bc (0x0000006f)
core   0: 3 0x800000bc (0x0000006f)
core   0: 3 0x800000bc (0x0000006f)
core   0: 3 0x800000bc (0x0000006f)
core   0: 3 0x800000bc (0x0000006f)
core   0: 3 0x800000bc (0x0000006f)
core   0: 3 0x800000bc (0x0000006f)
core   0: 3 0x800000bc (0x0000006f)
core   0: 3 0x800000bc (0x0000006f)
core   0: 3 0x800000bc (0x0000006f)
core   0: 3 0x800000bc (0x0000006f)
core   0: 3 0x800000bc (0x0000006f)
core   0: 3 0x800000bc (0x0000006f)
core   0: 3 0x800000bc (0x0000006f)
core   0: 3 0x800000bc (0x0000006f)
core   0: 3 0x800000bc (0x0000006f)
core   0: 3 0x800000bc (0x0000006f)
core   0: 3 0x800000bc (0x0000006f)
core   0: 3 0x800000bc (0x0000006f)
core   0: 3 0x800000bc (0x0000006f)
core   0: 3 0x800000bc (0x0000006f)
core   0: 3 0x800000bc (0x0000006f)
core   0: 3 0x800000bc (0x0000006f)
core   0: 3 0x800000bc (0x0000006f)
core   0: 3 0x800000bc (0x0000006f)
core   0: 3 0x800000bc (0x0000006f)
core   0: 3 0x800000bc (0x0000006f)
core   0: 3 0x800000bc (0x0000006f)
core   0: 3 0x800000bc (0x0000006f)
core   0: 3 0x800000bc (0x0000006f)
core   0: 3 0x800000bc (0x0000006f)
core   0: 3 0x800000bc (0x0000006f)
core   0: 3 0x800000bc (0x0000006f)
core   0: 3 0x800000bc (0x0000006f)
core   0: 3 0x800000bc (0x0000006f)
core   0: 3 0x800000bc (0x0000006f)
core   0: 3 0x800000bc (0x0000006f)
core   0: 3 0x800000bc (0x0000006f)
core   0: 3 0x800000bc (0x0000006f)
core   0: 3 0x800000bc (0x0000006f)
core   0: 3 0x800000bc (0x0000006f)
core   0: 3 0x800000bc (0x0000006f)
core   0: 3 0x800000bc (0x0000006f)
core   0: 3 0x800000bc (0x0000006f)
core   0: 3 0x800000bc (0x0000006f)
core   0: 3 0x800000bc (0x0000006f)
core   0: 3 0x800000bc (0x0000006f)
core   0: 3 0x800000bc (0x0000006f)
core   0: 3 0x800000bc (0x0000006f)
core   0: 3 0x800000bc (0x0000006f)
core   0: 3 0x800000bc (0x0000006f)
core   0: 3 0x800000bc (0x0000006f)
core   0: 3 0x800000bc (0x0000006f)
core   0: 3 0x800000bc (0x0000006f)
core   0: 3 0x800000bc (0x0000006f)
core   0: 3 0x800000bc (0x0000006f)
core   0: 3 0x800000bc (0x0000006f)
core   0: 3 0x800000bc (0x0000006f)
core   0: 3 0x800000bc (0x0000006f)
core   0: 3 0x800000bc (0x0000006f)
core   0: 3 0x800000bc (0x0000006f)
core   0: 3 0x800000bc (0x0000006f)
core   0: 3 0x800000bc (0x0000006f)
core   0: 3 0x800000bc (0x0000006f)
core   0: 3 0x800000bc (0x0000006f)
core   0: 3 0x800000bc (0x0000006f)
core   0: 3 0x800000bc (0x0000006f)
core   0: 3 0x800000bc (0x0000006f)
core   0: 3 0x800000bc (0x0000006f)
core   0: 3 0x800000bc (0x0000006f)
core   0: 3 0x800000bc (0x0000006f)
core   0: 3 0x800000bc (0x0000006f)
core   0: 3 0x800000bc (0x0000006f)
core   0: 3 0x800000bc (0x0000006f)
core   0: 3 0x800000bc (0x0000006f)
core   0: 3 0x800000bc (0x0000006f)
core   0: 3 0x800000bc (0x0000006f)
core   0: 3 0x800000bc (0x0000006f)
core   0: 3 0x800000bc (0x0000006f)
core   0: 3 0x800000bc (0x0000006f)
core   0: 3 0x800000bc (0x0000006f)
core   0: 3 0x800000bc (0x0000006f)
core   0: 3 0x800000bc (0x0000006f)
core   0: 3 0x800000bc (0x0000006f)
core   0: 3 0x800000bc (0x0000006f)
core   0: 3 0x800000bc (0x0000006f)
core   0: 3 0x800000bc (0x0000006f)
core   0: 3 0x800000bc (0x0000006f)
core   0: 3 0x800000bc (0x0000006f)
core   0: 3 0x800000bc (0x0000006f)
core   0: 3 0x800000bc (0x0000006f)
core   0: 3 0x800000bc (0x0000006f)
core   0: 3 0x800000bc (0x0000006f)
core   0: 3 0x800000bc (0x0000006f)
core   0: 3 0x800000bc (0x0000006f)
core   0: 3 0x800000bc (0x0000006f)
core   0: 3 0x800000bc (0x0000006f)
core   0: 3 0x800000bc (0x0000006f)
core   0: 3 0x800000bc (0x0000006f)
core   0: 3 0x800000bc (0x0000006f)
core   0: 3 0x800000bc (0x0000006f)
core   0: 3 0x800000bc (0x0000006f)
core   0: 3 0x800000bc (0x0000006f)
core   0: 3 0x800000bc (0x0000006f)
core   0: 3 0x800000bc (0x0000006f)
core   0: 3 0x800000bc (0x0000006f)
core   0: 3 0x800000bc (0x0000006f)
core   0: 3 0x800000bc (0x0000006f)
core   0: 3 0x800000bc (0x0000006f)
core   0: 3 0x800000bc (0x0000006f)
core   0: 3 0x800000bc (0x0000006f)
core   0: 3 0x800000bc (0x0000006f)
core   0: 3 0x800000bc (0x0000006f)
core   0: 3 0x800000bc (0x0000006f)
core   0: 3 0x800000bc (0x0000006f)
core   0: 3 0x800000bc (0x0000006f)
core   0: 3 0x800000bc (0x0000006f)
core   0: 3 0x800000bc (0x0000006f)
core   0: 3 0x800000bc (0x0000006f)
core   0: 3 0x800000bc (0x0000006f)
core   0: 3 0x800000bc (0x0000006f)
core   0: 3 0x800000bc (0x0000006f)
core   0: 3 0x800000bc (0x0000006f)
core   0: 3 0x800000bc (0x0000006f)
core   0: 3 0x800000bc (0x0000006f)
core   0: 3 0x800000bc (0x0000006f)
core   0: 3 0x800000bc (0x0000006f)
core   0: 3 0x800000bc (0x0000006f)
core   0: 3 0x800000bc (0x0000006f)
core   0: 3 0x800000bc (0x0000006f)
core   0: 3 0x800000bc (0x0000006f)
core   0: 3 0x800000bc (0x0000006f)
core   0: 3 0x800000bc (0x0000006f)
core   0: 3 0x800000bc (0x0000006f)
core   0: 3 0x800000bc (0x0000006f)
core   0: 3 0x800000bc (0x0000006f)
core   0: 3 0x800000bc (0x0000006f)
core   0: 3 0x800000bc (0x0000006f)
core   0: 3 0x800000bc (0x0000006f)
core   0: 3 0x800000bc (0x0000006f)
core   0: 3 0x800000bc (0x0000006f)
core   0: 3 0x800000bc (0x0000006f)
core   0: 3 0x800000bc (0x0000006f)
core   0: 3 0x800000bc (0x0000006f)
core   0: 3 0x800000bc (0x0000006f)
core   0: 3 0x800000bc (0x0000006f)
core   0: 3 0x800000bc (0x0000006f)
core   0: 3 0x800000bc (0x0000006f)
core   0: 3 0x800000bc (0x0000006f)
core   0: 3 0x800000bc (0x0000006f)
core   0: 3 0x800000bc (0x0000006f)
core   0: 3 0x800000bc (0x0000006f)
core   0: 3 0x800000bc (0x0000006f)
core   0: 3 0x800000bc (0x0000006f)
core   0: 3 0x800000bc (0x0000006f)
core   0: 3 0x800000bc (0x0000006f)
core   0: 3 0x800000bc (0x0000006f)
core   0: 3 0x800000bc (0x0000006f)
core   0: 3 0x800000bc (0x0000006f)
core   0: 3 0x800000bc (0x0000006f)
core   0: 3 0x800000bc (0x0000006f)
core   0: 3 0x800000bc (0x0000006f)
core   0: 3 0x800000bc (0x0000006f)
core   0: 3 0x800000bc (0x0000006f)
core   0: 3 0x800000bc (0x0000006f)
core   0: 3 0x800000bc (0x0000006f)
core   0: 3 0x800000bc (0x0000006f)
core   0: 3 0x800000bc (0x0000006f)
core   0: 3 0x800000bc (0x0000006f)
core   0: 3 0x800000bc (0x0000006f)
core   0: 3 0x800000bc (0x0000006f)
core   0: 3 0x800000bc (0x0000006f)
core   0: 3 0x800000bc (0x0000006f)
core   0: 3 0x800000bc (0x0000006f)
core   0: 3 0x800000bc (0x0000006f)
core   0: 3 0x800000bc (0x0000006f)
core   0: 3 0x800000bc (0x0000006f)
core   0: 3 0x800000bc (0x0000006f)
core   0: 3 0x800000bc (0x0000006f)
core   0: 3 0x800000bc (0x0000006f)
core   0: 3 0x800000bc (0x0000006f)
core   0: 3 0x800000bc (0x0000006f)
core   0: 3 0x800000bc (0x0000006f)
core   0: 3 0x800000bc (0x0000006f)
core   0: 3 0x800000bc (0x0000006f)
core   0: 3 0x800000bc (0x0000006f)
core   0: 3 0x800000bc (0x0000006f)
core   0: 3 0x800000bc (0x0000006f)
core   0: 3 0x800000bc (0x0000006f)
core   0: 3 0x800000bc (0x0000006f)
core   0: 3 0x800000bc (0x0000006f)
core   0: 3 0x800000bc (0x0000006f)
core   0: 3 0x800000bc (0x0000006f)
core   0: 3 0x800000bc (0x0000006f)
core   0: 3 0x800000bc (0x0000006f)
core   0: 3 0x800000bc (0x0000006f)
core   0: 3 0x800000bc (0x0000006f)
core   0: 3 0x800000bc (0x0000006f)
core   0: 3 0x800000bc (0x0000006f)
core   0: 3 0x800000bc (0x0000006f)
core   0: 3 0x800000bc (0x0000006f)
core   0: 3 0x800000bc (0x0000006f)
core   0: 3 0x800000bc (0x0000006f)
core   0: 3 0x800000bc (0x0000006f)
core   0: 3 0x800000bc (0x0000006f)
core   0: 3 0x800000bc (0x0000006f)
core   0: 3 0x800000bc (0x0000006f)
core   0: 3 0x800000bc (0x0000006f)
core   0: 3 0x800000bc (0x0000006f)
core   0: 3 0x800000bc (0x0000006f)
core   0: 3 0x800000bc (0x0000006f)
core   0: 3 0x800000bc (0x0000006f)
core   0: 3 0x800000bc (0x0000006f)
core   0: 3 0x800000bc (0x0000006f)
core   0: 3 0x800000bc (0x0000006f)
core   0: 3 0x800000bc (0x0000006f)
core   0: 3 0x800000bc (0x0000006f)
core   0: 3 0x800000bc (0x0000006f)
core   0: 3 0x800000bc (0x0000006f)
core   0: 3 0x800000bc (0x0000006f)
core   0: 3 0x800000bc (0x0000006f)
core   0: 3 0x800000bc (0x0000006f)
core   0: 3 0x800000bc (0x0000006f)
core   0: 3 0x800000bc (0x0000006f)
core   0: 3 0x800000bc (0x0000006f)
core   0: 3 0x800000bc (0x0000006f)
core   0: 3 0x800000bc (0x0000006f)
core   0: 3 0x800000bc (0x0000006f)
core   0: 3 0x800000bc (0x0000006f)
core   0: 3 0x800000bc (0x0000006f)
core   0: 3 0x800000bc (0x0000006f)
core   0: 3 0x800000bc (0x0000006f)
core   0: 3 0x800000bc (0x0000006f)
core   0: 3 0x800000bc (0x0000006f)
core   0: 3 0x800000bc (0x0000006f)
core   0: 3 0x800000bc (0x0000006f)
core   0: 3 0x800000bc (0x0000006f)
core   0: 3 0x800000bc (0x0000006f)
core   0: 3 0x800000bc (0x0000006f)
core   0: 3 0x800000bc (0x0000006f)
core   0: 3 0x800000bc (0x0000006f)
core   0: 3 0x800000bc (0x0000006f)
core   0: 3 0x800000bc (0x0000006f)
core   0: 3 0x800000bc (0x0000006f)
core   0: 3 0x800000bc (0x0000006f)
core   0: 3 0x800000bc (0x0000006f)
core   0: 3 0x800000bc (0x0000006f)
core   0: 3 0x800000bc (0x0000006f)
core   0: 3 0x800000bc (0x0000006f)
core   0: 3 0x800000bc (0x0000006f)
core   0: 3 0x800000bc (0x0000006f)
core   0: 3 0x800000bc (0x0000006f)
core   0: 3 0x800000bc (0x0000006f)
core   0: 3 0x800000bc (0x0000006f)
core   0: 3 0x800000bc (0x0000006f)
core   0: 3 0x800000bc (0x0000006f)
core   0: 3 0x800000bc (0x0000006f)
core   0: 3 0x800000bc (0x0000006f)
core   0: 3 0x800000bc (0x0000006f)
core   0: 3 0x800000bc (0x0000006f)
core   0: 3 0x800000bc (0x0000006f)
core   0: 3 0x800000bc (0x0000006f)
core   0: 3 0x800000bc (0x0000006f)
core   0: 3 0x800000bc (0x0000006f)
core   0: 3 0x800000bc (0x0000006f)
core   0: 3 0x800000bc (0x0000006f)
core   0: 3 0x800000bc (0x0000006f)
core   0: 3 0x800000bc (0x0000006f)
core   0: 3 0x800000bc (0x0000006f)
core   0: 3 0x800000bc (0x0000006f)
core   0: 3 0x800000bc (0x0000006f)
core   0: 3 0x800000bc (0x0000006f)
core   0: 3 0x800000bc (0x0000006f)
core   0: 3 0x800000bc (0x0000006f)
core   0: 3 0x800000bc (0x0000006f)
core   0: 3 0x800000bc (0x0000006f)
core   0: 3 0x800000bc (0x0000006f)
core   0: 3 0x800000bc (0x0000006f)
core   0: 3 0x800000bc (0x0000006f)
core   0: 3 0x800000bc (0x0000006f)
core   0: 3 0x800000bc (0x0000006f)
core   0: 3 0x800000bc (0x0000006f)
core   0: 3 0x800000bc (0x0000006f)
core   0: 3 0x800000bc (0x0000006f)
core   0: 3 0x800000bc (0x0000006f)
core   0: 3 0x800000bc (0x0000006f)
core   0: 3 0x800000bc (0x0000006f)
core   0: 3 0x800000bc (0x0000006f)
core   0: 3 0x800000bc (0x0000006f)
core   0: 3 0x800000bc (0x0000006f)
core   0: 3 0x800000bc (0x0000006f)
core   0: 3 0x800000bc (0x0000006f)
core   0: 3 0x800000bc (0x0000006f)
core   0: 3 0x800000bc (0x0000006f)
core   0: 3 0x800000bc (0x0000006f)
core   0: 3 0x800000bc (0x0000006f)
core   0: 3 0x800000bc (0x0000006f)
core   0: 3 0x800000bc (0x0000006f)
core   0: 3 0x800000bc (0x0000006f)
core   0: 3 0x800000bc (0x0000006f)
core   0: 3 0x800000bc (0x0000006f)
core   0: 3 0x800000bc (0x0000006f)
core   0: 3 0x800000bc (0x0000006f)
core   0: 3 0x800000bc (0x0000006f)
core   0: 3 0x800000bc (0x0000006f)
core   0: 3 0x800000bc (0x0000006f)
core   0: 3 0x800000bc (0x0000006f)
core   0: 3 0x800000bc (0x0000006f)
core   0: 3 0x800000bc (0x0000006f)
core   0: 3 0x800000bc (0x0000006f)
core   0: 3 0x800000bc (0x0000006f)
core   0: 3 0x800000bc (0x0000006f)
core   0: 3 0x800000bc (0x0000006f)
core   0: 3 0x800000bc (0x0000006f)
core   0: 3 0x800000bc (0x0000006f)
core   0: 3 0x800000bc (0x0000006f)
core   0: 3 0x800000bc (0x0000006f)
core   0: 3 0x800000bc (0x0000006f)
core   0: 3 0x800000bc (0x0000006f)
core   0: 3 0x800000bc (0x0000006f)
core   0: 3 0x800000bc (0x0000006f)
core   0: 3 0x800000bc (0x0000006f)
core   0: 3 0x800000bc (0x0000006f)
core   0: 3 0x800000bc (0x0000006f)
core   0: 3 0x800000bc (0x0000006f)
core   0: 3 0x800000bc (0x0000006f)
core   0: 3 0x800000bc (0x0000006f)
core   0: 3 0x800000bc (0x0000006f)
core   0: 3 0x800000bc (0x0000006f)
core   0: 3 0x800000bc (0x0000006f)
core   0: 3 0x800000bc (0x0000006f)
core   0: 3 0x800000bc (0x0000006f)
core   0: 3 0x800000bc (0x0000006f)
core   0: 3 0x800000bc (0x0000006f)
core   0: 3 0x800000bc (0x0000006f)
core   0: 3 0x800000bc (0x0000006f)
core   0: 3 0x800000bc (0x0000006f)
core   0: 3 0x800000bc (0x0000006f)
core   0: 3 0x800000bc (0x0000006f)
core   0: 3 0x800000bc (0x0000006f)
core   0: 3 0x800000bc (0x0000006f)
core   0: 3 0x800000bc (0x0000006f)
core   0: 3 0x800000bc (0x0000006f)
core   0: 3 0x800000bc (0x0000006f)
core   0: 3 0x800000bc (0x0000006f)
core   0: 3 0x800000bc (0x0000006f)
core   0: 3 0x800000bc (0x0000006f)
core   0: 3 0x800000bc (0x0000006f)
core   0: 3 0x800000bc (0x0000006f)
core   0: 3 0x800000bc (0x0000006f)
core   0: 3 0x800000bc (0x0000006f)
core   0: 3 0x800000bc (0x0000006f)
core   0: 3 0x800000bc (0x0000006f)
core   0: 3 0x800000bc (0x0000006f)
core   0: 3 0x800000bc (0x0000006f)
core   0: 3 0x800000bc (0x0000006f)
core   0: 3 0x800000bc (0x0000006f)
core   0: 3 0x800000bc (0x0000006f)
core   0: 3 0x800000bc (0x0000006f)
core   0: 3 0x800000bc (0x0000006f)
core   0: 3 0x800000bc (0x0000006f)
core   0: 3 0x800000bc (0x0000006f)
core   0: 3 0x800000bc (0x0000006f)
core   0: 3 0x800000bc (0x0000006f)
core   0: 3 0x800000bc (0x0000006f)
core   0: 3 0x800000bc (0x0000006f)
core   0: 3 0x800000bc (0x0000006f)
core   0: 3 0x800000bc (0x0000006f)
core   0: 3 0x800000bc (0x0000006f)
core   0: 3 0x800000bc (0x0000006f)
core   0: 3 0x800000bc (0x0000006f)
core   0: 3 0x800000bc (0x0000006f)
core   0: 3 0x800000bc (0x0000006f)
core   0: 3 0x800000bc (0x0000006f)
core   0: 3 0x800000bc (0x0000006f)
core   0: 3 0x800000bc (0x0000006f)
core   0: 3 0x800000bc (0x0000006f)
core   0: 3 0x800000bc (0x0000006f)
core   0: 3 0x800000bc (0x0000006f)
core   0: 3 0x800000bc (0x0000006f)
core   0: 3 0x800000bc (0x0000006f)
core   0: 3 0x800000bc (0x0000006f)
core   0: 3 0x800000bc (0x0000006f)
core   0: 3 0x800000bc (0x0000006f)
core   0: 3 0x800000bc (0x0000006f)
core   0: 3 0x800000bc (0x0000006f)
core   0: 3 0x800000bc (0x0000006f)
core   0: 3 0x800000bc (0x0000006f)
core   0: 3 0x800000bc (0x0000006f)
core   0: 3 0x800000bc (0x0000006f)
core   0: 3 0x800000bc (0x0000006f)
core   0: 3 0x800000bc (0x0000006f)
core   0: 3 0x800000bc (0x0000006f)
core   0: 3 0x800000bc (0x0000006f)
core   0: 3 0x800000bc (0x0000006f)
core   0: 3 0x800000bc (0x0000006f)
core   0: 3 0x800000bc (0x0000006f)
core   0: 3 0x800000bc (0x0000006f)
core   0: 3 0x800000bc (0x0000006f)
core   0: 3 0x800000bc (0x0000006f)
core   0: 3 0x800000bc (0x0000006f)
core   0: 3 0x800000bc (0x0000006f)
core   0: 3 0x800000bc (0x0000006f)
core   0: 3 0x800000bc (0x0000006f)
core   0: 3 0x800000bc (0x0000006f)
core   0: 3 0x800000bc (0x0000006f)
core   0: 3 0x800000bc (0x0000006f)
core   0: 3 0x800000bc (0x0000006f)
core   0: 3 0x800000bc (0x0000006f)
core   0: 3 0x800000bc (0x0000006f)
core   0: 3 0x800000bc (0x0000006f)
core   0: 3 0x800000bc (0x0000006f)
core   0: 3 0x800000bc (0x0000006f)
core   0: 3 0x800000bc (0x0000006f)
core   0: 3 0x800000bc (0x0000006f)
core   0: 3 0x800000bc (0x0000006f)
core   0: 3 0x800000bc (0x0000006f)
core   0: 3 0x800000bc (0x0000006f)
core   0: 3 0x800000bc (0x0000006f)
core   0: 3 0x800000bc (0x0000006f)
core   0: 3 0x800000bc (0x0000006f)
core   0: 3 0x800000bc (0x0000006f)
core   0: 3 0x800000bc (0x0000006f)
core   0: 3 0x800000bc (0x0000006f)
core   0: 3 0x800000bc (0x0000006f)
core   0: 3 0x800000bc (0x0000006f)
core   0: 3 0x800000bc (0x0000006f)
core   0: 3 0x800000bc (0x0000006f)
core   0: 3 0x800000bc (0x0000006f)
core   0: 3 0x800000bc (0x0000006f)
core   0: 3 0x800000bc (0x0000006f)
core   0: 3 0x800000bc (0x0000006f)
core   0: 3 0x800000bc (0x0000006f)
core   0: 3 0x800000bc (0x0000006f)
core   0: 3 0x800000bc (0x0000006f)
core   0: 3 0x800000bc (0x0000006f)
core   0: 3 0x800000bc (0x0000006f)
core   0: 3 0x800000bc (0x0000006f)
core   0: 3 0x800000bc (0x0000006f)
core   0: 3 0x800000bc (0x0000006f)
core   0: 3 0x800000bc (0x0000006f)
core   0: 3 0x800000bc (0x0000006f)
core   0: 3 0x800000bc (0x0000006f)
core   0: 3 0x800000bc (0x0000006f)
core   0: 3 0x800000bc (0x0000006f)
core   0: 3 0x800000bc (0x0000006f)
core   0: 3 0x800000bc (0x0000006f)
core   0: 3 0x800000bc (0x0000006f)
core   0: 3 0x800000bc (0x0000006f)
core   0: 3 0x800000bc (0x0000006f)
core   0: 3 0x800000bc (0x0000006f)
core   0: 3 0x800000bc (0x0000006f)
core   0: 3 0x800000bc (0x0000006f)
core   0: 3 0x800000bc (0x0000006f)
core   0: 3 0x800000bc (0x0000006f)
core   0: 3 0x800000bc (0x0000006f)
core   0: 3 0x800000bc (0x0000006f)
core   0: 3 0x800000bc (0x0000006f)
core   0: 3 0x800000bc (0x0000006f)
core   0: 3 0x800000bc (0x0000006f)
core   0: 3 0x800000bc (0x0000006f)
core   0: 3 0x800000bc (0x0000006f)
core   0: 3 0x800000bc (0x0000006f)
core   0: 3 0x800000bc (0x0000006f)
core   0: 3 0x800000bc (0x0000006f)
core   0: 3 0x800000bc (0x0000006f)
core   0: 3 0x800000bc (0x0000006f)
core   0: 3 0x800000bc (0x0000006f)
core   0: 3 0x800000bc (0x0000006f)
core   0: 3 0x800000bc (0x0000006f)
core   0: 3 0x800000bc (0x0000006f)
core   0: 3 0x800000bc (0x0000006f)
core   0: 3 0x800000bc (0x0000006f)
core   0: 3 0x800000bc (0x0000006f)
core   0: 3 0x800000bc (0x0000006f)
core   0: 3 0x800000bc (0x0000006f)
core   0: 3 0x800000bc (0x0000006f)
core   0: 3 0x800000bc (0x0000006f)
core   0: 3 0x800000bc (0x0000006f)
core   0: 3 0x800000bc (0x0000006f)
core   0: 3 0x800000bc (0x0000006f)
core   0: 3 0x800000bc (0x0000006f)
core   0: 3 0x800000bc (0x0000006f)
core   0: 3 0x800000bc (0x0000006f)
core   0: 3 0x800000bc (0x0000006f)
core   0: 3 0x800000bc (0x0000006f)
core   0: 3 0x800000bc (0x0000006f)
core   0: 3 0x800000bc (0x0000006f)
core   0: 3 0x800000bc (0x0000006f)
core   0: 3 0x800000bc (0x0000006f)
core   0: 3 0x800000bc (0x0000006f)
core   0: 3 0x800000bc (0x0000006f)
core   0: 3 0x800000bc (0x0000006f)
core   0: 3 0x800000bc (0x0000006f)
core   0: 3 0x800000bc (0x0000006f)
core   0: 3 0x800000bc (0x0000006f)
core   0: 3 0x800000bc (0x0000006f)
core   0: 3 0x800000bc (0x0000006f)
core   0: 3 0x800000bc (0x0000006f)
core   0: 3 0x800000bc (0x0000006f)
core   0: 3 0x800000bc (0x0000006f)
core   0: 3 0x800000bc (0x0000006f)
core   0: 3 0x800000bc (0x0000006f)
core   0: 3 0x800000bc (0x0000006f)
core   0: 3 0x800000bc (0x0000006f)
core   0: 3 0x800000bc (0x0000006f)
core   0: 3 0x800000bc (0x0000006f)
core   0: 3 0x800000bc (0x0000006f)
core   0: 3 0x800000bc (0x0000006f)
core   0: 3 0x800000bc (0x0000006f)
core   0: 3 0x800000bc (0x0000006f)
core   0: 3 0x800000bc (0x0000006f)
core   0: 3 0x800000bc (0x0000006f)
core   0: 3 0x800000bc (0x0000006f)
core   0: 3 0x800000bc (0x0000006f)
core   0: 3 0x800000bc (0x0000006f)
core   0: 3 0x800000bc (0x0000006f)
core   0: 3 0x800000bc (0x0000006f)
core   0: 3 0x800000bc (0x0000006f)
core   0: 3 0x800000bc (0x0000006f)
core   0: 3 0x800000bc (0x0000006f)
core   0: 3 0x800000bc (0x0000006f)
core   0: 3 0x800000bc (0x0000006f)
core   0: 3 0x800000bc (0x0000006f)
core   0: 3 0x800000bc (0x0000006f)
core   0: 3 0x800000bc (0x0000006f)
core   0: 3 0x800000bc (0x0000006f)
core   0: 3 0x800000bc (0x0000006f)
core   0: 3 0x800000bc (0x0000006f)
core   0: 3 0x800000bc (0x0000006f)
core   0: 3 0x800000bc (0x0000006f)
core   0: 3 0x800000bc (0x0000006f)
core   0: 3 0x800000bc (0x0000006f)
core   0: 3 0x800000bc (0x0000006f)
core   0: 3 0x800000bc (0x0000006f)
core   0: 3 0x800000bc (0x0000006f)
core   0: 3 0x800000bc (0x0000006f)
core   0: 3 0x800000bc (0x0000006f)
core   0: 3 0x800000bc (0x0000006f)
core   0: 3 0x800000bc (0x0000006f)
core   0: 3 0x800000bc (0x0000006f)
core   0: 3 0x800000bc (0x0000006f)
core   0: 3 0x800000bc (0x0000006f)
core   0: 3 0x800000bc (0x0000006f)
core   0: 3 0x800000bc (0x0000006f)
core   0: 3 0x800000bc (0x0000006f)
core   0: 3 0x800000bc (0x0000006f)
core   0: 3 0x800000bc (0x0000006f)
core   0: 3 0x800000bc (0x0000006f)
core   0: 3 0x800000bc (0x0000006f)
core   0: 3 0x800000bc (0x0000006f)
core   0: 3 0x800000bc (0x0000006f)
core   0: 3 0x800000bc (0x0000006f)
core   0: 3 0x800000bc (0x0000006f)
core   0: 3 0x800000bc (0x0000006f)
core   0: 3 0x800000bc (0x0000006f)
core   0: 3 0x800000bc (0x0000006f)
core   0: 3 0x800000bc (0x0000006f)
core   0: 3 0x800000bc (0x0000006f)
core   0: 3 0x800000bc (0x0000006f)
core   0: 3 0x800000bc (0x0000006f)
core   0: 3 0x800000bc (0x0000006f)
core   0: 3 0x800000bc (0x0000006f)
core   0: 3 0x800000bc (0x0000006f)
core   0: 3 0x800000bc (0x0000006f)
core   0: 3 0x800000bc (0x0000006f)
core   0: 3 0x800000bc (0x0000006f)
core   0: 3 0x800000bc (0x0000006f)
core   0: 3 0x800000bc (0x0000006f)
core   0: 3 0x800000bc (0x0000006f)
core   0: 3 0x800000bc (0x0000006f)
core   0: 3 0x800000bc (0x0000006f)
core   0: 3 0x800000bc (0x0000006f)
core   0: 3 0x800000bc (0x0000006f)
core   0: 3 0x800000bc (0x0000006f)
core   0: 3 0x800000bc (0x0000006f)
core   0: 3 0x800000bc (0x0000006f)
core   0: 3 0x800000bc (0x0000006f)
core   0: 3 0x800000bc (0x0000006f)
core   0: 3 0x800000bc (0x0000006f)
core   0: 3 0x800000bc (0x0000006f)
core   0: 3 0x800000bc (0x0000006f)
core   0: 3 0x800000bc (0x0000006f)
core   0: 3 0x800000bc (0x0000006f)
core   0: 3 0x800000bc (0x0000006f)
core   0: 3 0x800000bc (0x0000006f)
core   0: 3 0x800000bc (0x0000006f)
core   0: 3 0x800000bc (0x0000006f)
core   0: 3 0x800000bc (0x0000006f)
core   0: 3 0x800000bc (0x0000006f)
core   0: 3 0x800000bc (0x0000006f)
core   0: 3 0x800000bc (0x0000006f)
core   0: 3 0x800000bc (0x0000006f)
core   0: 3 0x800000bc (0x0000006f)
core   0: 3 0x800000bc (0x0000006f)
core   0: 3 0x800000bc (0x0000006f)
core   0: 3 0x800000bc (0x0000006f)
core   0: 3 0x800000bc (0x0000006f)
core   0: 3 0x800000bc (0x0000006f)
core   0: 3 0x800000bc (0x0000006f)
core   0: 3 0x800000bc (0x0000006f)
core   0: 3 0x800000bc (0x0000006f)
core   0: 3 0x800000bc (0x0000006f)
core   0: 3 0x800000bc (0x0000006f)
core   0: 3 0x800000bc (0x0000006f)
core   0: 3 0x800000bc (0x0000006f)
core   0: 3 0x800000bc (0x0000006f)
core   0: 3 0x800000bc (0x0000006f)
core   0: 3 0x800000bc (0x0000006f)
core   0: 3 0x800000bc (0x0000006f)
core   0: 3 0x800000bc (0x0000006f)
core   0: 3 0x800000bc (0x0000006f)
core   0: 3 0x800000bc (0x0000006f)
core   0: 3 0x800000bc (0x0000006f)
core   0: 3 0x800000bc (0x0000006f)
core   0: 3 0x800000bc (0x0000006f)
core   0: 3 0x800000bc (0x0000006f)
core   0: 3 0x800000bc (0x0000006f)
core   0: 3 0x800000bc (0x0000006f)
core   0: 3 0x800000bc (0x0000006f)
core   0: 3 0x800000bc (0x0000006f)
core   0: 3 0x800000bc (0x0000006f)
core   0: 3 0x800000bc (0x0000006f)
core   0: 3 0x800000bc (0x0000006f)
core   0: 3 0x800000bc (0x0000006f)
core   0: 3 0x800000bc (0x0000006f)
core   0: 3 0x800000bc (0x0000006f)
core   0: 3 0x800000bc (0x0000006f)
core   0: 3 0x800000bc (0x0000006f)
core   0: 3 0x800000bc (0x0000006f)
core   0: 3 0x800000bc (0x0000006f)
core   0: 3 0x800000bc (0x0000006f)
core   0: 3 0x800000bc (0x0000006f)
core   0: 3 0x800000bc (0x0000006f)
core   0: 3 0x800000bc (0x0000006f)
core   0: 3 0x800000bc (0x0000006f)
core   0: 3 0x800000bc (0x0000006f)
core   0: 3 0x800000bc (0x0000006f)
core   0: 3 0x800000bc (0x0000006f)
core   0: 3 0x800000bc (0x0000006f)
core   0: 3 0x800000bc (0x0000006f)
core   0: 3 0x800000bc (0x0000006f)
core   0: 3 0x800000bc (0x0000006f)
core   0: 3 0x800000bc (0x0000006f)
core   0: 3 0x800000bc (0x0000006f)
core   0: 3 0x800000bc (0x0000006f)
core   0: 3 0x800000bc (0x0000006f)
core   0: 3 0x800000bc (0x0000006f)
core   0: 3 0x800000bc (0x0000006f)
core   0: 3 0x800000bc (0x0000006f)
core   0: 3 0x800000bc (0x0000006f)
core   0: 3 0x800000bc (0x0000006f)
core   0: 3 0x800000bc (0x0000006f)
core   0: 3 0x800000bc (0x0000006f)
core   0: 3 0x800000bc (0x0000006f)
core   0: 3 0x800000bc (0x0000006f)
core   0: 3 0x800000bc (0x0000006f)
core   0: 3 0x800000bc (0x0000006f)
core   0: 3 0x800000bc (0x0000006f)
core   0: 3 0x800000bc (0x0000006f)
core   0: 3 0x800000bc (0x0000006f)
core   0: 3 0x800000bc (0x0000006f)
core   0: 3 0x800000bc (0x0000006f)
core   0: 3 0x800000bc (0x0000006f)
core   0: 3 0x800000bc (0x0000006f)
core   0: 3 0x800000bc (0x0000006f)
core   0: 3 0x800000bc (0x0000006f)
core   0: 3 0x800000bc (0x0000006f)
core   0: 3 0x800000bc (0x0000006f)
core   0: 3 0x800000bc (0x0000006f)
core   0: 3 0x800000bc (0x0000006f)
core   0: 3 0x800000bc (0x0000006f)
core   0: 3 0x800000bc (0x0000006f)
core   0: 3 0x800000bc (0x0000006f)
core   0: 3 0x800000bc (0x0000006f)
core   0: 3 0x800000bc (0x0000006f)
core   0: 3 0x800000bc (0x0000006f)
core   0: 3 0x800000bc (0x0000006f)
core   0: 3 0x800000bc (0x0000006f)
core   0: 3 0x800000bc (0x0000006f)
core   0: 3 0x800000bc (0x0000006f)
core   0: 3 0x800000bc (0x0000006f)
core   0: 3 0x800000bc (0x0000006f)
core   0: 3 0x800000bc (0x0000006f)
core   0: 3 0x800000bc (0x0000006f)
core   0: 3 0x800000bc (0x0000006f)
core   0: 3 0x800000bc (0x0000006f)
core   0: 3 0x800000bc (0x0000006f)
core   0: 3 0x800000bc (0x0000006f)
core   0: 3 0x800000bc (0x0000006f)
core   0: 3 0x800000bc (0x0000006f)
core   0: 3 0x800000bc (0x0000006f)
core   0: 3 0x800000bc (0x0000006f)
core   0: 3 0x800000bc (0x0000006f)
core   0: 3 0x800000bc (0x0000006f)
core   0: 3 0x800000bc (0x0000006f)
core   0: 3 0x800000bc (0x0000006f)
core   0: 3 0x800000bc (0x0000006f)
core   0: 3 0x800000bc (0x0000006f)
core   0: 3 0x800000bc (0x0000006f)
core   0: 3 0x800000bc (0x0000006f)
core   0: 3 0x800000bc (0x0000006f)
core   0: 3 0x800000bc (0x0000006f)
core   0: 3 0x800000bc (0x0000006f)
core   0: 3 0x800000bc (0x0000006f)
core   0: 3 0x800000bc (0x0000006f)
core   0: 3 0x800000bc (0x0000006f)
core   0: 3 0x800000bc (0x0000006f)
core   0: 3 0x800000bc (0x0000006f)
core   0: 3 0x800000bc (0x0000006f)
core   0: 3 0x800000bc (0x0000006f)
core   0: 3 0x800000bc (0x0000006f)
core   0: 3 0x800000bc (0x0000006f)
core   0: 3 0x800000bc (0x0000006f)
core   0: 3 0x800000bc (0x0000006f)
core   0: 3 0x800000bc (0x0000006f)
core   0: 3 0x800000bc (0x0000006f)
core   0: 3 0x800000bc (0x0000006f)
core   0: 3 0x800000bc (0x0000006f)
core   0: 3 0x800000bc (0x0000006f)
core   0: 3 0x800000bc (0x0000006f)
core   0: 3 0x800000bc (0x0000006f)
core   0: 3 0x800000bc (0x0000006f)
core   0: 3 0x800000bc (0x0000006f)
core   0: 3 0x800000bc (0x0000006f)
core   0: 3 0x800000bc (0x0000006f)
core   0: 3 0x800000bc (0x0000006f)
core   0: 3 0x800000bc (0x0000006f)
core   0: 3 0x800000bc (0x0000006f)
core   0: 3 0x800000bc (0x0000006f)
core   0: 3 0x800000bc (0x0000006f)
core   0: 3 0x800000bc (0x0000006f)
core   0: 3 0x800000bc (0x0000006f)
core   0: 3 0x800000bc (0x0000006f)
core   0: 3 0x800000bc (0x0000006f)
core   0: 3 0x800000bc (0x0000006f)
core   0: 3 0x800000bc (0x0000006f)
core   0: 3 0x800000bc (0x0000006f)
core   0: 3 0x800000bc (0x0000006f)
core   0: 3 0x800000bc (0x0000006f)
core   0: 3 0x800000bc (0x0000006f)
core   0: 3 0x800000bc (0x0000006f)
core   0: 3 0x800000bc (0x0000006f)
core   0: 3 0x800000bc (0x0000006f)
core   0: 3 0x800000bc (0x0000006f)
core   0: 3 0x800000bc (0x0000006f)
core   0: 3 0x800000bc (0x0000006f)
core   0: 3 0x800000bc (0x0000006f)
core   0: 3 0x800000bc (0x0000006f)
core   0: 3 0x800000bc (0x0000006f)
core   0: 3 0x800000bc (0x0000006f)
core   0: 3 0x800000bc (0x0000006f)
core   0: 3 0x800000bc (0x0000006f)
core   0: 3 0x800000bc (0x0000006f)
core   0: 3 0x800000bc (0x0000006f)
core   0: 3 0x800000bc (0x0000006f)
core   0: 3 0x800000bc (0x0000006f)
core   0: 3 0x800000bc (0x0000006f)
core   0: 3 0x800000bc (0x0000006f)
core   0: 3 0x800000bc (0x0000006f)
core   0: 3 0x800000bc (0x0000006f)
core   0: 3 0x800000bc (0x0000006f)
core   0: 3 0x800000bc (0x0000006f)
core   0: 3 0x800000bc (0x0000006f)
core   0: 3 0x800000bc (0x0000006f)
core   0: 3 0x800000bc (0x0000006f)
core   0: 3 0x800000bc (0x0000006f)
core   0: 3 0x800000bc (0x0000006f)
core   0: 3 0x800000bc (0x0000006f)
core   0: 3 0x800000bc (0x0000006f)
core   0: 3 0x800000bc (0x0000006f)
core   0: 3 0x800000bc (0x0000006f)
core   0: 3 0x800000bc (0x0000006f)
core   0: 3 0x800000bc (0x0000006f)
core   0: 3 0x800000bc (0x0000006f)
core   0: 3 0x800000bc (0x0000006f)
core   0: 3 0x800000bc (0x0000006f)
core   0: 3 0x800000bc (0x0000006f)
core   0: 3 0x800000bc (0x0000006f)
core   0: 3 0x800000bc (0x0000006f)
core   0: 3 0x800000bc (0x0000006f)
core   0: 3 0x800000bc (0x0000006f)
core   0: 3 0x800000bc (0x0000006f)
core   0: 3 0x800000bc (0x0000006f)
core   0: 3 0x800000bc (0x0000006f)
core   0: 3 0x800000bc (0x0000006f)
core   0: 3 0x800000bc (0x0000006f)
core   0: 3 0x800000bc (0x0000006f)
core   0: 3 0x800000bc (0x0000006f)
core   0: 3 0x800000bc (0x0000006f)
core   0: 3 0x800000bc (0x0000006f)
core   0: 3 0x800000bc (0x0000006f)
core   0: 3 0x800000bc (0x0000006f)
core   0: 3 0x800000bc (0x0000006f)
core   0: 3 0x800000bc (0x0000006f)
core   0: 3 0x800000bc (0x0000006f)
core   0: 3 0x800000bc (0x0000006f)
core   0: 3 0x800000bc (0x0000006f)
core   0: 3 0x800000bc (0x0000006f)
core   0: 3 0x800000bc (0x0000006f)
core   0: 3 0x800000bc (0x0000006f)
core   0: 3 0x800000bc (0x0000006f)
core   0: 3 0x800000bc (0x0000006f)
core   0: 3 0x800000bc (0x0000006f)
core   0: 3 0x800000bc (0x0000006f)
core   0: 3 0x800000bc (0x0000006f)
core   0: 3 0x800000bc (0x0000006f)
core   0: 3 0x800000bc (0x0000006f)
core   0: 3 0x800000bc (0x0000006f)
core   0: 3 0x800000bc (0x0000006f)
core   0: 3 0x800000bc (0x0000006f)
core   0: 3 0x800000bc (0x0000006f)
core   0: 3 0x800000bc (0x0000006f)
core   0: 3 0x800000bc (0x0000006f)
core   0: 3 0x800000bc (0x0000006f)
core   0: 3 0x800000bc (0x0000006f)
core   0: 3 0x800000bc (0x0000006f)
core   0: 3 0x800000bc (0x0000006f)
core   0: 3 0x800000bc (0x0000006f)
core   0: 3 0x800000bc (0x0000006f)
core   0: 3 0x800000bc (0x0000006f)
core   0: 3 0x800000bc (0x0000006f)
core   0: 3 0x800000bc (0x0000006f)
core   0: 3 0x800000bc (0x0000006f)
core   0: 3 0x800000bc (0x0000006f)
core   0: 3 0x800000bc (0x0000006f)
core   0: 3 0x800000bc (0x0000006f)
core   0: 3 0x800000bc (0x0000006f)
core   0: 3 0x800000bc (0x0000006f)
core   0: 3 0x800000bc (0x0000006f)
core   0: 3 0x800000bc (0x0000006f)
core   0: 3 0x800000bc (0x0000006f)
core   0: 3 0x800000bc (0x0000006f)
core   0: 3 0x800000bc (0x0000006f)
core   0: 3 0x800000bc (0x0000006f)
core   0: 3 0x800000bc (0x0000006f)
core   0: 3 0x800000bc (0x0000006f)
core   0: 3 0x800000bc (0x0000006f)
core   0: 3 0x800000bc (0x0000006f)
core   0: 3 0x800000bc (0x0000006f)
core   0: 3 0x800000bc (0x0000006f)
core   0: 3 0x800000bc (0x0000006f)
core   0: 3 0x800000bc (0x0000006f)
core   0: 3 0x800000bc (0x0000006f)
core   0: 3 0x800000bc (0x0000006f)
core   0: 3 0x800000bc (0x0000006f)
core   0: 3 0x800000bc (0x0000006f)
core   0: 3 0x800000bc (0x0000006f)
core   0: 3 0x800000bc (0x0000006f)
core   0: 3 0x800000bc (0x0000006f)
core   0: 3 0x800000bc (0x0000006f)
core   0: 3 0x800000bc (0x0000006f)
core   0: 3 0x800000bc (0x0000006f)
core   0: 3 0x800000bc (0x0000006f)
core   0: 3 0x800000bc (0x0000006f)
core   0: 3 0x800000bc (0x0000006f)
core   0: 3 0x800000bc (0x0000006f)
core   0: 3 0x800000bc (0x0000006f)
core   0: 3 0x800000bc (0x0000006f)
core   0: 3 0x800000bc (0x0000006f)
core   0: 3 0x800000bc (0x0000006f)
core   0: 3 0x800000bc (0x0000006f)
core   0: 3 0x800000bc (0x0000006f)
core   0: 3 0x800000bc (0x0000006f)
core   0: 3 0x800000bc (0x0000006f)
core   0: 3 0x800000bc (0x0000006f)
core   0: 3 0x800000bc (0x0000006f)
core   0: 3 0x800000bc (0x0000006f)
core   0: 3 0x800000bc (0x0000006f)
core   0: 3 0x800000bc (0x0000006f)
core   0: 3 0x800000bc (0x0000006f)
core   0: 3 0x800000bc (0x0000006f)
core   0: 3 0x800000bc (0x0000006f)
core   0: 3 0x800000bc (0x0000006f)
core   0: 3 0x800000bc (0x0000006f)
core   0: 3 0x800000bc (0x0000006f)
core   0: 3 0x800000bc (0x0000006f)
core   0: 3 0x800000bc (0x0000006f)
core   0: 3 0x800000bc (0x0000006f)
core   0: 3 0x800000bc (0x0000006f)
core   0: 3 0x800000bc (0x0000006f)
core   0: 3 0x800000bc (0x0000006f)
core   0: 3 0x800000bc (0x0000006f)
core   0: 3 0x800000bc (0x0000006f)
core   0: 3 0x800000bc (0x0000006f)
core   0: 3 0x800000bc (0x0000006f)
core   0: 3 0x800000bc (0x0000006f)
core   0: 3 0x800000bc (0x0000006f)
core   0: 3 0x800000bc (0x0000006f)
core   0: 3 0x800000bc (0x0000006f)
core   0: 3 0x800000bc (0x0000006f)
core   0: 3 0x800000bc (0x0000006f)
core   0: 3 0x800000bc (0x0000006f)
core   0: 3 0x800000bc (0x0000006f)
core   0: 3 0x800000bc (0x0000006f)
core   0: 3 0x800000bc (0x0000006f)
core   0: 3 0x800000bc (0x0000006f)
core   0: 3 0x800000bc (0x0000006f)
core   0: 3 0x800000bc (0x0000006f)
core   0: 3 0x800000bc (0x0000006f)
core   0: 3 0x800000bc (0x0000006f)
core   0: 3 0x800000bc (0x0000006f)
core   0: 3 0x800000bc (0x0000006f)
core   0: 3 0x800000bc (0x0000006f)
core   0: 3 0x800000bc (0x0000006f)
core   0: 3 0x800000bc (0x0000006f)
core   0: 3 0x800000bc (0x0000006f)
core   0: 3 0x800000bc (0x0000006f)
core   0: 3 0x800000bc (0x0000006f)
core   0: 3 0x800000bc (0x0000006f)
core   0: 3 0x800000bc (0x0000006f)
core   0: 3 0x800000bc (0x0000006f)
core   0: 3 0x800000bc (0x0000006f)
core   0: 3 0x800000bc (0x0000006f)
core   0: 3 0x800000bc (0x0000006f)
core   0: 3 0x800000bc (0x0000006f)
core   0: 3 0x800000bc (0x0000006f)
core   0: 3 0x800000bc (0x0000006f)
core   0: 3 0x800000bc (0x0000006f)
core   0: 3 0x800000bc (0x0000006f)
core   0: 3 0x800000bc (0x0000006f)
core   0: 3 0x800000bc (0x0000006f)
core   0: 3 0x800000bc (0x0000006f)
core   0: 3 0x800000bc (0x0000006f)
core   0: 3 0x800000bc (0x0000006f)
core   0: 3 0x800000bc (0x0000006f)
core   0: 3 0x800000bc (0x0000006f)
core   0: 3 0x800000bc (0x0000006f)
core   0: 3 0x800000bc (0x0000006f)
core   0: 3 0x800000bc (0x0000006f)
core   0: 3 0x800000bc (0x0000006f)
core   0: 3 0x800000bc (0x0000006f)
core   0: 3 0x800000bc (0x0000006f)
core   0: 3 0x800000bc (0x0000006f)
core   0: 3 0x800000bc (0x0000006f)
core   0: 3 0x800000bc (0x0000006f)
core   0: 3 0x800000bc (0x0000006f)
core   0: 3 0x800000bc (0x0000006f)
core   0: 3 0x800000bc (0x0000006f)
core   0: 3 0x800000bc (0x0000006f)
core   0: 3 0x800000bc (0x0000006f)
core   0: 3 0x800000bc (0x0000006f)
core   0: 3 0x800000bc (0x0000006f)
core   0: 3 0x800000bc (0x0000006f)
core   0: 3 0x800000bc (0x0000006f)
core   0: 3 0x800000bc (0x0000006f)
core   0: 3 0x800000bc (0x0000006f)
core   0: 3 0x800000bc (0x0000006f)
core   0: 3 0x800000bc (0x0000006f)
core   0: 3 0x800000bc (0x0000006f)
core   0: 3 0x800000bc (0x0000006f)
core   0: 3 0x800000bc (0x0000006f)
core   0: 3 0x800000bc (0x0000006f)
core   0: 3 0x800000bc (0x0000006f)
core   0: 3 0x800000bc (0x0000006f)
core   0: 3 0x800000bc (0x0000006f)
core   0: 3 0x800000bc (0x0000006f)
core   0: 3 0x800000bc (0x0000006f)
core   0: 3 0x800000bc (0x0000006f)
core   0: 3 0x800000bc (0x0000006f)
core   0: 3 0x800000bc (0x0000006f)
core   0: 3 0x800000bc (0x0000006f)
core   0: 3 0x800000bc (0x0000006f)
core   0: 3 0x800000bc (0x0000006f)
core   0: 3 0x800000bc (0x0000006f)
core   0: 3 0x800000bc (0x0000006f)
core   0: 3 0x800000bc (0x0000006f)
core   0: 3 0x800000bc (0x0000006f)
core   0: 3 0x800000bc (0x0000006f)
core   0: 3 0x800000bc (0x0000006f)
core   0: 3 0x800000bc (0x0000006f)
core   0: 3 0x800000bc (0x0000006f)
core   0: 3 0x800000bc (0x0000006f)
core   0: 3 0x800000bc (0x0000006f)
core   0: 3 0x800000bc (0x0000006f)
core   0: 3 0x800000bc (0x0000006f)
core   0: 3 0x800000bc (0x0000006f)
core   0: 3 0x800000bc (0x0000006f)
core   0: 3 0x800000bc (0x0000006f)
core   0: 3 0x800000bc (0x0000006f)
core   0: 3 0x800000bc (0x0000006f)
core   0: 3 0x800000bc (0x0000006f)
core   0: 3 0x800000bc (0x0000006f)
core   0: 3 0x800000bc (0x0000006f)
core   0: 3 0x800000bc (0x0000006f)
core   0: 3 0x800000bc (0x0000006f)
core   0: 3 0x800000bc (0x0000006f)
core   0: 3 0x800000bc (0x0000006f)
core   0: 3 0x800000bc (0x0000006f)
core   0: 3 0x800000bc (0x0000006f)
core   0: 3 0x800000bc (0x0000006f)
core   0: 3 0x800000bc (0x0000006f)
core   0: 3 0x800000bc (0x0000006f)
core   0: 3 0x800000bc (0x0000006f)
core   0: 3 0x800000bc (0x0000006f)
core   0: 3 0x800000bc (0x0000006f)
core   0: 3 0x800000bc (0x0000006f)
core   0: 3 0x800000bc (0x0000006f)
core   0: 3 0x800000bc (0x0000006f)
core   0: 3 0x800000bc (0x0000006f)
core   0: 3 0x800000bc (0x0000006f)
core   0: 3 0x800000bc (0x0000006f)
core   0: 3 0x800000bc (0x0000006f)
core   0: 3 0x800000bc (0x0000006f)
core   0: 3 0x800000bc (0x0000006f)
core   0: 3 0x800000bc (0x0000006f)
core   0: 3 0x800000bc (0x0000006f)
core   0: 3 0x800000bc (0x0000006f)
core   0: 3 0x800000bc (0x0000006f)
core   0: 3 0x800000bc (0x0000006f)
core   0: 3 0x800000bc (0x0000006f)
core   0: 3 0x800000bc (0x0000006f)
core   0: 3 0x800000bc (0x0000006f)
core   0: 3 0x800000bc (0x0000006f)
core   0: 3 0x800000bc (0x0000006f)
core   0: 3 0x800000bc (0x0000006f)
core   0: 3 0x800000bc (0x0000006f)
core   0: 3 0x800000bc (0x0000006f)
core   0: 3 0x800000bc (0x0000006f)
core   0: 3 0x800000bc (0x0000006f)
core   0: 3 0x800000bc (0x0000006f)
core   0: 3 0x800000bc (0x0000006f)
core   0: 3 0x800000bc (0x0000006f)
core   0: 3 0x800000bc (0x0000006f)
core   0: 3 0x800000bc (0x0000006f)
core   0: 3 0x800000bc (0x0000006f)
core   0: 3 0x800000bc (0x0000006f)
core   0: 3 0x800000bc (0x0000006f)
core   0: 3 0x800000bc (0x0000006f)
core   0: 3 0x800000bc (0x0000006f)
core   0: 3 0x800000bc (0x0000006f)
core   0: 3 0x800000bc (0x0000006f)
core   0: 3 0x800000bc (0x0000006f)
core   0: 3 0x800000bc (0x0000006f)
core   0: 3 0x800000bc (0x0000006f)
core   0: 3 0x800000bc (0x0000006f)
core   0: 3 0x800000bc (0x0000006f)
core   0: 3 0x800000bc (0x0000006f)
core   0: 3 0x800000bc (0x0000006f)
core   0: 3 0x800000bc (0x0000006f)
core   0: 3 0x800000bc (0x0000006f)
core   0: 3 0x800000bc (0x0000006f)
core   0: 3 0x800000bc (0x0000006f)
core   0: 3 0x800000bc (0x0000006f)
core   0: 3 0x800000bc (0x0000006f)
core   0: 3 0x800000bc (0x0000006f)
core   0: 3 0x800000bc (0x0000006f)
core   0: 3 0x800000bc (0x0000006f)
core   0: 3 0x800000bc (0x0000006f)
core   0: 3 0x800000bc (0x0000006f)
core   0: 3 0x800000bc (0x0000006f)
core   0: 3 0x800000bc (0x0000006f)
core   0: 3 0x800000bc (0x0000006f)
core   0: 3 0x800000bc (0x0000006f)
core   0: 3 0x800000bc (0x0000006f)
core   0: 3 0x800000bc (0x0000006f)
core   0: 3 0x800000bc (0x0000006f)
core   0: 3 0x800000bc (0x0000006f)
core   0: 3 0x800000bc (0x0000006f)
core   0: 3 0x800000bc (0x0000006f)
core   0: 3 0x800000bc (0x0000006f)
core   0: 3 0x800000bc (0x0000006f)
core   0: 3 0x800000bc (0x0000006f)
core   0: 3 0x800000bc (0x0000006f)
core   0: 3 0x800000bc (0x0000006f)
core   0: 3 0x800000bc (0x0000006f)
core   0: 3 0x800000bc (0x0000006f)
core   0: 3 0x800000bc (0x0000006f)
core   0: 3 0x800000bc (0x0000006f)
core   0: 3 0x800000bc (0x0000006f)
core   0: 3 0x800000bc (0x0000006f)
core   0: 3 0x800000bc (0x0000006f)
core   0: 3 0x800000bc (0x0000006f)
core   0: 3 0x800000bc (0x0000006f)
core   0: 3 0x800000bc (0x0000006f)
core   0: 3 0x800000bc (0x0000006f)
core   0: 3 0x800000bc (0x0000006f)
core   0: 3 0x800000bc (0x0000006f)
core   0: 3 0x800000bc (0x0000006f)
core   0: 3 0x800000bc (0x0000006f)
core   0: 3 0x800000bc (0x0000006f)
core   0: 3 0x800000bc (0x0000006f)
core   0: 3 0x800000bc (0x0000006f)
core   0: 3 0x800000bc (0x0000006f)
core   0: 3 0x800000bc (0x0000006f)
core   0: 3 0x800000bc (0x0000006f)
core   0: 3 0x800000bc (0x0000006f)
core   0: 3 0x800000bc (0x0000006f)
core   0: 3 0x800000bc (0x0000006f)
core   0: 3 0x800000bc (0x0000006f)
core   0: 3 0x800000bc (0x0000006f)
core   0: 3 0x800000bc (0x0000006f)
core   0: 3 0x800000bc (0x0000006f)
core   0: 3 0x800000bc (0x0000006f)
core   0: 3 0x800000bc (0x0000006f)
core   0: 3 0x800000bc (0x0000006f)
core   0: 3 0x800000bc (0x0000006f)
core   0: 3 0x800000bc (0x0000006f)
core   0: 3 0x800000bc (0x0000006f)
core   0: 3 0x800000bc (0x0000006f)
core   0: 3 0x800000bc (0x0000006f)
core   0: 3 0x800000bc (0x0000006f)
core   0: 3 0x800000bc (0x0000006f)
core   0: 3 0x800000bc (0x0000006f)
core   0: 3 0x800000bc (0x0000006f)
core   0: 3 0x800000bc (0x0000006f)
core   0: 3 0x800000bc (0x0000006f)
core   0: 3 0x800000bc (0x0000006f)
core   0: 3 0x800000bc (0x0000006f)
core   0: 3 0x800000bc (0x0000006f)
core   0: 3 0x800000bc (0x0000006f)
core   0: 3 0x800000bc (0x0000006f)
core   0: 3 0x800000bc (0x0000006f)
core   0: 3 0x800000bc (0x0000006f)
core   0: 3 0x800000bc (0x0000006f)
core   0: 3 0x800000bc (0x0000006f)
core   0: 3 0x800000bc (0x0000006f)
core   0: 3 0x800000bc (0x0000006f)
core   0: 3 0x800000bc (0x0000006f)
core   0: 3 0x800000bc (0x0000006f)
core   0: 3 0x800000bc (0x0000006f)
core   0: 3 0x800000bc (0x0000006f)
core   0: 3 0x800000bc (0x0000006f)
core   0: 3 0x800000bc (0x0000006f)
core   0: 3 0x800000bc (0x0000006f)
core   0: 3 0x800000bc (0x0000006f)
core   0: 3 0x800000bc (0x0000006f)
core   0: 3 0x800000bc (0x0000006f)
core   0: 3 0x800000bc (0x0000006f)
core   0: 3 0x800000bc (0x0000006f)
core   0: 3 0x800000bc (0x0000006f)
core   0: 3 0x800000bc (0x0000006f)
core   0: 3 0x800000bc (0x0000006f)
core   0: 3 0x800000bc (0x0000006f)
core   0: 3 0x800000bc (0x0000006f)
core   0: 3 0x800000bc (0x0000006f)
core   0: 3 0x800000bc (0x0000006f)
core   0: 3 0x800000bc (0x0000006f)
core   0: 3 0x800000bc (0x0000006f)
core   0: 3 0x800000bc (0x0000006f)
core   0: 3 0x800000bc (0x0000006f)
core   0: 3 0x800000bc (0x0000006f)
core   0: 3 0x800000bc (0x0000006f)
core   0: 3 0x800000bc (0x0000006f)
core   0: 3 0x800000bc (0x0000006f)
core   0: 3 0x800000bc (0x0000006f)
core   0: 3 0x800000bc (0x0000006f)
core   0: 3 0x800000bc (0x0000006f)
core   0: 3 0x800000bc (0x0000006f)
core   0: 3 0x800000bc (0x0000006f)
core   0: 3 0x800000bc (0x0000006f)
core   0: 3 0x800000bc (0x0000006f)
core   0: 3 0x800000bc (0x0000006f)
core   0: 3 0x800000bc (0x0000006f)
core   0: 3 0x800000bc (0x0000006f)
core   0: 3 0x800000bc (0x0000006f)
core   0: 3 0x800000bc (0x0000006f)
core   0: 3 0x800000bc (0x0000006f)
core   0: 3 0x800000bc (0x0000006f)
core   0: 3 0x800000bc (0x0000006f)
core   0: 3 0x800000bc (0x0000006f)
core   0: 3 0x800000bc (0x0000006f)
core   0: 3 0x800000bc (0x0000006f)
core   0: 3 0x800000bc (0x0000006f)
core   0: 3 0x800000bc (0x0000006f)
core   0: 3 0x800000bc (0x0000006f)
core   0: 3 0x800000bc (0x0000006f)
core   0: 3 0x800000bc (0x0000006f)
core   0: 3 0x800000bc (0x0000006f)
core   0: 3 0x800000bc (0x0000006f)
core   0: 3 0x800000bc (0x0000006f)
core   0: 3 0x800000bc (0x0000006f)
core   0: 3 0x800000bc (0x0000006f)
core   0: 3 0x800000bc (0x0000006f)
core   0: 3 0x800000bc (0x0000006f)
core   0: 3 0x800000bc (0x0000006f)
core   0: 3 0x800000bc (0x0000006f)
core   0: 3 0x800000bc (0x0000006f)
core   0: 3 0x800000bc (0x0000006f)
core   0: 3 0x800000bc (0x0000006f)
core   0: 3 0x800000bc (0x0000006f)
core   0: 3 0x800000bc (0x0000006f)
core   0: 3 0x800000bc (0x0000006f)
core   0: 3 0x800000bc (0x0000006f)
core   0: 3 0x800000bc (0x0000006f)
core   0: 3 0x800000bc (0x0000006f)
core   0: 3 0x800000bc (0x0000006f)
core   0: 3 0x800000bc (0x0000006f)
core   0: 3 0x800000bc (0x0000006f)
core   0: 3 0x800000bc (0x0000006f)
core   0: 3 0x800000bc (0x0000006f)
core   0: 3 0x800000bc (0x0000006f)
core   0: 3 0x800000bc (0x0000006f)
core   0: 3 0x800000bc (0x0000006f)
core   0: 3 0x800000bc (0x0000006f)
core   0: 3 0x800000bc (0x0000006f)
core   0: 3 0x800000bc (0x0000006f)
core   0: 3 0x800000bc (0x0000006f)
core   0: 3 0x800000bc (0x0000006f)
core   0: 3 0x800000bc (0x0000006f)
core   0: 3 0x800000bc (0x0000006f)
core   0: 3 0x800000bc (0x0000006f)
core   0: 3 0x800000bc (0x0000006f)
core   0: 3 0x800000bc (0x0000006f)
core   0: 3 0x800000bc (0x0000006f)
core   0: 3 0x800000bc (0x0000006f)
core   0: 3 0x800000bc (0x0000006f)
core   0: 3 0x800000bc (0x0000006f)
core   0: 3 0x800000bc (0x0000006f)
core   0: 3 0x800000bc (0x0000006f)
core   0: 3 0x800000bc (0x0000006f)
core   0: 3 0x800000bc (0x0000006f)
core   0: 3 0x800000bc (0x0000006f)
core   0: 3 0x800000bc (0x0000006f)
core   0: 3 0x800000bc (0x0000006f)
core   0: 3 0x800000bc (0x0000006f)
core   0: 3 0x800000bc (0x0000006f)
core   0: 3 0x800000bc (0x0000006f)
core   0: 3 0x800000bc (0x0000006f)
core   0: 3 0x800000bc (0x0000006f)
core   0: 3 0x800000bc (0x0000006f)
core   0: 3 0x800000bc (0x0000006f)
core   0: 3 0x800000bc (0x0000006f)
core   0: 3 0x800000bc (0x0000006f)
core   0: 3 0x800000bc (0x0000006f)
core   0: 3 0x800000bc (0x0000006f)
core   0: 3 0x800000bc (0x0000006f)
core   0: 3 0x800000bc (0x0000006f)
core   0: 3 0x800000bc (0x0000006f)
core   0: 3 0x800000bc (0x0000006f)
core   0: 3 0x800000bc (0x0000006f)
core   0: 3 0x800000bc (0x0000006f)
core   0: 3 0x800000bc (0x0000006f)
core   0: 3 0x800000bc (0x0000006f)
core   0: 3 0x800000bc (0x0000006f)
core   0: 3 0x800000bc (0x0000006f)
core   0: 3 0x800000bc (0x0000006f)
core   0: 3 0x800000bc (0x0000006f)
core   0: 3 0x800000bc (0x0000006f)
core   0: 3 0x800000bc (0x0000006f)
core   0: 3 0x800000bc (0x0000006f)
core   0: 3 0x800000bc (0x0000006f)
core   0: 3 0x800000bc (0x0000006f)
core   0: 3 0x800000bc (0x0000006f)
core   0: 3 0x800000bc (0x0000006f)
core   0: 3 0x800000bc (0x0000006f)
core   0: 3 0x800000bc (0x0000006f)
core   0: 3 0x800000bc (0x0000006f)
core   0: 3 0x800000bc (0x0000006f)
core   0: 3 0x800000bc (0x0000006f)
core   0: 3 0x800000bc (0x0000006f)
core   0: 3 0x800000bc (0x0000006f)
core   0: 3 0x800000bc (0x0000006f)
core   0: 3 0x800000bc (0x0000006f)
core   0: 3 0x800000bc (0x0000006f)
core   0: 3 0x800000bc (0x0000006f)
core   0: 3 0x800000bc (0x0000006f)
core   0: 3 0x800000bc (0x0000006f)
core   0: 3 0x800000bc (0x0000006f)
core   0: 3 0x800000bc (0x0000006f)
core   0: 3 0x800000bc (0x0000006f)
core   0: 3 0x800000bc (0x0000006f)
core   0: 3 0x800000bc (0x0000006f)
core   0: 3 0x800000bc (0x0000006f)
core   0: 3 0x800000bc (0x0000006f)
core   0: 3 0x800000bc (0x0000006f)
core   0: 3 0x800000bc (0x0000006f)
core   0: 3 0x800000bc (0x0000006f)
core   0: 3 0x800000bc (0x0000006f)
core   0: 3 0x800000bc (0x0000006f)
core   0: 3 0x800000bc (0x0000006f)
core   0: 3 0x800000bc (0x0000006f)
core   0: 3 0x800000bc (0x0000006f)
core   0: 3 0x800000bc (0x0000006f)
core   0: 3 0x800000bc (0x0000006f)
core   0: 3 0x800000bc (0x0000006f)
core   0: 3 0x800000bc (0x0000006f)
core   0: 3 0x800000bc (0x0000006f)
core   0: 3 0x800000bc (0x0000006f)
core   0: 3 0x800000bc (0x0000006f)
core   0: 3 0x800000bc (0x0000006f)
core   0: 3 0x800000bc (0x0000006f)
core   0: 3 0x800000bc (0x0000006f)
core   0: 3 0x800000bc (0x0000006f)
core   0: 3 0x800000bc (0x0000006f)
core   0: 3 0x800000bc (0x0000006f)
core   0: 3 0x800000bc (0x0000006f)
core   0: 3 0x800000bc (0x0000006f)
core   0: 3 0x800000bc (0x0000006f)
core   0: 3 0x800000bc (0x0000006f)
core   0: 3 0x800000bc (0x0000006f)
core   0: 3 0x800000bc (0x0000006f)
core   0: 3 0x800000bc (0x0000006f)
core   0: 3 0x800000bc (0x0000006f)
core   0: 3 0x800000bc (0x0000006f)
core   0: 3 0x800000bc (0x0000006f)
core   0: 3 0x800000bc (0x0000006f)
core   0: 3 0x800000bc (0x0000006f)
core   0: 3 0x800000bc (0x0000006f)
core   0: 3 0x800000bc (0x0000006f)
core   0: 3 0x800000bc (0x0000006f)
core   0: 3 0x800000bc (0x0000006f)
core   0: 3 0x800000bc (0x0000006f)
core   0: 3 0x800000bc (0x0000006f)
core   0: 3 0x800000bc (0x0000006f)
core   0: 3 0x800000bc (0x0000006f)
core   0: 3 0x800000bc (0x0000006f)
core   0: 3 0x800000bc (0x0000006f)
core   0: 3 0x800000bc (0x0000006f)
core   0: 3 0x800000bc (0x0000006f)
core   0: 3 0x800000bc (0x0000006f)
core   0: 3 0x800000bc (0x0000006f)
core   0: 3 0x800000bc (0x0000006f)
core   0: 3 0x800000bc (0x0000006f)
core   0: 3 0x800000bc (0x0000006f)
core   0: 3 0x800000bc (0x0000006f)
core   0: 3 0x800000bc (0x0000006f)
core   0: 3 0x800000bc (0x0000006f)
core   0: 3 0x800000bc (0x0000006f)
core   0: 3 0x800000bc (0x0000006f)
core   0: 3 0x800000bc (0x0000006f)
core   0: 3 0x800000bc (0x0000006f)
core   0: 3 0x800000bc (0x0000006f)
core   0: 3 0x800000bc (0x0000006f)
core   0: 3 0x800000bc (0x0000006f)
core   0: 3 0x800000bc (0x0000006f)
core   0: 3 0x800000bc (0x0000006f)
core   0: 3 0x800000bc (0x0000006f)
core   0: 3 0x800000bc (0x0000006f)
core   0: 3 0x800000bc (0x0000006f)
core   0: 3 0x800000bc (0x0000006f)
core   0: 3 0x800000bc (0x0000006f)
core   0: 3 0x800000bc (0x0000006f)
core   0: 3 0x800000bc (0x0000006f)
core   0: 3 0x800000bc (0x0000006f)
core   0: 3 0x800000bc (0x0000006f)
core   0: 3 0x800000bc (0x0000006f)
core   0: 3 0x800000bc (0x0000006f)
core   0: 3 0x800000bc (0x0000006f)
core   0: 3 0x800000bc (0x0000006f)
core   0: 3 0x800000bc (0x0000006f)
core   0: 3 0x800000bc (0x0000006f)
core   0: 3 0x800000bc (0x0000006f)
core   0: 3 0x800000bc (0x0000006f)
core   0: 3 0x800000bc (0x0000006f)
core   0: 3 0x800000bc (0x0000006f)
core   0: 3 0x800000bc (0x0000006f)
core   0: 3 0x800000bc (0x0000006f)
core   0: 3 0x800000bc (0x0000006f)
core   0: 3 0x800000bc (0x0000006f)
core   0: 3 0x800000bc (0x0000006f)
core   0: 3 0x800000bc (0x0000006f)
core   0: 3 0x800000bc (0x0000006f)
core   0: 3 0x800000bc (0x0000006f)
core   0: 3 0x800000bc (0x0000006f)
core   0: 3 0x800000bc (0x0000006f)
core   0: 3 0x800000bc (0x0000006f)
core   0: 3 0x800000bc (0x0000006f)
core   0: 3 0x800000bc (0x0000006f)
core   0: 3 0x800000bc (0x0000006f)
core   0: 3 0x800000bc (0x0000006f)
core   0: 3 0x800000bc (0x0000006f)
core   0: 3 0x800000bc (0x0000006f)
core   0: 3 0x800000bc (0x0000006f)
core   0: 3 0x800000bc (0x0000006f)
core   0: 3 0x800000bc (0x0000006f)
core   0: 3 0x800000bc (0x0000006f)
core   0: 3 0x800000bc (0x0000006f)
core   0: 3 0x800000bc (0x0000006f)
core   0: 3 0x800000bc (0x0000006f)
core   0: 3 0x800000bc (0x0000006f)
core   0: 3 0x800000bc (0x0000006f)
core   0: 3 0x800000bc (0x0000006f)
core   0: 3 0x800000bc (0x0000006f)
core   0: 3 0x800000bc (0x0000006f)
core   0: 3 0x800000bc (0x0000006f)
core   0: 3 0x800000bc (0x0000006f)
core   0: 3 0x800000bc (0x0000006f)
core   0: 3 0x800000bc (0x0000006f)
core   0: 3 0x800000bc (0x0000006f)
core   0: 3 0x800000bc (0x0000006f)
core   0: 3 0x800000bc (0x0000006f)
core   0: 3 0x800000bc (0x0000006f)
core   0: 3 0x800000bc (0x0000006f)
core   0: 3 0x800000bc (0x0000006f)
core   0: 3 0x800000bc (0x0000006f)
core   0: 3 0x800000bc (0x0000006f)
core   0: 3 0x800000bc (0x0000006f)
core   0: 3 0x800000bc (0x0000006f)
core   0: 3 0x800000bc (0x0000006f)
core   0: 3 0x800000bc (0x0000006f)
core   0: 3 0x800000bc (0x0000006f)
core   0: 3 0x800000bc (0x0000006f)
core   0: 3 0x800000bc (0x0000006f)
core   0: 3 0x800000bc (0x0000006f)
core   0: 3 0x800000bc (0x0000006f)
core   0: 3 0x800000bc (0x0000006f)
core   0: 3 0x800000bc (0x0000006f)
core   0: 3 0x800000bc (0x0000006f)
core   0: 3 0x800000bc (0x0000006f)
core   0: 3 0x800000bc (0x0000006f)
core   0: 3 0x800000bc (0x0000006f)
core   0: 3 0x800000bc (0x0000006f)
core   0: 3 0x800000bc (0x0000006f)
core   0: 3 0x800000bc (0x0000006f)
core   0: 3 0x800000bc (0x0000006f)
core   0: 3 0x800000bc (0x0000006f)
core   0: 3 0x800000bc (0x0000006f)
core   0: 3 0x800000bc (0x0000006f)
core   0: 3 0x800000bc (0x0000006f)
core   0: 3 0x800000bc (0x0000006f)
core   0: 3 0x800000bc (0x0000006f)
core   0: 3 0x800000bc (0x0000006f)
core   0: 3 0x800000bc (0x0000006f)
core   0: 3 0x800000bc (0x0000006f)
core   0: 3 0x800000bc (0x0000006f)
core   0: 3 0x800000bc (0x0000006f)
core   0: 3 0x800000bc (0x0000006f)
core   0: 3 0x800000bc (0x0000006f)
core   0: 3 0x800000bc (0x0000006f)
core   0: 3 0x800000bc (0x0000006f)
core   0: 3 0x800000bc (0x0000006f)
core   0: 3 0x800000bc (0x0000006f)
core   0: 3 0x800000bc (0x0000006f)
core   0: 3 0x800000bc (0x0000006f)
core   0: 3 0x800000bc (0x0000006f)
core   0: 3 0x800000bc (0x0000006f)
core   0: 3 0x800000bc (0x0000006f)
core   0: 3 0x800000bc (0x0000006f)
core   0: 3 0x800000bc (0x0000006f)
core   0: 3 0x800000bc (0x0000006f)
core   0: 3 0x800000bc (0x0000006f)
core   0: 3 0x800000bc (0x0000006f)
core   0: 3 0x800000bc (0x0000006f)
core   0: 3 0x800000bc (0x0000006f)
core   0: 3 0x800000bc (0x0000006f)
core   0: 3 0x800000bc (0x0000006f)
core   0: 3 0x800000bc (0x0000006f)
core   0: 3 0x800000bc (0x0000006f)
core   0: 3 0x800000bc (0x0000006f)
core   0: 3 0x800000bc (0x0000006f)
core   0: 3 0x800000bc (0x0000006f)
core   0: 3 0x800000bc (0x0000006f)
core   0: 3 0x800000bc (0x0000006f)
core   0: 3 0x800000bc (0x0000006f)
core   0: 3 0x800000bc (0x0000006f)
core   0: 3 0x800000bc (0x0000006f)
core   0: 3 0x800000bc (0x0000006f)
core   0: 3 0x800000bc (0x0000006f)
core   0: 3 0x800000bc (0x0000006f)
core   0: 3 0x800000bc (0x0000006f)
core   0: 3 0x800000bc (0x0000006f)
core   0: 3 0x800000bc (0x0000006f)
core   0: 3 0x800000bc (0x0000006f)
core   0: 3 0x800000bc (0x0000006f)
core   0: 3 0x800000bc (0x0000006f)
core   0: 3 0x800000bc (0x0000006f)
core   0: 3 0x800000bc (0x0000006f)
core   0: 3 0x800000bc (0x0000006f)
core   0: 3 0x800000bc (0x0000006f)
core   0: 3 0x800000bc (0x0000006f)
core   0: 3 0x800000bc (0x0000006f)
core   0: 3 0x800000bc (0x0000006f)
core   0: 3 0x800000bc (0x0000006f)
core   0: 3 0x800000bc (0x0000006f)
core   0: 3 0x800000bc (0x0000006f)
core   0: 3 0x800000bc (0x0000006f)
core   0: 3 0x800000bc (0x0000006f)
core   0: 3 0x800000bc (0x0000006f)
core   0: 3 0x800000bc (0x0000006f)
core   0: 3 0x800000bc (0x0000006f)
core   0: 3 0x800000bc (0x0000006f)
core   0: 3 0x800000bc (0x0000006f)
core   0: 3 0x800000bc (0x0000006f)
core   0: 3 0x800000bc (0x0000006f)
core   0: 3 0x800000bc (0x0000006f)
core   0: 3 0x800000bc (0x0000006f)
core   0: 3 0x800000bc (0x0000006f)
core   0: 3 0x800000bc (0x0000006f)
core   0: 3 0x800000bc (0x0000006f)
core   0: 3 0x800000bc (0x0000006f)
core   0: 3 0x800000bc (0x0000006f)
core   0: 3 0x800000bc (0x0000006f)
core   0: 3 0x800000bc (0x0000006f)
core   0: 3 0x800000bc (0x0000006f)
core   0: 3 0x800000bc (0x0000006f)
core   0: 3 0x800000bc (0x0000006f)
core   0: 3 0x800000bc (0x0000006f)
core   0: 3 0x800000bc (0x0000006f)
core   0: 3 0x800000bc (0x0000006f)
core   0: 3 0x800000bc (0x0000006f)
core   0: 3 0x800000bc (0x0000006f)
core   0: 3 0x800000bc (0x0000006f)
core   0: 3 0x800000bc (0x0000006f)
core   0: 3 0x800000bc (0x0000006f)
core   0: 3 0x800000bc (0x0000006f)
core   0: 3 0x800000bc (0x0000006f)
core   0: 3 0x800000bc (0x0000006f)
core   0: 3 0x800000bc (0x0000006f)
core   0: 3 0x800000bc (0x0000006f)
core   0: 3 0x800000bc (0x0000006f)
core   0: 3 0x800000bc (0x0000006f)
core   0: 3 0x800000bc (0x0000006f)
core   0: 3 0x800000bc (0x0000006f)
core   0: 3 0x800000bc (0x0000006f)
core   0: 3 0x800000bc (0x0000006f)
core   0: 3 0x800000bc (0x0000006f)
core   0: 3 0x800000bc (0x0000006f)
core   0: 3 0x800000bc (0x0000006f)
core   0: 3 0x800000bc (0x0000006f)
core   0: 3 0x800000bc (0x0000006f)
core   0: 3 0x800000bc (0x0000006f)
core   0: 3 0x800000bc (0x0000006f)
core   0: 3 0x800000bc (0x0000006f)
core   0: 3 0x800000bc (0x0000006f)
core   0: 3 0x800000bc (0x0000006f)
core   0: 3 0x800000bc (0x0000006f)
core   0: 3 0x800000bc (0x0000006f)
core   0: 3 0x800000bc (0x0000006f)
core   0: 3 0x800000bc (0x0000006f)
core   0: 3 0x800000bc (0x0000006f)
core   0: 3 0x800000bc (0x0000006f)
core   0: 3 0x800000bc (0x0000006f)
core   0: 3 0x800000bc (0x0000006f)
core   0: 3 0x800000bc (0x0000006f)
core   0: 3 0x800000bc (0x0000006f)
core   0: 3 0x800000bc (0x0000006f)
core   0: 3 0x800000bc (0x0000006f)
core   0: 3 0x800000bc (0x0000006f)
core   0: 3 0x800000bc (0x0000006f)
core   0: 3 0x800000bc (0x0000006f)
core   0: 3 0x800000bc (0x0000006f)
core   0: 3 0x800000bc (0x0000006f)
core   0: 3 0x800000bc (0x0000006f)
core   0: 3 0x800000bc (0x0000006f)
core   0: 3 0x800000bc (0x0000006f)
core   0: 3 0x800000bc (0x0000006f)
core   0: 3 0x800000bc (0x0000006f)
core   0: 3 0x800000bc (0x0000006f)
core   0: 3 0x800000bc (0x0000006f)
core   0: 3 0x800000bc (0x0000006f)
core   0: 3 0x800000bc (0x0000006f)
core   0: 3 0x800000bc (0x0000006f)
core   0: 3 0x800000bc (0x0000006f)
core   0: 3 0x800000bc (0x0000006f)
core   0: 3 0x800000bc (0x0000006f)
core   0: 3 0x800000bc (0x0000006f)
core   0: 3 0x800000bc (0x0000006f)
core   0: 3 0x800000bc (0x0000006f)
core   0: 3 0x800000bc (0x0000006f)
core   0: 3 0x800000bc (0x0000006f)
core   0: 3 0x800000bc (0x0000006f)
core   0: 3 0x800000bc (0x0000006f)
core   0: 3 0x800000bc (0x0000006f)
core   0: 3 0x800000bc (0x0000006f)
core   0: 3 0x800000bc (0x0000006f)
core   0: 3 0x800000bc (0x0000006f)
core   0: 3 0x800000bc (0x0000006f)
core   0: 3 0x800000bc (0x0000006f)
core   0: 3 0x800000bc (0x0000006f)
core   0: 3 0x800000bc (0x0000006f)
core   0: 3 0x800000bc (0x0000006f)
core   0: 3 0x800000bc (0x0000006f)
core   0: 3 0x800000bc (0x0000006f)
core   0: 3 0x800000bc (0x0000006f)
core   0: 3 0x800000bc (0x0000006f)
core   0: 3 0x800000bc (0x0000006f)
core   0: 3 0x800000bc (0x0000006f)
core   0: 3 0x800000bc (0x0000006f)
core   0: 3 0x800000bc (0x0000006f)
core   0: 3 0x800000bc (0x0000006f)
core   0: 3 0x800000bc (0x0000006f)
core   0: 3 0x800000bc (0x0000006f)
core   0: 3 0x800000bc (0x0000006f)
core   0: 3 0x800000bc (0x0000006f)
core   0: 3 0x800000bc (0x0000006f)
core   0: 3 0x800000bc (0x0000006f)
core   0: 3 0x800000bc (0x0000006f)
core   0: 3 0x800000bc (0x0000006f)
core   0: 3 0x800000bc (0x0000006f)
core   0: 3 0x800000bc (0x0000006f)
core   0: 3 0x800000bc (0x0000006f)
core   0: 3 0x800000bc (0x0000006f)
core   0: 3 0x800000bc (0x0000006f)
core   0: 3 0x800000bc (0x0000006f)
core   0: 3 0x800000bc (0x0000006f)
core   0: 3 0x800000bc (0x0000006f)
core   0: 3 0x800000bc (0x0000006f)
core   0: 3 0x800000bc (0x0000006f)
core   0: 3 0x800000bc (0x0000006f)
core   0: 3 0x800000bc (0x0000006f)
core   0: 3 0x800000bc (0x0000006f)
core   0: 3 0x800000bc (0x0000006f)
core   0: 3 0x800000bc (0x0000006f)
core   0: 3 0x800000bc (0x0000006f)
core   0: 3 0x800000bc (0x0000006f)
core   0: 3 0x800000bc (0x0000006f)
core   0: 3 0x800000bc (0x0000006f)
core   0: 3 0x800000bc (0x0000006f)
core   0: 3 0x800000bc (0x0000006f)
core   0: 3 0x800000bc (0x0000006f)
core   0: 3 0x800000bc (0x0000006f)
core   0: 3 0x800000bc (0x0000006f)
core   0: 3 0x800000bc (0x0000006f)
core   0: 3 0x800000bc (0x0000006f)
core   0: 3 0x800000bc (0x0000006f)
core   0: 3 0x800000bc (0x0000006f)
core   0: 3 0x800000bc (0x0000006f)
core   0: 3 0x800000bc (0x0000006f)
core   0: 3 0x800000bc (0x0000006f)
core   0: 3 0x800000bc (0x0000006f)
core   0: 3 0x800000bc (0x0000006f)
core   0: 3 0x800000bc (0x0000006f)
core   0: 3 0x800000bc (0x0000006f)
core   0: 3 0x800000bc (0x0000006f)
core   0: 3 0x800000bc (0x0000006f)
core   0: 3 0x800000bc (0x0000006f)
core   0: 3 0x800000bc (0x0000006f)
core   0: 3 0x800000bc (0x0000006f)
core   0: 3 0x800000bc (0x0000006f)
core   0: 3 0x800000bc (0x0000006f)
core   0: 3 0x800000bc (0x0000006f)
core   0: 3 0x800000bc (0x0000006f)
core   0: 3 0x800000bc (0x0000006f)
core   0: 3 0x800000bc (0x0000006f)
core   0: 3 0x800000bc (0x0000006f)
core   0: 3 0x800000bc (0x0000006f)
core   0: 3 0x800000bc (0x0000006f)
core   0: 3 0x800000bc (0x0000006f)
core   0: 3 0x800000bc (0x0000006f)
core   0: 3 0x800000bc (0x0000006f)
core   0: 3 0x800000bc (0x0000006f)
core   0: 3 0x800000bc (0x0000006f)
core   0: 3 0x800000bc (0x0000006f)
core   0: 3 0x800000bc (0x0000006f)
core   0: 3 0x800000bc (0x0000006f)
core   0: 3 0x800000bc (0x0000006f)
core   0: 3 0x800000bc (0x0000006f)
core   0: 3 0x800000bc (0x0000006f)
core   0: 3 0x800000bc (0x0000006f)
core   0: 3 0x800000bc (0x0000006f)
core   0: 3 0x800000bc (0x0000006f)
core   0: 3 0x800000bc (0x0000006f)
core   0: 3 0x800000bc (0x0000006f)
core   0: 3 0x800000bc (0x0000006f)
core   0: 3 0x800000bc (0x0000006f)
core   0: 3 0x800000bc (0x0000006f)
core   0: 3 0x800000bc (0x0000006f)
core   0: 3 0x800000bc (0x0000006f)
core   0: 3 0x800000bc (0x0000006f)
core   0: 3 0x800000bc (0x0000006f)
core   0: 3 0x800000bc (0x0000006f)
core   0: 3 0x800000bc (0x0000006f)
core   0: 3 0x800000bc (0x0000006f)
core   0: 3 0x800000bc (0x0000006f)
core   0: 3 0x800000bc (0x0000006f)
core   0: 3 0x800000bc (0x0000006f)
core   0: 3 0x800000bc (0x0000006f)
core   0: 3 0x800000bc (0x0000006f)
core   0: 3 0x800000bc (0x0000006f)
core   0: 3 0x800000bc (0x0000006f)
core   0: 3 0x800000bc (0x0000006f)
core   0: 3 0x800000bc (0x0000006f)
core   0: 3 0x800000bc (0x0000006f)
core   0: 3 0x800000bc (0x0000006f)
core   0: 3 0x800000bc (0x0000006f)
core   0: 3 0x800000bc (0x0000006f)
core   0: 3 0x800000bc (0x0000006f)
core   0: 3 0x800000bc (0x0000006f)
core   0: 3 0x800000bc (0x0000006f)
core   0: 3 0x800000bc (0x0000006f)
core   0: 3 0x800000bc (0x0000006f)
core   0: 3 0x800000bc (0x0000006f)
core   0: 3 0x800000bc (0x0000006f)
core   0: 3 0x800000bc (0x0000006f)
core   0: 3 0x800000bc (0x0000006f)
core   0: 3 0x800000bc (0x0000006f)
core   0: 3 0x800000bc (0x0000006f)
core   0: 3 0x800000bc (0x0000006f)
core   0: 3 0x800000bc (0x0000006f)
core   0: 3 0x800000bc (0x0000006f)
core   0: 3 0x800000bc (0x0000006f)
core   0: 3 0x800000bc (0x0000006f)
core   0: 3 0x800000bc (0x0000006f)
core   0: 3 0x800000bc (0x0000006f)
core   0: 3 0x800000bc (0x0000006f)
core   0: 3 0x800000bc (0x0000006f)
core   0: 3 0x800000bc (0x0000006f)
core   0: 3 0x800000bc (0x0000006f)
core   0: 3 0x800000bc (0x0000006f)
core   0: 3 0x800000bc (0x0000006f)
core   0: 3 0x800000bc (0x0000006f)
core   0: 3 0x800000bc (0x0000006f)
core   0: 3 0x800000bc (0x0000006f)
core   0: 3 0x800000bc (0x0000006f)
core   0: 3 0x800000bc (0x0000006f)
core   0: 3 0x800000bc (0x0000006f)
core   0: 3 0x800000bc (0x0000006f)
core   0: 3 0x800000bc (0x0000006f)
core   0: 3 0x800000bc (0x0000006f)
core   0: 3 0x800000bc (0x0000006f)
core   0: 3 0x800000bc (0x0000006f)
core   0: 3 0x800000bc (0x0000006f)
core   0: 3 0x800000bc (0x0000006f)
core   0: 3 0x800000bc (0x0000006f)
core   0: 3 0x800000bc (0x0000006f)
core   0: 3 0x800000bc (0x0000006f)
core   0: 3 0x800000bc (0x0000006f)
core   0: 3 0x800000bc (0x0000006f)
core   0: 3 0x800000bc (0x0000006f)
core   0: 3 0x800000bc (0x0000006f)
core   0: 3 0x800000bc (0x0000006f)
core   0: 3 0x800000bc (0x0000006f)
core   0: 3 0x800000bc (0x0000006f)
core   0: 3 0x800000bc (0x0000006f)
core   0: 3 0x800000bc (0x0000006f)
core   0: 3 0x800000bc (0x0000006f)
core   0: 3 0x800000bc (0x0000006f)
core   0: 3 0x800000bc (0x0000006f)
core   0: 3 0x800000bc (0x0000006f)
core   0: 3 0x800000bc (0x0000006f)
core   0: 3 0x800000bc (0x0000006f)
core   0: 3 0x800000bc (0x0000006f)
core   0: 3 0x800000bc (0x0000006f)
core   0: 3 0x800000bc (0x0000006f)
core   0: 3 0x800000bc (0x0000006f)
core   0: 3 0x800000bc (0x0000006f)
core   0: 3 0x800000bc (0x0000006f)
core   0: 3 0x800000bc (0x0000006f)
core   0: 3 0x800000bc (0x0000006f)
core   0: 3 0x800000bc (0x0000006f)
core   0: 3 0x800000bc (0x0000006f)
core   0: 3 0x800000bc (0x0000006f)
core   0: 3 0x800000bc (0x0000006f)
core   0: 3 0x800000bc (0x0000006f)
core   0: 3 0x800000bc (0x0000006f)
core   0: 3 0x800000bc (0x0000006f)
core   0: 3 0x800000bc (0x0000006f)
core   0: 3 0x800000bc (0x0000006f)
core   0: 3 0x800000bc (0x0000006f)
core   0: 3 0x800000bc (0x0000006f)
core   0: 3 0x800000bc (0x0000006f)
core   0: 3 0x800000bc (0x0000006f)
core   0: 3 0x800000bc (0x0000006f)
core   0: 3 0x800000bc (0x0000006f)
core   0: 3 0x800000bc (0x0000006f)
core   0: 3 0x800000bc (0x0000006f)
core   0: 3 0x800000bc (0x0000006f)
core   0: 3 0x800000bc (0x0000006f)
core   0: 3 0x800000bc (0x0000006f)
core   0: 3 0x800000bc (0x0000006f)
core   0: 3 0x800000bc (0x0000006f)
core   0: 3 0x800000bc (0x0000006f)
core   0: 3 0x800000bc (0x0000006f)
core   0: 3 0x800000bc (0x0000006f)
core   0: 3 0x800000bc (0x0000006f)
core   0: 3 0x800000bc (0x0000006f)
core   0: 3 0x800000bc (0x0000006f)
core   0: 3 0x800000bc (0x0000006f)
core   0: 3 0x800000bc (0x0000006f)
core   0: 3 0x800000bc (0x0000006f)
core   0: 3 0x800000bc (0x0000006f)
core   0: 3 0x800000bc (0x0000006f)
core   0: 3 0x800000bc (0x0000006f)
core   0: 3 0x800000bc (0x0000006f)
core   0: 3 0x800000bc (0x0000006f)
core   0: 3 0x800000bc (0x0000006f)
core   0: 3 0x800000bc (0x0000006f)
core   0: 3 0x800000bc (0x0000006f)
core   0: 3 0x800000bc (0x0000006f)
core   0: 3 0x800000bc (0x0000006f)
core   0: 3 0x800000bc (0x0000006f)
core   0: 3 0x800000bc (0x0000006f)
core   0: 3 0x800000bc (0x0000006f)
core   0: 3 0x800000bc (0x0000006f)
core   0: 3 0x800000bc (0x0000006f)
core   0: 3 0x800000bc (0x0000006f)
core   0: 3 0x800000bc (0x0000006f)
core   0: 3 0x800000bc (0x0000006f)
core   0: 3 0x800000bc (0x0000006f)
core   0: 3 0x800000bc (0x0000006f)
core   0: 3 0x800000bc (0x0000006f)
core   0: 3 0x800000bc (0x0000006f)
core   0: 3 0x800000bc (0x0000006f)
core   0: 3 0x800000bc (0x0000006f)
core   0: 3 0x800000bc (0x0000006f)
core   0: 3 0x800000bc (0x0000006f)
core   0: 3 0x800000bc (0x0000006f)
core   0: 3 0x800000bc (0x0000006f)
core   0: 3 0x800000bc (0x0000006f)
core   0: 3 0x800000bc (0x0000006f)
core   0: 3 0x800000bc (0x0000006f)
core   0: 3 0x800000bc (0x0000006f)
core   0: 3 0x800000bc (0x0000006f)
core   0: 3 0x800000bc (0x0000006f)
core   0: 3 0x800000bc (0x0000006f)
core   0: 3 0x800000bc (0x0000006f)
core   0: 3 0x800000bc (0x0000006f)
core   0: 3 0x800000bc (0x0000006f)
core   0: 3 0x800000bc (0x0000006f)
core   0: 3 0x800000bc (0x0000006f)
core   0: 3 0x800000bc (0x0000006f)
core   0: 3 0x800000bc (0x0000006f)
core   0: 3 0x800000bc (0x0000006f)
core   0: 3 0x800000bc (0x0000006f)
core   0: 3 0x800000bc (0x0000006f)
core   0: 3 0x800000bc (0x0000006f)
core   0: 3 0x800000bc (0x0000006f)
core   0: 3 0x800000bc (0x0000006f)
core   0: 3 0x800000bc (0x0000006f)
core   0: 3 0x800000bc (0x0000006f)
core   0: 3 0x800000bc (0x0000006f)
core   0: 3 0x800000bc (0x0000006f)
core   0: 3 0x800000bc (0x0000006f)
core   0: 3 0x800000bc (0x0000006f)
core   0: 3 0x800000bc (0x0000006f)
core   0: 3 0x800000bc (0x0000006f)
core   0: 3 0x800000bc (0x0000006f)
core   0: 3 0x800000bc (0x0000006f)
core   0: 3 0x800000bc (0x0000006f)
core   0: 3 0x800000bc (0x0000006f)
core   0: 3 0x800000bc (0x0000006f)
core   0: 3 0x800000bc (0x0000006f)
core   0: 3 0x800000bc (0x0000006f)
core   0: 3 0x800000bc (0x0000006f)
core   0: 3 0x800000bc (0x0000006f)
core   0: 3 0x800000bc (0x0000006f)
core   0: 3 0x800000bc (0x0000006f)
core   0: 3 0x800000bc (0x0000006f)
core   0: 3 0x800000bc (0x0000006f)
core   0: 3 0x800000bc (0x0000006f)
core   0: 3 0x800000bc (0x0000006f)
core   0: 3 0x800000bc (0x0000006f)
core   0: 3 0x800000bc (0x0000006f)
core   0: 3 0x800000bc (0x0000006f)
core   0: 3 0x800000bc (0x0000006f)
core   0: 3 0x800000bc (0x0000006f)
core   0: 3 0x800000bc (0x0000006f)
core   0: 3 0x800000bc (0x0000006f)
core   0: 3 0x800000bc (0x0000006f)
core   0: 3 0x800000bc (0x0000006f)
core   0: 3 0x800000bc (0x0000006f)
core   0: 3 0x800000bc (0x0000006f)
core   0: 3 0x800000bc (0x0000006f)
core   0: 3 0x800000bc (0x0000006f)
core   0: 3 0x800000bc (0x0000006f)
core   0: 3 0x800000bc (0x0000006f)
core   0: 3 0x800000bc (0x0000006f)
core   0: 3 0x800000bc (0x0000006f)
core   0: 3 0x800000bc (0x0000006f)
core   0: 3 0x800000bc (0x0000006f)
core   0: 3 0x800000bc (0x0000006f)
core   0: 3 0x800000bc (0x0000006f)
core   0: 3 0x800000bc (0x0000006f)
core   0: 3 0x800000bc (0x0000006f)
core   0: 3 0x800000bc (0x0000006f)
core   0: 3 0x800000bc (0x0000006f)
core   0: 3 0x800000bc (0x0000006f)
core   0: 3 0x800000bc (0x0000006f)
core   0: 3 0x800000bc (0x0000006f)
core   0: 3 0x800000bc (0x0000006f)
core   0: 3 0x800000bc (0x0000006f)
core   0: 3 0x800000bc (0x0000006f)
core   0: 3 0x800000bc (0x0000006f)
core   0: 3 0x800000bc (0x0000006f)
core   0: 3 0x800000bc (0x0000006f)
core   0: 3 0x800000bc (0x0000006f)
core   0: 3 0x800000bc (0x0000006f)
core   0: 3 0x800000bc (0x0000006f)
core   0: 3 0x800000bc (0x0000006f)
core   0: 3 0x800000bc (0x0000006f)
core   0: 3 0x800000bc (0x0000006f)
core   0: 3 0x800000bc (0x0000006f)
core   0: 3 0x800000bc (0x0000006f)
core   0: 3 0x800000bc (0x0000006f)
core   0: 3 0x800000bc (0x0000006f)
core   0: 3 0x800000bc (0x0000006f)
core   0: 3 0x800000bc (0x0000006f)
core   0: 3 0x800000bc (0x0000006f)
core   0: 3 0x800000bc (0x0000006f)
core   0: 3 0x800000bc (0x0000006f)
core   0: 3 0x800000bc (0x0000006f)
core   0: 3 0x800000bc (0x0000006f)
core   0: 3 0x800000bc (0x0000006f)
core   0: 3 0x800000bc (0x0000006f)
core   0: 3 0x800000bc (0x0000006f)
core   0: 3 0x800000bc (0x0000006f)
core   0: 3 0x800000bc (0x0000006f)
core   0: 3 0x800000bc (0x0000006f)
core   0: 3 0x800000bc (0x0000006f)
core   0: 3 0x800000bc (0x0000006f)
core   0: 3 0x800000bc (0x0000006f)
core   0: 3 0x800000bc (0x0000006f)
core   0: 3 0x800000bc (0x0000006f)
core   0: 3 0x800000bc (0x0000006f)
core   0: 3 0x800000bc (0x0000006f)
core   0: 3 0x800000bc (0x0000006f)
core   0: 3 0x800000bc (0x0000006f)
core   0: 3 0x800000bc (0x0000006f)
core   0: 3 0x800000bc (0x0000006f)
core   0: 3 0x800000bc (0x0000006f)
core   0: 3 0x800000bc (0x0000006f)
core   0: 3 0x800000bc (0x0000006f)
core   0: 3 0x800000bc (0x0000006f)
core   0: 3 0x800000bc (0x0000006f)
core   0: 3 0x800000bc (0x0000006f)
core   0: 3 0x800000bc (0x0000006f)
core   0: 3 0x800000bc (0x0000006f)
core   0: 3 0x800000bc (0x0000006f)
core   0: 3 0x800000bc (0x0000006f)
core   0: 3 0x800000bc (0x0000006f)
core   0: 3 0x800000bc (0x0000006f)
core   0: 3 0x800000bc (0x0000006f)
core   0: 3 0x800000bc (0x0000006f)
core   0: 3 0x800000bc (0x0000006f)
core   0: 3 0x800000bc (0x0000006f)
core   0: 3 0x800000bc (0x0000006f)
core   0: 3 0x800000bc (0x0000006f)
core   0: 3 0x800000bc (0x0000006f)
core   0: 3 0x800000bc (0x0000006f)
core   0: 3 0x800000bc (0x0000006f)
core   0: 3 0x800000bc (0x0000006f)
core   0: 3 0x800000bc (0x0000006f)
core   0: 3 0x800000bc (0x0000006f)
core   0: 3 0x800000bc (0x0000006f)
core   0: 3 0x800000bc (0x0000006f)
core   0: 3 0x800000bc (0x0000006f)
core   0: 3 0x800000bc (0x0000006f)
core   0: 3 0x800000bc (0x0000006f)
core   0: 3 0x800000bc (0x0000006f)
core   0: 3 0x800000bc (0x0000006f)
core   0: 3 0x800000bc (0x0000006f)
core   0: 3 0x800000bc (0x0000006f)
core   0: 3 0x800000bc (0x0000006f)
core   0: 3 0x800000bc (0x0000006f)
core   0: 3 0x800000bc (0x0000006f)
core   0: 3 0x800000bc (0x0000006f)
core   0: 3 0x800000bc (0x0000006f)
core   0: 3 0x800000bc (0x0000006f)
core   0: 3 0x800000bc (0x0000006f)
core   0: 3 0x800000bc (0x0000006f)
core   0: 3 0x800000bc (0x0000006f)
core   0: 3 0x800000bc (0x0000006f)
core   0: 3 0x800000bc (0x0000006f)
core   0: 3 0x800000bc (0x0000006f)
core   0: 3 0x800000bc (0x0000006f)
core   0: 3 0x800000bc (0x0000006f)
core   0: 3 0x800000bc (0x0000006f)
core   0: 3 0x800000bc (0x0000006f)
core   0: 3 0x800000bc (0x0000006f)
core   0: 3 0x800000bc (0x0000006f)
core   0: 3 0x800000bc (0x0000006f)
core   0: 3 0x800000bc (0x0000006f)
core   0: 3 0x800000bc (0x0000006f)
core   0: 3 0x800000bc (0x0000006f)
core   0: 3 0x800000bc (0x0000006f)
core   0: 3 0x800000bc (0x0000006f)
core   0: 3 0x800000bc (0x0000006f)
core   0: 3 0x800000bc (0x0000006f)
core   0: 3 0x800000bc (0x0000006f)
core   0: 3 0x800000bc (0x0000006f)
core   0: 3 0x800000bc (0x0000006f)
core   0: 3 0x800000bc (0x0000006f)
core   0: 3 0x800000bc (0x0000006f)
core   0: 3 0x800000bc (0x0000006f)
core   0: 3 0x800000bc (0x0000006f)
core   0: 3 0x800000bc (0x0000006f)
core   0: 3 0x800000bc (0x0000006f)
core   0: 3 0x800000bc (0x0000006f)
core   0: 3 0x800000bc (0x0000006f)
core   0: 3 0x800000bc (0x0000006f)
core   0: 3 0x800000bc (0x0000006f)
core   0: 3 0x800000bc (0x0000006f)
core   0: 3 0x800000bc (0x0000006f)
core   0: 3 0x800000bc (0x0000006f)
core   0: 3 0x800000bc (0x0000006f)
core   0: 3 0x800000bc (0x0000006f)
core   0: 3 0x800000bc (0x0000006f)
core   0: 3 0x800000bc (0x0000006f)
core   0: 3 0x800000bc (0x0000006f)
core   0: 3 0x800000bc (0x0000006f)
core   0: 3 0x800000bc (0x0000006f)
core   0: 3 0x800000bc (0x0000006f)
core   0: 3 0x800000bc (0x0000006f)
core   0: 3 0x800000bc (0x0000006f)
core   0: 3 0x800000bc (0x0000006f)
core   0: 3 0x800000bc (0x0000006f)
core   0: 3 0x800000bc (0x0000006f)
core   0: 3 0x800000bc (0x0000006f)
core   0: 3 0x800000bc (0x0000006f)
core   0: 3 0x800000bc (0x0000006f)
core   0: 3 0x800000bc (0x0000006f)
core   0: 3 0x800000bc (0x0000006f)
core   0: 3 0x800000bc (0x0000006f)
core   0: 3 0x800000bc (0x0000006f)
core   0: 3 0x800000bc (0x0000006f)
core   0: 3 0x800000bc (0x0000006f)
core   0: 3 0x800000bc (0x0000006f)
core   0: 3 0x800000bc (0x0000006f)
core   0: 3 0x800000bc (0x0000006f)
core   0: 3 0x800000bc (0x0000006f)
core   0: 3 0x800000bc (0x0000006f)
core   0: 3 0x800000bc (0x0000006f)
core   0: 3 0x800000bc (0x0000006f)
core   0: 3 0x800000bc (0x0000006f)
core   0: 3 0x800000bc (0x0000006f)
core   0: 3 0x800000bc (0x0000006f)
core   0: 3 0x800000bc (0x0000006f)
core   0: 3 0x800000bc (0x0000006f)
core   0: 3 0x800000bc (0x0000006f)
core   0: 3 0x800000bc (0x0000006f)
core   0: 3 0x800000bc (0x0000006f)
core   0: 3 0x800000bc (0x0000006f)
core   0: 3 0x800000bc (0x0000006f)
core   0: 3 0x800000bc (0x0000006f)
core   0: 3 0x800000bc (0x0000006f)
core   0: 3 0x800000bc (0x0000006f)
core   0: 3 0x800000bc (0x0000006f)
core   0: 3 0x800000bc (0x0000006f)
core   0: 3 0x800000bc (0x0000006f)
core   0: 3 0x800000bc (0x0000006f)
core   0: 3 0x800000bc (0x0000006f)
core   0: 3 0x800000bc (0x0000006f)
core   0: 3 0x800000bc (0x0000006f)
core   0: 3 0x800000bc (0x0000006f)
core   0: 3 0x800000bc (0x0000006f)
core   0: 3 0x800000bc (0x0000006f)
core   0: 3 0x800000bc (0x0000006f)
core   0: 3 0x800000bc (0x0000006f)
core   0: 3 0x800000bc (0x0000006f)
core   0: 3 0x800000bc (0x0000006f)
core   0: 3 0x800000bc (0x0000006f)
core   0: 3 0x800000bc (0x0000006f)
core   0: 3 0x800000bc (0x0000006f)
core   0: 3 0x800000bc (0x0000006f)
core   0: 3 0x800000bc (0x0000006f)
core   0: 3 0x800000bc (0x0000006f)
core   0: 3 0x800000bc (0x0000006f)
core   0: 3 0x800000bc (0x0000006f)
core   0: 3 0x800000bc (0x0000006f)
core   0: 3 0x800000bc (0x0000006f)
core   0: 3 0x800000bc (0x0000006f)
core   0: 3 0x800000bc (0x0000006f)
core   0: 3 0x800000bc (0x0000006f)
core   0: 3 0x800000bc (0x0000006f)
core   0: 3 0x800000bc (0x0000006f)
core   0: 3 0x800000bc (0x0000006f)
core   0: 3 0x800000bc (0x0000006f)
core   0: 3 0x800000bc (0x0000006f)
core   0: 3 0x800000bc (0x0000006f)
core   0: 3 0x800000bc (0x0000006f)
core   0: 3 0x800000bc (0x0000006f)
core   0: 3 0x800000bc (0x0000006f)
core   0: 3 0x800000bc (0x0000006f)
core   0: 3 0x800000bc (0x0000006f)
core   0: 3 0x800000bc (0x0000006f)
core   0: 3 0x800000bc (0x0000006f)
core   0: 3 0x800000bc (0x0000006f)
core   0: 3 0x800000bc (0x0000006f)
core   0: 3 0x800000bc (0x0000006f)
core   0: 3 0x800000bc (0x0000006f)
core   0: 3 0x800000bc (0x0000006f)
core   0: 3 0x800000bc (0x0000006f)
core   0: 3 0x800000bc (0x0000006f)
core   0: 3 0x800000bc (0x0000006f)
core   0: 3 0x800000bc (0x0000006f)
core   0: 3 0x800000bc (0x0000006f)
core   0: 3 0x800000bc (0x0000006f)
core   0: 3 0x800000bc (0x0000006f)
core   0: 3 0x800000bc (0x0000006f)
core   0: 3 0x800000bc (0x0000006f)
core   0: 3 0x800000bc (0x0000006f)
core   0: 3 0x800000bc (0x0000006f)
core   0: 3 0x800000bc (0x0000006f)
core   0: 3 0x800000bc (0x0000006f)
core   0: 3 0x800000bc (0x0000006f)
core   0: 3 0x800000bc (0x0000006f)
core   0: 3 0x800000bc (0x0000006f)
core   0: 3 0x800000bc (0x0000006f)
core   0: 3 0x800000bc (0x0000006f)
core   0: 3 0x800000bc (0x0000006f)
core   0: 3 0x800000bc (0x0000006f)
core   0: 3 0x800000bc (0x0000006f)
core   0: 3 0x800000bc (0x0000006f)
core   0: 3 0x800000bc (0x0000006f)
core   0: 3 0x800000bc (0x0000006f)
core   0: 3 0x800000bc (0x0000006f)
core   0: 3 0x800000bc (0x0000006f)
core   0: 3 0x800000bc (0x0000006f)
core   0: 3 0x800000bc (0x0000006f)
core   0: 3 0x800000bc (0x0000006f)
core   0: 3 0x800000bc (0x0000006f)
core   0: 3 0x800000bc (0x0000006f)
core   0: 3 0x800000bc (0x0000006f)
core   0: 3 0x800000bc (0x0000006f)
core   0: 3 0x800000bc (0x0000006f)
core   0: 3 0x800000bc (0x0000006f)
core   0: 3 0x800000bc (0x0000006f)
core   0: 3 0x800000bc (0x0000006f)
core   0: 3 0x800000bc (0x0000006f)
core   0: 3 0x800000bc (0x0000006f)
core   0: 3 0x800000bc (0x0000006f)
core   0: 3 0x800000bc (0x0000006f)
core   0: 3 0x800000bc (0x0000006f)
core   0: 3 0x800000bc (0x0000006f)
core   0: 3 0x800000bc (0x0000006f)
core   0: 3 0x800000bc (0x0000006f)
core   0: 3 0x800000bc (0x0000006f)
core   0: 3 0x800000bc (0x0000006f)
core   0: 3 0x800000bc (0x0000006f)
core   0: 3 0x800000bc (0x0000006f)
core   0: 3 0x800000bc (0x0000006f)
core   0: 3 0x800000bc (0x0000006f)
core   0: 3 0x800000bc (0x0000006f)
core   0: 3 0x800000bc (0x0000006f)
core   0: 3 0x800000bc (0x0000006f)
core   0: 3 0x800000bc (0x0000006f)
core   0: 3 0x800000bc (0x0000006f)
core   0: 3 0x800000bc (0x0000006f)
core   0: 3 0x800000bc (0x0000006f)
core   0: 3 0x800000bc (0x0000006f)
core   0: 3 0x800000bc (0x0000006f)
core   0: 3 0x800000bc (0x0000006f)
core   0: 3 0x800000bc (0x0000006f)
core   0: 3 0x800000bc (0x0000006f)
core   0: 3 0x800000bc (0x0000006f)
core   0: 3 0x800000bc (0x0000006f)
core   0: 3 0x800000bc (0x0000006f)
core   0: 3 0x800000bc (0x0000006f)
core   0: 3 0x800000bc (0x0000006f)
core   0: 3 0x800000bc (0x0000006f)
core   0: 3 0x800000bc (0x0000006f)
core   0: 3 0x800000bc (0x0000006f)
core   0: 3 0x800000bc (0x0000006f)
core   0: 3 0x800000bc (0x0000006f)
core   0: 3 0x800000bc (0x0000006f)
core   0: 3 0x800000bc (0x0000006f)
core   0: 3 0x800000bc (0x0000006f)
core   0: 3 0x800000bc (0x0000006f)
core   0: 3 0x800000bc (0x0000006f)
core   0: 3 0x800000bc (0x0000006f)
core   0: 3 0x800000bc (0x0000006f)
core   0: 3 0x800000bc (0x0000006f)
core   0: 3 0x800000bc (0x0000006f)
core   0: 3 0x800000bc (0x0000006f)
core   0: 3 0x800000bc (0x0000006f)
core   0: 3 0x800000bc (0x0000006f)
core   0: 3 0x800000bc (0x0000006f)
core   0: 3 0x800000bc (0x0000006f)
core   0: 3 0x800000bc (0x0000006f)
core   0: 3 0x800000bc (0x0000006f)
core   0: 3 0x800000bc (0x0000006f)
core   0: 3 0x800000bc (0x0000006f)
core   0: 3 0x800000bc (0x0000006f)
core   0: 3 0x800000bc (0x0000006f)
core   0: 3 0x800000bc (0x0000006f)
core   0: 3 0x800000bc (0x0000006f)
core   0: 3 0x800000bc (0x0000006f)
core   0: 3 0x800000bc (0x0000006f)
core   0: 3 0x800000bc (0x0000006f)
core   0: 3 0x800000bc (0x0000006f)
core   0: 3 0x800000bc (0x0000006f)
core   0: 3 0x800000bc (0x0000006f)
core   0: 3 0x800000bc (0x0000006f)
core   0: 3 0x800000bc (0x0000006f)
core   0: 3 0x800000bc (0x0000006f)
core   0: 3 0x800000bc (0x0000006f)
core   0: 3 0x800000bc (0x0000006f)
core   0: 3 0x800000bc (0x0000006f)
core   0: 3 0x800000bc (0x0000006f)
core   0: 3 0x800000bc (0x0000006f)
core   0: 3 0x800000bc (0x0000006f)
core   0: 3 0x800000bc (0x0000006f)
core   0: 3 0x800000bc (0x0000006f)
core   0: 3 0x800000bc (0x0000006f)
core   0: 3 0x800000bc (0x0000006f)
core   0: 3 0x800000bc (0x0000006f)
core   0: 3 0x800000bc (0x0000006f)
core   0: 3 0x800000bc (0x0000006f)
core   0: 3 0x800000bc (0x0000006f)
core   0: 3 0x800000bc (0x0000006f)
core   0: 3 0x800000bc (0x0000006f)
core   0: 3 0x800000bc (0x0000006f)
core   0: 3 0x800000bc (0x0000006f)
core   0: 3 0x800000bc (0x0000006f)
core   0: 3 0x800000bc (0x0000006f)
core   0: 3 0x800000bc (0x0000006f)
core   0: 3 0x800000bc (0x0000006f)
core   0: 3 0x800000bc (0x0000006f)
core   0: 3 0x800000bc (0x0000006f)
core   0: 3 0x800000bc (0x0000006f)
core   0: 3 0x800000bc (0x0000006f)
core   0: 3 0x800000bc (0x0000006f)
core   0: 3 0x800000bc (0x0000006f)
core   0: 3 0x800000bc (0x0000006f)
core   0: 3 0x800000bc (0x0000006f)
core   0: 3 0x800000bc (0x0000006f)
core   0: 3 0x800000bc (0x0000006f)
core   0: 3 0x800000bc (0x0000006f)
core   0: 3 0x800000bc (0x0000006f)
core   0: 3 0x800000bc (0x0000006f)
core   0: 3 0x800000bc (0x0000006f)
core   0: 3 0x800000bc (0x0000006f)
core   0: 3 0x800000bc (0x0000006f)
core   0: 3 0x800000bc (0x0000006f)
core   0: 3 0x800000bc (0x0000006f)
core   0: 3 0x800000bc (0x0000006f)
core   0: 3 0x800000bc (0x0000006f)
core   0: 3 0x800000bc (0x0000006f)
core   0: 3 0x800000bc (0x0000006f)
core   0: 3 0x800000bc (0x0000006f)
core   0: 3 0x800000bc (0x0000006f)
core   0: 3 0x800000bc (0x0000006f)
core   0: 3 0x800000bc (0x0000006f)
core   0: 3 0x800000bc (0x0000006f)
core   0: 3 0x800000bc (0x0000006f)
core   0: 3 0x800000bc (0x0000006f)
core   0: 3 0x800000bc (0x0000006f)
core   0: 3 0x800000bc (0x0000006f)
core   0: 3 0x800000bc (0x0000006f)
core   0: 3 0x800000bc (0x0000006f)
core   0: 3 0x800000bc (0x0000006f)
core   0: 3 0x800000bc (0x0000006f)
core   0: 3 0x800000bc (0x0000006f)
core   0: 3 0x800000bc (0x0000006f)
core   0: 3 0x800000bc (0x0000006f)
core   0: 3 0x800000bc (0x0000006f)
core   0: 3 0x800000bc (0x0000006f)
core   0: 3 0x800000bc (0x0000006f)
core   0: 3 0x800000bc (0x0000006f)
core   0: 3 0x800000bc (0x0000006f)
core   0: 3 0x800000bc (0x0000006f)
core   0: 3 0x800000bc (0x0000006f)
core   0: 3 0x800000bc (0x0000006f)
core   0: 3 0x800000bc (0x0000006f)
core   0: 3 0x800000bc (0x0000006f)
core   0: 3 0x800000bc (0x0000006f)
core   0: 3 0x800000bc (0x0000006f)
core   0: 3 0x800000bc (0x0000006f)
core   0: 3 0x800000bc (0x0000006f)
core   0: 3 0x800000bc (0x0000006f)
core   0: 3 0x800000bc (0x0000006f)
core   0: 3 0x800000bc (0x0000006f)
core   0: 3 0x800000bc (0x0000006f)
core   0: 3 0x800000bc (0x0000006f)
core   0: 3 0x800000bc (0x0000006f)
core   0: 3 0x800000bc (0x0000006f)
core   0: 3 0x800000bc (0x0000006f)
core   0: 3 0x800000bc (0x0000006f)
core   0: 3 0x800000bc (0x0000006f)
core   0: 3 0x800000bc (0x0000006f)
core   0: 3 0x800000bc (0x0000006f)
core   0: 3 0x800000bc (0x0000006f)
core   0: 3 0x800000bc (0x0000006f)
core   0: 3 0x800000bc (0x0000006f)
core   0: 3 0x800000bc (0x0000006f)
core   0: 3 0x800000bc (0x0000006f)
core   0: 3 0x800000bc (0x0000006f)
core   0: 3 0x800000bc (0x0000006f)
core   0: 3 0x800000bc (0x0000006f)
core   0: 3 0x800000bc (0x0000006f)
core   0: 3 0x800000bc (0x0000006f)
core   0: 3 0x800000bc (0x0000006f)
core   0: 3 0x800000bc (0x0000006f)
core   0: 3 0x800000bc (0x0000006f)
core   0: 3 0x800000bc (0x0000006f)
core   0: 3 0x800000bc (0x0000006f)
core   0: 3 0x800000bc (0x0000006f)
core   0: 3 0x800000bc (0x0000006f)
core   0: 3 0x800000bc (0x0000006f)
core   0: 3 0x800000bc (0x0000006f)
core   0: 3 0x800000bc (0x0000006f)
core   0: 3 0x800000bc (0x0000006f)
core   0: 3 0x800000bc (0x0000006f)
core   0: 3 0x800000bc (0x0000006f)
core   0: 3 0x800000bc (0x0000006f)
core   0: 3 0x800000bc (0x0000006f)
core   0: 3 0x800000bc (0x0000006f)
core   0: 3 0x800000bc (0x0000006f)
core   0: 3 0x800000bc (0x0000006f)
core   0: 3 0x800000bc (0x0000006f)
core   0: 3 0x800000bc (0x0000006f)
core   0: 3 0x800000bc (0x0000006f)
core   0: 3 0x800000bc (0x0000006f)
core   0: 3 0x800000bc (0x0000006f)
core   0: 3 0x800000bc (0x0000006f)
core   0: 3 0x800000bc (0x0000006f)
core   0: 3 0x800000bc (0x0000006f)
core   0: 3 0x800000bc (0x0000006f)
core   0: 3 0x800000bc (0x0000006f)
core   0: 3 0x800000bc (0x0000006f)
core   0: 3 0x800000bc (0x0000006f)
core   0: 3 0x800000bc (0x0000006f)
core   0: 3 0x800000bc (0x0000006f)
core   0: 3 0x800000bc (0x0000006f)
core   0: 3 0x800000bc (0x0000006f)
core   0: 3 0x800000bc (0x0000006f)
core   0: 3 0x800000bc (0x0000006f)
core   0: 3 0x800000bc (0x0000006f)
core   0: 3 0x800000bc (0x0000006f)
core   0: 3 0x800000bc (0x0000006f)
core   0: 3 0x800000bc (0x0000006f)
core   0: 3 0x800000bc (0x0000006f)
core   0: 3 0x800000bc (0x0000006f)
core   0: 3 0x800000bc (0x0000006f)
core   0: 3 0x800000bc (0x0000006f)
core   0: 3 0x800000bc (0x0000006f)
core   0: 3 0x800000bc (0x0000006f)
core   0: 3 0x800000bc (0x0000006f)
core   0: 3 0x800000bc (0x0000006f)
core   0: 3 0x800000bc (0x0000006f)
core   0: 3 0x800000bc (0x0000006f)
core   0: 3 0x800000bc (0x0000006f)
core   0: 3 0x800000bc (0x0000006f)
core   0: 3 0x800000bc (0x0000006f)
core   0: 3 0x800000bc (0x0000006f)
core   0: 3 0x800000bc (0x0000006f)
core   0: 3 0x800000bc (0x0000006f)
core   0: 3 0x800000bc (0x0000006f)
core   0: 3 0x800000bc (0x0000006f)
core   0: 3 0x800000bc (0x0000006f)
core   0: 3 0x800000bc (0x0000006f)
core   0: 3 0x800000bc (0x0000006f)
core   0: 3 0x800000bc (0x0000006f)
core   0: 3 0x800000bc (0x0000006f)
core   0: 3 0x800000bc (0x0000006f)
core   0: 3 0x800000bc (0x0000006f)
core   0: 3 0x800000bc (0x0000006f)
core   0: 3 0x800000bc (0x0000006f)
core   0: 3 0x800000bc (0x0000006f)
core   0: 3 0x800000bc (0x0000006f)
core   0: 3 0x800000bc (0x0000006f)
core   0: 3 0x800000bc (0x0000006f)
core   0: 3 0x800000bc (0x0000006f)
core   0: 3 0x800000bc (0x0000006f)
core   0: 3 0x800000bc (0x0000006f)
core   0: 3 0x800000bc (0x0000006f)
core   0: 3 0x800000bc (0x0000006f)
core   0: 3 0x800000bc (0x0000006f)
core   0: 3 0x800000bc (0x0000006f)
core   0: 3 0x800000bc (0x0000006f)
core   0: 3 0x800000bc (0x0000006f)
core   0: 3 0x800000bc (0x0000006f)
core   0: 3 0x800000bc (0x0000006f)
core   0: 3 0x800000bc (0x0000006f)
core   0: 3 0x800000bc (0x0000006f)
core   0: 3 0x800000bc (0x0000006f)
core   0: 3 0x800000bc (0x0000006f)
core   0: 3 0x800000bc (0x0000006f)
core   0: 3 0x800000bc (0x0000006f)
core   0: 3 0x800000bc (0x0000006f)
core   0: 3 0x800000bc (0x0000006f)
core   0: 3 0x800000bc (0x0000006f)
core   0: 3 0x800000bc (0x0000006f)
core   0: 3 0x800000bc (0x0000006f)
core   0: 3 0x800000bc (0x0000006f)
core   0: 3 0x800000bc (0x0000006f)
core   0: 3 0x800000bc (0x0000006f)
core   0: 3 0x800000bc (0x0000006f)
core   0: 3 0x800000bc (0x0000006f)
core   0: 3 0x800000bc (0x0000006f)
core   0: 3 0x800000bc (0x0000006f)
core   0: 3 0x800000bc (0x0000006f)
core   0: 3 0x800000bc (0x0000006f)
core   0: 3 0x800000bc (0x0000006f)
core   0: 3 0x800000bc (0x0000006f)
core   0: 3 0x800000bc (0x0000006f)
core   0: 3 0x800000bc (0x0000006f)
core   0: 3 0x800000bc (0x0000006f)
core   0: 3 0x800000bc (0x0000006f)
core   0: 3 0x800000bc (0x0000006f)
core   0: 3 0x800000bc (0x0000006f)
core   0: 3 0x800000bc (0x0000006f)
core   0: 3 0x800000bc (0x0000006f)
core   0: 3 0x800000bc (0x0000006f)
core   0: 3 0x800000bc (0x0000006f)
core   0: 3 0x800000bc (0x0000006f)
core   0: 3 0x800000bc (0x0000006f)
core   0: 3 0x800000bc (0x0000006f)
core   0: 3 0x800000bc (0x0000006f)
core   0: 3 0x800000bc (0x0000006f)
core   0: 3 0x800000bc (0x0000006f)
core   0: 3 0x800000bc (0x0000006f)
core   0: 3 0x800000bc (0x0000006f)
core   0: 3 0x800000bc (0x0000006f)
core   0: 3 0x800000bc (0x0000006f)
core   0: 3 0x800000bc (0x0000006f)
core   0: 3 0x800000bc (0x0000006f)
core   0: 3 0x800000bc (0x0000006f)
core   0: 3 0x800000bc (0x0000006f)
core   0: 3 0x800000bc (0x0000006f)
core   0: 3 0x800000bc (0x0000006f)
core   0: 3 0x800000bc (0x0000006f)
core   0: 3 0x800000bc (0x0000006f)
core   0: 3 0x800000bc (0x0000006f)
core   0: 3 0x800000bc (0x0000006f)
core   0: 3 0x800000bc (0x0000006f)
core   0: 3 0x800000bc (0x0000006f)
core   0: 3 0x800000bc (0x0000006f)
core   0: 3 0x800000bc (0x0000006f)
core   0: 3 0x800000bc (0x0000006f)
core   0: 3 0x800000bc (0x0000006f)
core   0: 3 0x800000bc (0x0000006f)
core   0: 3 0x800000bc (0x0000006f)
core   0: 3 0x800000bc (0x0000006f)
core   0: 3 0x800000bc (0x0000006f)
core   0: 3 0x800000bc (0x0000006f)
core   0: 3 0x800000bc (0x0000006f)
core   0: 3 0x800000bc (0x0000006f)
core   0: 3 0x800000bc (0x0000006f)
core   0: 3 0x800000bc (0x0000006f)
core   0: 3 0x800000bc (0x0000006f)
core   0: 3 0x800000bc (0x0000006f)
core   0: 3 0x800000bc (0x0000006f)
core   0: 3 0x800000bc (0x0000006f)
core   0: 3 0x800000bc (0x0000006f)
core   0: 3 0x800000bc (0x0000006f)
core   0: 3 0x800000bc (0x0000006f)
core   0: 3 0x800000bc (0x0000006f)
core   0: 3 0x800000bc (0x0000006f)
core   0: 3 0x800000bc (0x0000006f)
core   0: 3 0x800000bc (0x0000006f)
core   0: 3 0x800000bc (0x0000006f)
core   0: 3 0x800000bc (0x0000006f)
core   0: 3 0x800000bc (0x0000006f)
core   0: 3 0x800000bc (0x0000006f)
core   0: 3 0x800000bc (0x0000006f)
core   0: 3 0x800000bc (0x0000006f)
core   0: 3 0x800000bc (0x0000006f)
core   0: 3 0x800000bc (0x0000006f)
core   0: 3 0x800000bc (0x0000006f)
core   0: 3 0x800000bc (0x0000006f)
core   0: 3 0x800000bc (0x0000006f)
core   0: 3 0x800000bc (0x0000006f)
core   0: 3 0x800000bc (0x0000006f)
core   0: 3 0x800000bc (0x0000006f)
core   0: 3 0x800000bc (0x0000006f)
core   0: 3 0x800000bc (0x0000006f)
core   0: 3 0x800000bc (0x0000006f)
core   0: 3 0x800000bc (0x0000006f)
core   0: 3 0x800000bc (0x0000006f)
core   0: 3 0x800000bc (0x0000006f)
core   0: 3 0x800000bc (0x0000006f)
core   0: 3 0x800000bc (0x0000006f)
core   0: 3 0x800000bc (0x0000006f)
core   0: 3 0x800000bc (0x0000006f)
core   0: 3 0x800000bc (0x0000006f)
core   0: 3 0x800000bc (0x0000006f)
core   0: 3 0x800000bc (0x0000006f)
core   0: 3 0x800000bc (0x0000006f)
core   0: 3 0x800000bc (0x0000006f)
core   0: 3 0x800000bc (0x0000006f)
core   0: 3 0x800000bc (0x0000006f)
core   0: 3 0x800000bc (0x0000006f)
core   0: 3 0x800000bc (0x0000006f)
core   0: 3 0x800000bc (0x0000006f)
core   0: 3 0x800000bc (0x0000006f)
core   0: 3 0x800000bc (0x0000006f)
core   0: 3 0x800000bc (0x0000006f)
core   0: 3 0x800000bc (0x0000006f)
core   0: 3 0x800000bc (0x0000006f)
core   0: 3 0x800000bc (0x0000006f)
core   0: 3 0x800000bc (0x0000006f)
core   0: 3 0x800000bc (0x0000006f)
core   0: 3 0x800000bc (0x0000006f)
core   0: 3 0x800000bc (0x0000006f)
core   0: 3 0x800000bc (0x0000006f)
core   0: 3 0x800000bc (0x0000006f)
core   0: 3 0x800000bc (0x0000006f)
core   0: 3 0x800000bc (0x0000006f)
core   0: 3 0x800000bc (0x0000006f)
core   0: 3 0x800000bc (0x0000006f)
core   0: 3 0x800000bc (0x0000006f)
core   0: 3 0x800000bc (0x0000006f)
core   0: 3 0x800000bc (0x0000006f)
core   0: 3 0x800000bc (0x0000006f)
core   0: 3 0x800000bc (0x0000006f)
core   0: 3 0x800000bc (0x0000006f)
core   0: 3 0x800000bc (0x0000006f)
core   0: 3 0x800000bc (0x0000006f)
core   0: 3 0x800000bc (0x0000006f)
core   0: 3 0x800000bc (0x0000006f)
core   0: 3 0x800000bc (0x0000006f)
core   0: 3 0x800000bc (0x0000006f)
core   0: 3 0x800000bc (0x0000006f)
core   0: 3 0x800000bc (0x0000006f)
core   0: 3 0x800000bc (0x0000006f)
core   0: 3 0x800000bc (0x0000006f)
core   0: 3 0x800000bc (0x0000006f)
core   0: 3 0x800000bc (0x0000006f)
core   0: 3 0x800000bc (0x0000006f)
core   0: 3 0x800000bc (0x0000006f)
core   0: 3 0x800000bc (0x0000006f)
core   0: 3 0x800000bc (0x0000006f)
core   0: 3 0x800000bc (0x0000006f)
core   0: 3 0x800000bc (0x0000006f)
core   0: 3 0x800000bc (0x0000006f)
core   0: 3 0x800000bc (0x0000006f)
core   0: 3 0x800000bc (0x0000006f)
core   0: 3 0x800000bc (0x0000006f)
core   0: 3 0x800000bc (0x0000006f)
core   0: 3 0x800000bc (0x0000006f)
core   0: 3 0x800000bc (0x0000006f)
core   0: 3 0x800000bc (0x0000006f)
core   0: 3 0x800000bc (0x0000006f)
core   0: 3 0x800000bc (0x0000006f)
core   0: 3 0x800000bc (0x0000006f)
core   0: 3 0x800000bc (0x0000006f)
core   0: 3 0x800000bc (0x0000006f)
core   0: 3 0x800000bc (0x0000006f)
core   0: 3 0x800000bc (0x0000006f)
core   0: 3 0x800000bc (0x0000006f)
core   0: 3 0x800000bc (0x0000006f)
core   0: 3 0x800000bc (0x0000006f)
core   0: 3 0x800000bc (0x0000006f)
core   0: 3 0x800000bc (0x0000006f)
core   0: 3 0x800000bc (0x0000006f)
core   0: 3 0x800000bc (0x0000006f)
core   0: 3 0x800000bc (0x0000006f)
core   0: 3 0x800000bc (0x0000006f)
core   0: 3 0x800000bc (0x0000006f)
core   0: 3 0x800000bc (0x0000006f)
core   0: 3 0x800000bc (0x0000006f)
core   0: 3 0x800000bc (0x0000006f)
core   0: 3 0x800000bc (0x0000006f)
core   0: 3 0x800000bc (0x0000006f)
core   0: 3 0x800000bc (0x0000006f)
core   0: 3 0x800000bc (0x0000006f)
core   0: 3 0x800000bc (0x0000006f)
core   0: 3 0x800000bc (0x0000006f)
core   0: 3 0x800000bc (0x0000006f)
core   0: 3 0x800000bc (0x0000006f)
core   0: 3 0x800000bc (0x0000006f)
core   0: 3 0x800000bc (0x0000006f)
core   0: 3 0x800000bc (0x0000006f)
core   0: 3 0x800000bc (0x0000006f)
core   0: 3 0x800000bc (0x0000006f)
core   0: 3 0x800000bc (0x0000006f)
core   0: 3 0x800000bc (0x0000006f)
core   0: 3 0x800000bc (0x0000006f)
core   0: 3 0x800000bc (0x0000006f)
core   0: 3 0x800000bc (0x0000006f)
core   0: 3 0x800000bc (0x0000006f)
core   0: 3 0x800000bc (0x0000006f)
core   0: 3 0x800000bc (0x0000006f)
core   0: 3 0x800000bc (0x0000006f)
core   0: 3 0x800000bc (0x0000006f)
core   0: 3 0x800000bc (0x0000006f)
core   0: 3 0x800000bc (0x0000006f)
core   0: 3 0x800000bc (0x0000006f)
core   0: 3 0x800000bc (0x0000006f)
core   0: 3 0x800000bc (0x0000006f)
core   0: 3 0x800000bc (0x0000006f)
core   0: 3 0x800000bc (0x0000006f)
core   0: 3 0x800000bc (0x0000006f)
core   0: 3 0x800000bc (0x0000006f)
core   0: 3 0x800000bc (0x0000006f)
core   0: 3 0x800000bc (0x0000006f)
core   0: 3 0x800000bc (0x0000006f)
core   0: 3 0x800000bc (0x0000006f)
core   0: 3 0x800000bc (0x0000006f)
core   0: 3 0x800000bc (0x0000006f)
core   0: 3 0x800000bc (0x0000006f)
core   0: 3 0x800000bc (0x0000006f)
core   0: 3 0x800000bc (0x0000006f)
core   0: 3 0x800000bc (0x0000006f)
core   0: 3 0x800000bc (0x0000006f)
core   0: 3 0x800000bc (0x0000006f)
core   0: 3 0x800000bc (0x0000006f)
core   0: 3 0x800000bc (0x0000006f)
core   0: 3 0x800000bc (0x0000006f)
core   0: 3 0x800000bc (0x0000006f)
core   0: 3 0x800000bc (0x0000006f)
core   0: 3 0x800000bc (0x0000006f)
core   0: 3 0x800000bc (0x0000006f)
core   0: 3 0x800000bc (0x0000006f)
core   0: 3 0x800000bc (0x0000006f)
core   0: 3 0x800000bc (0x0000006f)
core   0: 3 0x800000bc (0x0000006f)
core   0: 3 0x800000bc (0x0000006f)
core   0: 3 0x800000bc (0x0000006f)
core   0: 3 0x800000bc (0x0000006f)
core   0: 3 0x800000bc (0x0000006f)
core   0: 3 0x800000bc (0x0000006f)
core   0: 3 0x800000bc (0x0000006f)
core   0: 3 0x800000bc (0x0000006f)
core   0: 3 0x800000bc (0x0000006f)
core   0: 3 0x800000bc (0x0000006f)
core   0: 3 0x800000bc (0x0000006f)
core   0: 3 0x800000bc (0x0000006f)
core   0: 3 0x800000bc (0x0000006f)
core   0: 3 0x800000bc (0x0000006f)
core   0: 3 0x800000bc (0x0000006f)
core   0: 3 0x800000bc (0x0000006f)
core   0: 3 0x800000bc (0x0000006f)
core   0: 3 0x800000bc (0x0000006f)
core   0: 3 0x800000bc (0x0000006f)
core   0: 3 0x800000bc (0x0000006f)
core   0: 3 0x800000bc (0x0000006f)
core   0: 3 0x800000bc (0x0000006f)
core   0: 3 0x800000bc (0x0000006f)
core   0: 3 0x800000bc (0x0000006f)
core   0: 3 0x800000bc (0x0000006f)
core   0: 3 0x800000bc (0x0000006f)
core   0: 3 0x800000bc (0x0000006f)
core   0: 3 0x800000bc (0x0000006f)
core   0: 3 0x800000bc (0x0000006f)
core   0: 3 0x800000bc (0x0000006f)
core   0: 3 0x800000bc (0x0000006f)
core   0: 3 0x800000bc (0x0000006f)
core   0: 3 0x800000bc (0x0000006f)
core   0: 3 0x800000bc (0x0000006f)
core   0: 3 0x800000bc (0x0000006f)
core   0: 3 0x800000bc (0x0000006f)
core   0: 3 0x800000bc (0x0000006f)
core   0: 3 0x800000bc (0x0000006f)
core   0: 3 0x800000bc (0x0000006f)
core   0: 3 0x800000bc (0x0000006f)
core   0: 3 0x800000bc (0x0000006f)
core   0: 3 0x800000bc (0x0000006f)
core   0: 3 0x800000bc (0x0000006f)
core   0: 3 0x800000bc (0x0000006f)
core   0: 3 0x800000bc (0x0000006f)
core   0: 3 0x800000bc (0x0000006f)
core   0: 3 0x800000bc (0x0000006f)
core   0: 3 0x800000bc (0x0000006f)
core   0: 3 0x800000bc (0x0000006f)
core   0: 3 0x800000bc (0x0000006f)
core   0: 3 0x800000bc (0x0000006f)
core   0: 3 0x800000bc (0x0000006f)
core   0: 3 0x800000bc (0x0000006f)
core   0: 3 0x800000bc (0x0000006f)
core   0: 3 0x800000bc (0x0000006f)
core   0: 3 0x800000bc (0x0000006f)
core   0: 3 0x800000bc (0x0000006f)
core   0: 3 0x800000bc (0x0000006f)
core   0: 3 0x800000bc (0x0000006f)
core   0: 3 0x800000bc (0x0000006f)
core   0: 3 0x800000bc (0x0000006f)
core   0: 3 0x800000bc (0x0000006f)
core   0: 3 0x800000bc (0x0000006f)
core   0: 3 0x800000bc (0x0000006f)
core   0: 3 0x800000bc (0x0000006f)
core   0: 3 0x800000bc (0x0000006f)
core   0: 3 0x800000bc (0x0000006f)
core   0: 3 0x800000bc (0x0000006f)
core   0: 3 0x800000bc (0x0000006f)
core   0: 3 0x800000bc (0x0000006f)
core   0: 3 0x800000bc (0x0000006f)
core   0: 3 0x800000bc (0x0000006f)
core   0: 3 0x800000bc (0x0000006f)
core   0: 3 0x800000bc (0x0000006f)
core   0: 3 0x800000bc (0x0000006f)
core   0: 3 0x800000bc (0x0000006f)
core   0: 3 0x800000bc (0x0000006f)
core   0: 3 0x800000bc (0x0000006f)
core   0: 3 0x800000bc (0x0000006f)
core   0: 3 0x800000bc (0x0000006f)
core   0: 3 0x800000bc (0x0000006f)
core   0: 3 0x800000bc (0x0000006f)
core   0: 3 0x800000bc (0x0000006f)
core   0: 3 0x800000bc (0x0000006f)
core   0: 3 0x800000bc (0x0000006f)
core   0: 3 0x800000bc (0x0000006f)
core   0: 3 0x800000bc (0x0000006f)
core   0: 3 0x800000bc (0x0000006f)
core   0: 3 0x800000bc (0x0000006f)
core   0: 3 0x800000bc (0x0000006f)
core   0: 3 0x800000bc (0x0000006f)
core   0: 3 0x800000bc (0x0000006f)
core   0: 3 0x800000bc (0x0000006f)
core   0: 3 0x800000bc (0x0000006f)
core   0: 3 0x800000bc (0x0000006f)
core   0: 3 0x800000bc (0x0000006f)
core   0: 3 0x800000bc (0x0000006f)
core   0: 3 0x800000bc (0x0000006f)
core   0: 3 0x800000bc (0x0000006f)
core   0: 3 0x800000bc (0x0000006f)
core   0: 3 0x800000bc (0x0000006f)
core   0: 3 0x800000bc (0x0000006f)
core   0: 3 0x800000bc (0x0000006f)
core   0: 3 0x800000bc (0x0000006f)
core   0: 3 0x800000bc (0x0000006f)
core   0: 3 0x800000bc (0x0000006f)
core   0: 3 0x800000bc (0x0000006f)
core   0: 3 0x800000bc (0x0000006f)
core   0: 3 0x800000bc (0x0000006f)
core   0: 3 0x800000bc (0x0000006f)
core   0: 3 0x800000bc (0x0000006f)
core   0: 3 0x800000bc (0x0000006f)
core   0: 3 0x800000bc (0x0000006f)
core   0: 3 0x800000bc (0x0000006f)
core   0: 3 0x800000bc (0x0000006f)
core   0: 3 0x800000bc (0x0000006f)
core   0: 3 0x800000bc (0x0000006f)
core   0: 3 0x800000bc (0x0000006f)
core   0: 3 0x800000bc (0x0000006f)
core   0: 3 0x800000bc (0x0000006f)
core   0: 3 0x800000bc (0x0000006f)
core   0: 3 0x800000bc (0x0000006f)
core   0: 3 0x800000bc (0x0000006f)
core   0: 3 0x800000bc (0x0000006f)
core   0: 3 0x800000bc (0x0000006f)
core   0: 3 0x800000bc (0x0000006f)
core   0: 3 0x800000bc (0x0000006f)
core   0: 3 0x800000bc (0x0000006f)
core   0: 3 0x800000bc (0x0000006f)
core   0: 3 0x800000bc (0x0000006f)
core   0: 3 0x800000bc (0x0000006f)
core   0: 3 0x800000bc (0x0000006f)
core   0: 3 0x800000bc (0x0000006f)
core   0: 3 0x800000bc (0x0000006f)
core   0: 3 0x800000bc (0x0000006f)
core   0: 3 0x800000bc (0x0000006f)
core   0: 3 0x800000bc (0x0000006f)
core   0: 3 0x800000bc (0x0000006f)
core   0: 3 0x800000bc (0x0000006f)
core   0: 3 0x800000bc (0x0000006f)
core   0: 3 0x800000bc (0x0000006f)
core   0: 3 0x800000bc (0x0000006f)
core   0: 3 0x800000bc (0x0000006f)
core   0: 3 0x800000bc (0x0000006f)
core   0: 3 0x800000bc (0x0000006f)
core   0: 3 0x800000bc (0x0000006f)
core   0: 3 0x800000bc (0x0000006f)
core   0: 3 0x800000bc (0x0000006f)
core   0: 3 0x800000bc (0x0000006f)
core   0: 3 0x800000bc (0x0000006f)
core   0: 3 0x800000bc (0x0000006f)
core   0: 3 0x800000bc (0x0000006f)
core   0: 3 0x800000bc (0x0000006f)
core   0: 3 0x800000bc (0x0000006f)
core   0: 3 0x800000bc (0x0000006f)
core   0: 3 0x800000bc (0x0000006f)
core   0: 3 0x800000bc (0x0000006f)
core   0: 3 0x800000bc (0x0000006f)
core   0: 3 0x800000bc (0x0000006f)
core   0: 3 0x800000bc (0x0000006f)
core   0: 3 0x800000bc (0x0000006f)
core   0: 3 0x800000bc (0x0000006f)
core   0: 3 0x800000bc (0x0000006f)
core   0: 3 0x800000bc (0x0000006f)
core   0: 3 0x800000bc (0x0000006f)
core   0: 3 0x800000bc (0x0000006f)
core   0: 3 0x800000bc (0x0000006f)
core   0: 3 0x800000bc (0x0000006f)
core   0: 3 0x800000bc (0x0000006f)
core   0: 3 0x800000bc (0x0000006f)
core   0: 3 0x800000bc (0x0000006f)
core   0: 3 0x800000bc (0x0000006f)
core   0: 3 0x800000bc (0x0000006f)
core   0: 3 0x800000bc (0x0000006f)
core   0: 3 0x800000bc (0x0000006f)
core   0: 3 0x800000bc (0x0000006f)
core   0: 3 0x800000bc (0x0000006f)
core   0: 3 0x800000bc (0x0000006f)
core   0: 3 0x800000bc (0x0000006f)
core   0: 3 0x800000bc (0x0000006f)
core   0: 3 0x800000bc (0x0000006f)
core   0: 3 0x800000bc (0x0000006f)
core   0: 3 0x800000bc (0x0000006f)
core   0: 3 0x800000bc (0x0000006f)
core   0: 3 0x800000bc (0x0000006f)
core   0: 3 0x800000bc (0x0000006f)
core   0: 3 0x800000bc (0x0000006f)
core   0: 3 0x800000bc (0x0000006f)
core   0: 3 0x800000bc (0x0000006f)
core   0: 3 0x800000bc (0x0000006f)
core   0: 3 0x800000bc (0x0000006f)
core   0: 3 0x800000bc (0x0000006f)
core   0: 3 0x800000bc (0x0000006f)
core   0: 3 0x800000bc (0x0000006f)
core   0: 3 0x800000bc (0x0000006f)
core   0: 3 0x800000bc (0x0000006f)
core   0: 3 0x800000bc (0x0000006f)
core   0: 3 0x800000bc (0x0000006f)
core   0: 3 0x800000bc (0x0000006f)
core   0: 3 0x800000bc (0x0000006f)
core   0: 3 0x800000bc (0x0000006f)
core   0: 3 0x800000bc (0x0000006f)
core   0: 3 0x800000bc (0x0000006f)
core   0: 3 0x800000bc (0x0000006f)
core   0: 3 0x800000bc (0x0000006f)
core   0: 3 0x800000bc (0x0000006f)
core   0: 3 0x800000bc (0x0000006f)
core   0: 3 0x800000bc (0x0000006f)
core   0: 3 0x800000bc (0x0000006f)
core   0: 3 0x800000bc (0x0000006f)
core   0: 3 0x800000bc (0x0000006f)
core   0: 3 0x800000bc (0x0000006f)
core   0: 3 0x800000bc (0x0000006f)
core   0: 3 0x800000bc (0x0000006f)
core   0: 3 0x800000bc (0x0000006f)
core   0: 3 0x800000bc (0x0000006f)
core   0: 3 0x800000bc (0x0000006f)
core   0: 3 0x800000bc (0x0000006f)
core   0: 3 0x800000bc (0x0000006f)
core   0: 3 0x800000bc (0x0000006f)
core   0: 3 0x800000bc (0x0000006f)
core   0: 3 0x800000bc (0x0000006f)
core   0: 3 0x800000bc (0x0000006f)
core   0: 3 0x800000bc (0x0000006f)
core   0: 3 0x800000bc (0x0000006f)
core   0: 3 0x800000bc (0x0000006f)
core   0: 3 0x800000bc (0x0000006f)
core   0: 3 0x800000bc (0x0000006f)
core   0: 3 0x800000bc (0x0000006f)
core   0: 3 0x800000bc (0x0000006f)
core   0: 3 0x800000bc (0x0000006f)
core   0: 3 0x800000bc (0x0000006f)
core   0: 3 0x800000bc (0x0000006f)
core   0: 3 0x800000bc (0x0000006f)
core   0: 3 0x800000bc (0x0000006f)
core   0: 3 0x800000bc (0x0000006f)
core   0: 3 0x800000bc (0x0000006f)
core   0: 3 0x800000bc (0x0000006f)
core   0: 3 0x800000bc (0x0000006f)
core   0: 3 0x800000bc (0x0000006f)
core   0: 3 0x800000bc (0x0000006f)
core   0: 3 0x800000bc (0x0000006f)
core   0: 3 0x800000bc (0x0000006f)
core   0: 3 0x800000bc (0x0000006f)
core   0: 3 0x800000bc (0x0000006f)
core   0: 3 0x800000bc (0x0000006f)
core   0: 3 0x800000bc (0x0000006f)
core   0: 3 0x800000bc (0x0000006f)
core   0: 3 0x800000bc (0x0000006f)
core   0: 3 0x800000bc (0x0000006f)
core   0: 3 0x800000bc (0x0000006f)
core   0: 3 0x800000bc (0x0000006f)
core   0: 3 0x800000bc (0x0000006f)
core   0: 3 0x800000bc (0x0000006f)
core   0: 3 0x800000bc (0x0000006f)
core   0: 3 0x800000bc (0x0000006f)
core   0: 3 0x800000bc (0x0000006f)
core   0: 3 0x800000bc (0x0000006f)
core   0: 3 0x800000bc (0x0000006f)
core   0: 3 0x800000bc (0x0000006f)
core   0: 3 0x800000bc (0x0000006f)
core   0: 3 0x800000bc (0x0000006f)
core   0: 3 0x800000bc (0x0000006f)
core   0: 3 0x800000bc (0x0000006f)
core   0: 3 0x800000bc (0x0000006f)
core   0: 3 0x800000bc (0x0000006f)
core   0: 3 0x800000bc (0x0000006f)
core   0: 3 0x800000bc (0x0000006f)
core   0: 3 0x800000bc (0x0000006f)
core   0: 3 0x800000bc (0x0000006f)
core   0: 3 0x800000bc (0x0000006f)
core   0: 3 0x800000bc (0x0000006f)
core   0: 3 0x800000bc (0x0000006f)
core   0: 3 0x800000bc (0x0000006f)
core   0: 3 0x800000bc (0x0000006f)
core   0: 3 0x800000bc (0x0000006f)
core   0: 3 0x800000bc (0x0000006f)
core   0: 3 0x800000bc (0x0000006f)
core   0: 3 0x800000bc (0x0000006f)
core   0: 3 0x800000bc (0x0000006f)
core   0: 3 0x800000bc (0x0000006f)
core   0: 3 0x800000bc (0x0000006f)
core   0: 3 0x800000bc (0x0000006f)
core   0: 3 0x800000bc (0x0000006f)
core   0: 3 0x800000bc (0x0000006f)
core   0: 3 0x800000bc (0x0000006f)
core   0: 3 0x800000bc (0x0000006f)
core   0: 3 0x800000bc (0x0000006f)
core   0: 3 0x800000bc (0x0000006f)
core   0: 3 0x800000bc (0x0000006f)
core   0: 3 0x800000bc (0x0000006f)
core   0: 3 0x800000bc (0x0000006f)
core   0: 3 0x800000bc (0x0000006f)
core   0: 3 0x800000bc (0x0000006f)
core   0: 3 0x800000bc (0x0000006f)
core   0: 3 0x800000bc (0x0000006f)
core   0: 3 0x800000bc (0x0000006f)
core   0: 3 0x800000bc (0x0000006f)
core   0: 3 0x800000bc (0x0000006f)
core   0: 3 0x800000bc (0x0000006f)
core   0: 3 0x800000bc (0x0000006f)
core   0: 3 0x800000bc (0x0000006f)
core   0: 3 0x800000bc (0x0000006f)
core   0: 3 0x800000bc (0x0000006f)
core   0: 3 0x800000bc (0x0000006f)
core   0: 3 0x800000bc (0x0000006f)
core   0: 3 0x800000bc (0x0000006f)
core   0: 3 0x800000bc (0x0000006f)
core   0: 3 0x800000bc (0x0000006f)
core   0: 3 0x800000bc (0x0000006f)
core   0: 3 0x800000bc (0x0000006f)
core   0: 3 0x800000bc (0x0000006f)
core   0: 3 0x800000bc (0x0000006f)
core   0: 3 0x800000bc (0x0000006f)
core   0: 3 0x800000bc (0x0000006f)
core   0: 3 0x800000bc (0x0000006f)
core   0: 3 0x800000bc (0x0000006f)
core   0: 3 0x800000bc (0x0000006f)
core   0: 3 0x800000bc (0x0000006f)
core   0: 3 0x800000bc (0x0000006f)
core   0: 3 0x800000bc (0x0000006f)
core   0: 3 0x800000bc (0x0000006f)
core   0: 3 0x800000bc (0x0000006f)
core   0: 3 0x800000bc (0x0000006f)
core   0: 3 0x800000bc (0x0000006f)
core   0: 3 0x800000bc (0x0000006f)
core   0: 3 0x800000bc (0x0000006f)
core   0: 3 0x800000bc (0x0000006f)
core   0: 3 0x800000bc (0x0000006f)
core   0: 3 0x800000bc (0x0000006f)
core   0: 3 0x800000bc (0x0000006f)
core   0: 3 0x800000bc (0x0000006f)
core   0: 3 0x800000bc (0x0000006f)
core   0: 3 0x800000bc (0x0000006f)
core   0: 3 0x800000bc (0x0000006f)
core   0: 3 0x800000bc (0x0000006f)
core   0: 3 0x800000bc (0x0000006f)
core   0: 3 0x800000bc (0x0000006f)
core   0: 3 0x800000bc (0x0000006f)
core   0: 3 0x800000bc (0x0000006f)
core   0: 3 0x800000bc (0x0000006f)
core   0: 3 0x800000bc (0x0000006f)
core   0: 3 0x800000bc (0x0000006f)
core   0: 3 0x800000bc (0x0000006f)
core   0: 3 0x800000bc (0x0000006f)
core   0: 3 0x800000bc (0x0000006f)
core   0: 3 0x800000bc (0x0000006f)
core   0: 3 0x800000bc (0x0000006f)
core   0: 3 0x800000bc (0x0000006f)
core   0: 3 0x800000bc (0x0000006f)
core   0: 3 0x800000bc (0x0000006f)
core   0: 3 0x800000bc (0x0000006f)
core   0: 3 0x800000bc (0x0000006f)
core   0: 3 0x800000bc (0x0000006f)
core   0: 3 0x800000bc (0x0000006f)
core   0: 3 0x800000bc (0x0000006f)
core   0: 3 0x800000bc (0x0000006f)
core   0: 3 0x800000bc (0x0000006f)
core   0: 3 0x800000bc (0x0000006f)
core   0: 3 0x800000bc (0x0000006f)
core   0: 3 0x800000bc (0x0000006f)
core   0: 3 0x800000bc (0x0000006f)
core   0: 3 0x800000bc (0x0000006f)
core   0: 3 0x800000bc (0x0000006f)
core   0: 3 0x800000bc (0x0000006f)
core   0: 3 0x800000bc (0x0000006f)
core   0: 3 0x800000bc (0x0000006f)
core   0: 3 0x800000bc (0x0000006f)
core   0: 3 0x800000bc (0x0000006f)
core   0: 3 0x800000bc (0x0000006f)
core   0: 3 0x800000bc (0x0000006f)
core   0: 3 0x800000bc (0x0000006f)
core   0: 3 0x800000bc (0x0000006f)
core   0: 3 0x800000bc (0x0000006f)
core   0: 3 0x800000bc (0x0000006f)
core   0: 3 0x800000bc (0x0000006f)
core   0: 3 0x800000bc (0x0000006f)
core   0: 3 0x800000bc (0x0000006f)
core   0: 3 0x800000bc (0x0000006f)
core   0: 3 0x800000bc (0x0000006f)
core   0: 3 0x800000bc (0x0000006f)
core   0: 3 0x800000bc (0x0000006f)
core   0: 3 0x800000bc (0x0000006f)
core   0: 3 0x800000bc (0x0000006f)
core   0: 3 0x800000bc (0x0000006f)
core   0: 3 0x800000bc (0x0000006f)
core   0: 3 0x800000bc (0x0000006f)
core   0: 3 0x800000bc (0x0000006f)
core   0: 3 0x800000bc (0x0000006f)
core   0: 3 0x800000bc (0x0000006f)
core   0: 3 0x800000bc (0x0000006f)
core   0: 3 0x800000bc (0x0000006f)
core   0: 3 0x800000bc (0x0000006f)
core   0: 3 0x800000bc (0x0000006f)
core   0: 3 0x800000bc (0x0000006f)
core   0: 3 0x800000bc (0x0000006f)
core   0: 3 0x800000bc (0x0000006f)
core   0: 3 0x800000bc (0x0000006f)
core   0: 3 0x800000bc (0x0000006f)
core   0: 3 0x800000bc (0x0000006f)
core   0: 3 0x800000bc (0x0000006f)
core   0: 3 0x800000bc (0x0000006f)
core   0: 3 0x800000bc (0x0000006f)
core   0: 3 0x800000bc (0x0000006f)
core   0: 3 0x800000bc (0x0000006f)
core   0: 3 0x800000bc (0x0000006f)
core   0: 3 0x800000bc (0x0000006f)
core   0: 3 0x800000bc (0x0000006f)
core   0: 3 0x800000bc (0x0000006f)
core   0: 3 0x800000bc (0x0000006f)
core   0: 3 0x800000bc (0x0000006f)
core   0: 3 0x800000bc (0x0000006f)
core   0: 3 0x800000bc (0x0000006f)
core   0: 3 0x800000bc (0x0000006f)
core   0: 3 0x800000bc (0x0000006f)
core   0: 3 0x800000bc (0x0000006f)
core   0: 3 0x800000bc (0x0000006f)
core   0: 3 0x800000bc (0x0000006f)
core   0: 3 0x800000bc (0x0000006f)
core   0: 3 0x800000bc (0x0000006f)
core   0: 3 0x800000bc (0x0000006f)
core   0: 3 0x800000bc (0x0000006f)
core   0: 3 0x800000bc (0x0000006f)
core   0: 3 0x800000bc (0x0000006f)
core   0: 3 0x800000bc (0x0000006f)
core   0: 3 0x800000bc (0x0000006f)
core   0: 3 0x800000bc (0x0000006f)
core   0: 3 0x800000bc (0x0000006f)
core   0: 3 0x800000bc (0x0000006f)
core   0: 3 0x800000bc (0x0000006f)
core   0: 3 0x800000bc (0x0000006f)
core   0: 3 0x800000bc (0x0000006f)
core   0: 3 0x800000bc (0x0000006f)
core   0: 3 0x800000bc (0x0000006f)
core   0: 3 0x800000bc (0x0000006f)
core   0: 3 0x800000bc (0x0000006f)
core   0: 3 0x800000bc (0x0000006f)
core   0: 3 0x800000bc (0x0000006f)
core   0: 3 0x800000bc (0x0000006f)
core   0: 3 0x800000bc (0x0000006f)
core   0: 3 0x800000bc (0x0000006f)
core   0: 3 0x800000bc (0x0000006f)
core   0: 3 0x800000bc (0x0000006f)
core   0: 3 0x800000bc (0x0000006f)
core   0: 3 0x800000bc (0x0000006f)
core   0: 3 0x800000bc (0x0000006f)
core   0: 3 0x800000bc (0x0000006f)
core   0: 3 0x800000bc (0x0000006f)
core   0: 3 0x800000bc (0x0000006f)
core   0: 3 0x800000bc (0x0000006f)
core   0: 3 0x800000bc (0x0000006f)
core   0: 3 0x800000bc (0x0000006f)
core   0: 3 0x800000bc (0x0000006f)
core   0: 3 0x800000bc (0x0000006f)
core   0: 3 0x800000bc (0x0000006f)
core   0: 3 0x800000bc (0x0000006f)
core   0: 3 0x800000bc (0x0000006f)
core   0: 3 0x800000bc (0x0000006f)
core   0: 3 0x800000bc (0x0000006f)
core   0: 3 0x800000bc (0x0000006f)
core   0: 3 0x800000bc (0x0000006f)
core   0: 3 0x800000bc (0x0000006f)
core   0: 3 0x800000bc (0x0000006f)
core   0: 3 0x800000bc (0x0000006f)
core   0: 3 0x800000bc (0x0000006f)
core   0: 3 0x800000bc (0x0000006f)
core   0: 3 0x800000bc (0x0000006f)
core   0: 3 0x800000bc (0x0000006f)
core   0: 3 0x800000bc (0x0000006f)
core   0: 3 0x800000bc (0x0000006f)
core   0: 3 0x800000bc (0x0000006f)
core   0: 3 0x800000bc (0x0000006f)
core   0: 3 0x800000bc (0x0000006f)
core   0: 3 0x800000bc (0x0000006f)
core   0: 3 0x800000bc (0x0000006f)
core   0: 3 0x800000bc (0x0000006f)
core   0: 3 0x800000bc (0x0000006f)
core   0: 3 0x800000bc (0x0000006f)
core   0: 3 0x800000bc (0x0000006f)
core   0: 3 0x800000bc (0x0000006f)
core   0: 3 0x800000bc (0x0000006f)
core   0: 3 0x800000bc (0x0000006f)
core   0: 3 0x800000bc (0x0000006f)
core   0: 3 0x800000bc (0x0000006f)
core   0: 3 0x800000bc (0x0000006f)
core   0: 3 0x800000bc (0x0000006f)
core   0: 3 0x800000bc (0x0000006f)
core   0: 3 0x800000bc (0x0000006f)
core   0: 3 0x800000bc (0x0000006f)
core   0: 3 0x800000bc (0x0000006f)
core   0: 3 0x800000bc (0x0000006f)
core   0: 3 0x800000bc (0x0000006f)
core   0: 3 0x800000bc (0x0000006f)
core   0: 3 0x800000bc (0x0000006f)
core   0: 3 0x800000bc (0x0000006f)
core   0: 3 0x800000bc (0x0000006f)
core   0: 3 0x800000bc (0x0000006f)
core   0: 3 0x800000bc (0x0000006f)
core   0: 3 0x800000bc (0x0000006f)
core   0: 3 0x800000bc (0x0000006f)
core   0: 3 0x800000bc (0x0000006f)
core   0: 3 0x800000bc (0x0000006f)
core   0: 3 0x800000bc (0x0000006f)
core   0: 3 0x800000bc (0x0000006f)
core   0: 3 0x800000bc (0x0000006f)
core   0: 3 0x800000bc (0x0000006f)
core   0: 3 0x800000bc (0x0000006f)
core   0: 3 0x800000bc (0x0000006f)
core   0: 3 0x800000bc (0x0000006f)
core   0: 3 0x800000bc (0x0000006f)
core   0: 3 0x800000bc (0x0000006f)
core   0: 3 0x800000bc (0x0000006f)
core   0: 3 0x800000bc (0x0000006f)
core   0: 3 0x800000bc (0x0000006f)
core   0: 3 0x800000bc (0x0000006f)
core   0: 3 0x800000bc (0x0000006f)
core   0: 3 0x800000bc (0x0000006f)
core   0: 3 0x800000bc (0x0000006f)
core   0: 3 0x800000bc (0x0000006f)
core   0: 3 0x800000bc (0x0000006f)
core   0: 3 0x800000bc (0x0000006f)
core   0: 3 0x800000bc (0x0000006f)
core   0: 3 0x800000bc (0x0000006f)
core   0: 3 0x800000bc (0x0000006f)
core   0: 3 0x800000bc (0x0000006f)
core   0: 3 0x800000bc (0x0000006f)
core   0: 3 0x800000bc (0x0000006f)
core   0: 3 0x800000bc (0x0000006f)
core   0: 3 0x800000bc (0x0000006f)
core   0: 3 0x800000bc (0x0000006f)
core   0: 3 0x800000bc (0x0000006f)
core   0: 3 0x800000bc (0x0000006f)
core   0: 3 0x800000bc (0x0000006f)
core   0: 3 0x800000bc (0x0000006f)
core   0: 3 0x800000bc (0x0000006f)
core   0: 3 0x800000bc (0x0000006f)
core   0: 3 0x800000bc (0x0000006f)
core   0: 3 0x800000bc (0x0000006f)
core   0: 3 0x800000bc (0x0000006f)
core   0: 3 0x800000bc (0x0000006f)
core   0: 3 0x800000bc (0x0000006f)
core   0: 3 0x800000bc (0x0000006f)
core   0: 3 0x800000bc (0x0000006f)
core   0: 3 0x800000bc (0x0000006f)
core   0: 3 0x800000bc (0x0000006f)
core   0: 3 0x800000bc (0x0000006f)
core   0: 3 0x800000bc (0x0000006f)
core   0: 3 0x800000bc (0x0000006f)
core   0: 3 0x800000bc (0x0000006f)
core   0: 3 0x800000bc (0x0000006f)
core   0: 3 0x800000bc (0x0000006f)
core   0: 3 0x800000bc (0x0000006f)
core   0: 3 0x800000bc (0x0000006f)
core   0: 3 0x800000bc (0x0000006f)
core   0: 3 0x800000bc (0x0000006f)
core   0: 3 0x800000bc (0x0000006f)
core   0: 3 0x800000bc (0x0000006f)
core   0: 3 0x800000bc (0x0000006f)
core   0: 3 0x800000bc (0x0000006f)
core   0: 3 0x800000bc (0x0000006f)
core   0: 3 0x800000bc (0x0000006f)
core   0: 3 0x800000bc (0x0000006f)
core   0: 3 0x800000bc (0x0000006f)
core   0: 3 0x800000bc (0x0000006f)
core   0: 3 0x800000bc (0x0000006f)
core   0: 3 0x800000bc (0x0000006f)
core   0: 3 0x800000bc (0x0000006f)
core   0: 3 0x800000bc (0x0000006f)
core   0: 3 0x800000bc (0x0000006f)
core   0: 3 0x800000bc (0x0000006f)
core   0: 3 0x800000bc (0x0000006f)
core   0: 3 0x800000bc (0x0000006f)
core   0: 3 0x800000bc (0x0000006f)
core   0: 3 0x800000bc (0x0000006f)
core   0: 3 0x800000bc (0x0000006f)
core   0: 3 0x800000bc (0x0000006f)
core   0: 3 0x800000bc (0x0000006f)
core   0: 3 0x800000bc (0x0000006f)
core   0: 3 0x800000bc (0x0000006f)
core   0: 3 0x800000bc (0x0000006f)
core   0: 3 0x800000bc (0x0000006f)
core   0: 3 0x800000bc (0x0000006f)
core   0: 3 0x800000bc (0x0000006f)
core   0: 3 0x800000bc (0x0000006f)
core   0: 3 0x800000bc (0x0000006f)
core   0: 3 0x800000bc (0x0000006f)
core   0: 3 0x800000bc (0x0000006f)
core   0: 3 0x800000bc (0x0000006f)
core   0: 3 0x800000bc (0x0000006f)
core   0: 3 0x800000bc (0x0000006f)
core   0: 3 0x800000bc (0x0000006f)
core   0: 3 0x800000bc (0x0000006f)
core   0: 3 0x800000bc (0x0000006f)
core   0: 3 0x800000bc (0x0000006f)
core   0: 3 0x800000bc (0x0000006f)
core   0: 3 0x800000bc (0x0000006f)
core   0: 3 0x800000bc (0x0000006f)
core   0: 3 0x800000bc (0x0000006f)
core   0: 3 0x800000bc (0x0000006f)
core   0: 3 0x800000bc (0x0000006f)
core   0: 3 0x800000bc (0x0000006f)
core   0: 3 0x800000bc (0x0000006f)
core   0: 3 0x800000bc (0x0000006f)
core   0: 3 0x800000bc (0x0000006f)
core   0: 3 0x800000bc (0x0000006f)
core   0: 3 0x800000bc (0x0000006f)
core   0: 3 0x800000bc (0x0000006f)
core   0: 3 0x800000bc (0x0000006f)
core   0: 3 0x800000bc (0x0000006f)
core   0: 3 0x800000bc (0x0000006f)
core   0: 3 0x800000bc (0x0000006f)
core   0: 3 0x800000bc (0x0000006f)
core   0: 3 0x800000bc (0x0000006f)
core   0: 3 0x800000bc (0x0000006f)
core   0: 3 0x800000bc (0x0000006f)
core   0: 3 0x800000bc (0x0000006f)
core   0: 3 0x800000bc (0x0000006f)
core   0: 3 0x800000bc (0x0000006f)
core   0: 3 0x800000bc (0x0000006f)
core   0: 3 0x800000bc (0x0000006f)
core   0: 3 0x800000bc (0x0000006f)
core   0: 3 0x800000bc (0x0000006f)
core   0: 3 0x800000bc (0x0000006f)
core   0: 3 0x800000bc (0x0000006f)
core   0: 3 0x800000bc (0x0000006f)
core   0: 3 0x800000bc (0x0000006f)
core   0: 3 0x800000bc (0x0000006f)
core   0: 3 0x800000bc (0x0000006f)
core   0: 3 0x800000bc (0x0000006f)
core   0: 3 0x800000bc (0x0000006f)
core   0: 3 0x800000bc (0x0000006f)
core   0: 3 0x800000bc (0x0000006f)
core   0: 3 0x800000bc (0x0000006f)
core   0: 3 0x800000bc (0x0000006f)
core   0: 3 0x800000bc (0x0000006f)
core   0: 3 0x800000bc (0x0000006f)
core   0: 3 0x800000bc (0x0000006f)
core   0: 3 0x800000bc (0x0000006f)
core   0: 3 0x800000bc (0x0000006f)
core   0: 3 0x800000bc (0x0000006f)
core   0: 3 0x800000bc (0x0000006f)
core   0: 3 0x800000bc (0x0000006f)
core   0: 3 0x800000bc (0x0000006f)
core   0: 3 0x800000bc (0x0000006f)
core   0: 3 0x800000bc (0x0000006f)
core   0: 3 0x800000bc (0x0000006f)
core   0: 3 0x800000bc (0x0000006f)
core   0: 3 0x800000bc (0x0000006f)
core   0: 3 0x800000bc (0x0000006f)
core   0: 3 0x800000bc (0x0000006f)
core   0: 3 0x800000bc (0x0000006f)
core   0: 3 0x800000bc (0x0000006f)
core   0: 3 0x800000bc (0x0000006f)
core   0: 3 0x800000bc (0x0000006f)
core   0: 3 0x800000bc (0x0000006f)
core   0: 3 0x800000bc (0x0000006f)
core   0: 3 0x800000bc (0x0000006f)
core   0: 3 0x800000bc (0x0000006f)
core   0: 3 0x800000bc (0x0000006f)
core   0: 3 0x800000bc (0x0000006f)
core   0: 3 0x800000bc (0x0000006f)
core   0: 3 0x800000bc (0x0000006f)
core   0: 3 0x800000bc (0x0000006f)
core   0: 3 0x800000bc (0x0000006f)
core   0: 3 0x800000bc (0x0000006f)
core   0: 3 0x800000bc (0x0000006f)
core   0: 3 0x800000bc (0x0000006f)
core   0: 3 0x800000bc (0x0000006f)
core   0: 3 0x800000bc (0x0000006f)
core   0: 3 0x800000bc (0x0000006f)
core   0: 3 0x800000bc (0x0000006f)
core   0: 3 0x800000bc (0x0000006f)
core   0: 3 0x800000bc (0x0000006f)
core   0: 3 0x800000bc (0x0000006f)
core   0: 3 0x800000bc (0x0000006f)
core   0: 3 0x800000bc (0x0000006f)
core   0: 3 0x800000bc (0x0000006f)
core   0: 3 0x800000bc (0x0000006f)
core   0: 3 0x800000bc (0x0000006f)
core   0: 3 0x800000bc (0x0000006f)
core   0: 3 0x800000bc (0x0000006f)
core   0: 3 0x800000bc (0x0000006f)
core   0: 3 0x800000bc (0x0000006f)
core   0: 3 0x800000bc (0x0000006f)
core   0: 3 0x800000bc (0x0000006f)
core   0: 3 0x800000bc (0x0000006f)
core   0: 3 0x800000bc (0x0000006f)
core   0: 3 0x800000bc (0x0000006f)
core   0: 3 0x800000bc (0x0000006f)
core   0: 3 0x800000bc (0x0000006f)
core   0: 3 0x800000bc (0x0000006f)
core   0: 3 0x800000bc (0x0000006f)
core   0: 3 0x800000bc (0x0000006f)
core   0: 3 0x800000bc (0x0000006f)
core   0: 3 0x800000bc (0x0000006f)
core   0: 3 0x800000bc (0x0000006f)
core   0: 3 0x800000bc (0x0000006f)
core   0: 3 0x800000bc (0x0000006f)
core   0: 3 0x800000bc (0x0000006f)
core   0: 3 0x800000bc (0x0000006f)
core   0: 3 0x800000bc (0x0000006f)
core   0: 3 0x800000bc (0x0000006f)
core   0: 3 0x800000bc (0x0000006f)
core   0: 3 0x800000bc (0x0000006f)
core   0: 3 0x800000bc (0x0000006f)
core   0: 3 0x800000bc (0x0000006f)
core   0: 3 0x800000bc (0x0000006f)
core   0: 3 0x800000bc (0x0000006f)
core   0: 3 0x800000bc (0x0000006f)
core   0: 3 0x800000bc (0x0000006f)
core   0: 3 0x800000bc (0x0000006f)
core   0: 3 0x800000bc (0x0000006f)
core   0: 3 0x800000bc (0x0000006f)
core   0: 3 0x800000bc (0x0000006f)
core   0: 3 0x800000bc (0x0000006f)
core   0: 3 0x800000bc (0x0000006f)
core   0: 3 0x800000bc (0x0000006f)
core   0: 3 0x800000bc (0x0000006f)
core   0: 3 0x800000bc (0x0000006f)
core   0: 3 0x800000bc (0x0000006f)
core   0: 3 0x800000bc (0x0000006f)
core   0: 3 0x800000bc (0x0000006f)
core   0: 3 0x800000bc (0x0000006f)
core   0: 3 0x800000bc (0x0000006f)
core   0: 3 0x800000bc (0x0000006f)
core   0: 3 0x800000bc (0x0000006f)
core   0: 3 0x800000bc (0x0000006f)
core   0: 3 0x800000bc (0x0000006f)
core   0: 3 0x800000bc (0x0000006f)
core   0: 3 0x800000bc (0x0000006f)
core   0: 3 0x800000bc (0x0000006f)
core   0: 3 0x800000bc (0x0000006f)
core   0: 3 0x800000bc (0x0000006f)
core   0: 3 0x800000bc (0x0000006f)
core   0: 3 0x800000bc (0x0000006f)
core   0: 3 0x800000bc (0x0000006f)
core   0: 3 0x800000bc (0x0000006f)
core   0: 3 0x800000bc (0x0000006f)
core   0: 3 0x800000bc (0x0000006f)
core   0: 3 0x800000bc (0x0000006f)
core   0: 3 0x800000bc (0x0000006f)
core   0: 3 0x800000bc (0x0000006f)
core   0: 3 0x800000bc (0x0000006f)
core   0: 3 0x800000bc (0x0000006f)
core   0: 3 0x800000bc (0x0000006f)
core   0: 3 0x800000bc (0x0000006f)
core   0: 3 0x800000bc (0x0000006f)
core   0: 3 0x800000bc (0x0000006f)
core   0: 3 0x800000bc (0x0000006f)
core   0: 3 0x800000bc (0x0000006f)
core   0: 3 0x800000bc (0x0000006f)
core   0: 3 0x800000bc (0x0000006f)
core   0: 3 0x800000bc (0x0000006f)
core   0: 3 0x800000bc (0x0000006f)
core   0: 3 0x800000bc (0x0000006f)
core   0: 3 0x800000bc (0x0000006f)
core   0: 3 0x800000bc (0x0000006f)
core   0: 3 0x800000bc (0x0000006f)
core   0: 3 0x800000bc (0x0000006f)
core   0: 3 0x800000bc (0x0000006f)
core   0: 3 0x800000bc (0x0000006f)
core   0: 3 0x800000bc (0x0000006f)
core   0: 3 0x800000bc (0x0000006f)
core   0: 3 0x800000bc (0x0000006f)
core   0: 3 0x800000bc (0x0000006f)
core   0: 3 0x800000bc (0x0000006f)
core   0: 3 0x800000bc (0x0000006f)
core   0: 3 0x800000bc (0x0000006f)
core   0: 3 0x800000bc (0x0000006f)
core   0: 3 0x800000bc (0x0000006f)
core   0: 3 0x800000bc (0x0000006f)
core   0: 3 0x800000bc (0x0000006f)
core   0: 3 0x800000bc (0x0000006f)
core   0: 3 0x800000bc (0x0000006f)
core   0: 3 0x800000bc (0x0000006f)
core   0: 3 0x800000bc (0x0000006f)
core   0: 3 0x800000bc (0x0000006f)
core   0: 3 0x800000bc (0x0000006f)
core   0: 3 0x800000bc (0x0000006f)
core   0: 3 0x800000bc (0x0000006f)
core   0: 3 0x800000bc (0x0000006f)
core   0: 3 0x800000bc (0x0000006f)
core   0: 3 0x800000bc (0x0000006f)
core   0: 3 0x800000bc (0x0000006f)
core   0: 3 0x800000bc (0x0000006f)
core   0: 3 0x800000bc (0x0000006f)
core   0: 3 0x800000bc (0x0000006f)
core   0: 3 0x800000bc (0x0000006f)
core   0: 3 0x800000bc (0x0000006f)
core   0: 3 0x800000bc (0x0000006f)
core   0: 3 0x800000bc (0x0000006f)
core   0: 3 0x800000bc (0x0000006f)
core   0: 3 0x800000bc (0x0000006f)
core   0: 3 0x800000bc (0x0000006f)
core   0: 3 0x800000bc (0x0000006f)
core   0: 3 0x800000bc (0x0000006f)
core   0: 3 0x800000bc (0x0000006f)
core   0: 3 0x800000bc (0x0000006f)
core   0: 3 0x800000bc (0x0000006f)
core   0: 3 0x800000bc (0x0000006f)
core   0: 3 0x800000bc (0x0000006f)
core   0: 3 0x800000bc (0x0000006f)
core   0: 3 0x800000bc (0x0000006f)
core   0: 3 0x800000bc (0x0000006f)
core   0: 3 0x800000bc (0x0000006f)
core   0: 3 0x800000bc (0x0000006f)
core   0: 3 0x800000bc (0x0000006f)
core   0: 3 0x800000bc (0x0000006f)
core   0: 3 0x800000bc (0x0000006f)
core   0: 3 0x800000bc (0x0000006f)
core   0: 3 0x800000bc (0x0000006f)
core   0: 3 0x800000bc (0x0000006f)
core   0: 3 0x800000bc (0x0000006f)
core   0: 3 0x800000bc (0x0000006f)
core   0: 3 0x800000bc (0x0000006f)
core   0: 3 0x800000bc (0x0000006f)
core   0: 3 0x800000bc (0x0000006f)
core   0: 3 0x800000bc (0x0000006f)
core   0: 3 0x800000bc (0x0000006f)
core   0: 3 0x800000bc (0x0000006f)
core   0: 3 0x800000bc (0x0000006f)
core   0: 3 0x800000bc (0x0000006f)
core   0: 3 0x800000bc (0x0000006f)
core   0: 3 0x800000bc (0x0000006f)
core   0: 3 0x800000bc (0x0000006f)
core   0: 3 0x800000bc (0x0000006f)
core   0: 3 0x800000bc (0x0000006f)
core   0: 3 0x800000bc (0x0000006f)
core   0: 3 0x800000bc (0x0000006f)
core   0: 3 0x800000bc (0x0000006f)
core   0: 3 0x800000bc (0x0000006f)
core   0: 3 0x800000bc (0x0000006f)
core   0: 3 0x800000bc (0x0000006f)
core   0: 3 0x800000bc (0x0000006f)
core   0: 3 0x800000bc (0x0000006f)
core   0: 3 0x800000bc (0x0000006f)
core   0: 3 0x800000bc (0x0000006f)
core   0: 3 0x800000bc (0x0000006f)
core   0: 3 0x800000bc (0x0000006f)
core   0: 3 0x800000bc (0x0000006f)
core   0: 3 0x800000bc (0x0000006f)
core   0: 3 0x800000bc (0x0000006f)
core   0: 3 0x800000bc (0x0000006f)
core   0: 3 0x800000bc (0x0000006f)
core   0: 3 0x800000bc (0x0000006f)
core   0: 3 0x800000bc (0x0000006f)
core   0: 3 0x800000bc (0x0000006f)
core   0: 3 0x800000bc (0x0000006f)
core   0: 3 0x800000bc (0x0000006f)
core   0: 3 0x800000bc (0x0000006f)
core   0: 3 0x800000bc (0x0000006f)
core   0: 3 0x800000bc (0x0000006f)
core   0: 3 0x800000bc (0x0000006f)
core   0: 3 0x800000bc (0x0000006f)
core   0: 3 0x800000bc (0x0000006f)
core   0: 3 0x800000bc (0x0000006f)
core   0: 3 0x800000bc (0x0000006f)
core   0: 3 0x800000bc (0x0000006f)
core   0: 3 0x800000bc (0x0000006f)
core   0: 3 0x800000bc (0x0000006f)
core   0: 3 0x800000bc (0x0000006f)
core   0: 3 0x800000bc (0x0000006f)
core   0: 3 0x800000bc (0x0000006f)
core   0: 3 0x800000bc (0x0000006f)
core   0: 3 0x800000bc (0x0000006f)
core   0: 3 0x800000bc (0x0000006f)
core   0: 3 0x800000bc (0x0000006f)
core   0: 3 0x800000bc (0x0000006f)
core   0: 3 0x800000bc (0x0000006f)
core   0: 3 0x800000bc (0x0000006f)
core   0: 3 0x800000bc (0x0000006f)
core   0: 3 0x800000bc (0x0000006f)
core   0: 3 0x800000bc (0x0000006f)
core   0: 3 0x800000bc (0x0000006f)
core   0: 3 0x800000bc (0x0000006f)
core   0: 3 0x800000bc (0x0000006f)
core   0: 3 0x800000bc (0x0000006f)
core   0: 3 0x800000bc (0x0000006f)
core   0: 3 0x800000bc (0x0000006f)
core   0: 3 0x800000bc (0x0000006f)
core   0: 3 0x800000bc (0x0000006f)
core   0: 3 0x800000bc (0x0000006f)
core   0: 3 0x800000bc (0x0000006f)
core   0: 3 0x800000bc (0x0000006f)
core   0: 3 0x800000bc (0x0000006f)
core   0: 3 0x800000bc (0x0000006f)
core   0: 3 0x800000bc (0x0000006f)
core   0: 3 0x800000bc (0x0000006f)
core   0: 3 0x800000bc (0x0000006f)
core   0: 3 0x800000bc (0x0000006f)
core   0: 3 0x800000bc (0x0000006f)
core   0: 3 0x800000bc (0x0000006f)
core   0: 3 0x800000bc (0x0000006f)
core   0: 3 0x800000bc (0x0000006f)
core   0: 3 0x800000bc (0x0000006f)
core   0: 3 0x800000bc (0x0000006f)
core   0: 3 0x800000bc (0x0000006f)
core   0: 3 0x800000bc (0x0000006f)
core   0: 3 0x800000bc (0x0000006f)
core   0: 3 0x800000bc (0x0000006f)
core   0: 3 0x800000bc (0x0000006f)
core   0: 3 0x800000bc (0x0000006f)
core   0: 3 0x800000bc (0x0000006f)
core   0: 3 0x800000bc (0x0000006f)
core   0: 3 0x800000bc (0x0000006f)
core   0: 3 0x800000bc (0x0000006f)
core   0: 3 0x800000bc (0x0000006f)
core   0: 3 0x800000bc (0x0000006f)
core   0: 3 0x800000bc (0x0000006f)
core   0: 3 0x800000bc (0x0000006f)
core   0: 3 0x800000bc (0x0000006f)
core   0: 3 0x800000bc (0x0000006f)
core   0: 3 0x800000bc (0x0000006f)
core   0: 3 0x800000bc (0x0000006f)
core   0: 3 0x800000bc (0x0000006f)
core   0: 3 0x800000bc (0x0000006f)
core   0: 3 0x800000bc (0x0000006f)
core   0: 3 0x800000bc (0x0000006f)
core   0: 3 0x800000bc (0x0000006f)
core   0: 3 0x800000bc (0x0000006f)
core   0: 3 0x800000bc (0x0000006f)
core   0: 3 0x800000bc (0x0000006f)
core   0: 3 0x800000bc (0x0000006f)
core   0: 3 0x800000bc (0x0000006f)
core   0: 3 0x800000bc (0x0000006f)
core   0: 3 0x800000bc (0x0000006f)
core   0: 3 0x800000bc (0x0000006f)
core   0: 3 0x800000bc (0x0000006f)
core   0: 3 0x800000bc (0x0000006f)
core   0: 3 0x800000bc (0x0000006f)
core   0: 3 0x800000bc (0x0000006f)
core   0: 3 0x800000bc (0x0000006f)
core   0: 3 0x800000bc (0x0000006f)
core   0: 3 0x800000bc (0x0000006f)
core   0: 3 0x800000bc (0x0000006f)
core   0: 3 0x800000bc (0x0000006f)
core   0: 3 0x800000bc (0x0000006f)
core   0: 3 0x800000bc (0x0000006f)
core   0: 3 0x800000bc (0x0000006f)
core   0: 3 0x800000bc (0x0000006f)
core   0: 3 0x800000bc (0x0000006f)
core   0: 3 0x800000bc (0x0000006f)
core   0: 3 0x800000bc (0x0000006f)
core   0: 3 0x800000bc (0x0000006f)
core   0: 3 0x800000bc (0x0000006f)
core   0: 3 0x800000bc (0x0000006f)
core   0: 3 0x800000bc (0x0000006f)
core   0: 3 0x800000bc (0x0000006f)
core   0: 3 0x800000bc (0x0000006f)
core   0: 3 0x800000bc (0x0000006f)
core   0: 3 0x800000bc (0x0000006f)
core   0: 3 0x800000bc (0x0000006f)
core   0: 3 0x800000bc (0x0000006f)
core   0: 3 0x800000bc (0x0000006f)
core   0: 3 0x800000bc (0x0000006f)
core   0: 3 0x800000bc (0x0000006f)
core   0: 3 0x800000bc (0x0000006f)
core   0: 3 0x800000bc (0x0000006f)
core   0: 3 0x800000bc (0x0000006f)
core   0: 3 0x800000bc (0x0000006f)
core   0: 3 0x800000bc (0x0000006f)
core   0: 3 0x800000bc (0x0000006f)
core   0: 3 0x800000bc (0x0000006f)
core   0: 3 0x800000bc (0x0000006f)
core   0: 3 0x800000bc (0x0000006f)
core   0: 3 0x800000bc (0x0000006f)
core   0: 3 0x800000bc (0x0000006f)
core   0: 3 0x800000bc (0x0000006f)
core   0: 3 0x800000bc (0x0000006f)
core   0: 3 0x800000bc (0x0000006f)
core   0: 3 0x800000bc (0x0000006f)
core   0: 3 0x800000bc (0x0000006f)
core   0: 3 0x800000bc (0x0000006f)
core   0: 3 0x800000bc (0x0000006f)
core   0: 3 0x800000bc (0x0000006f)
core   0: 3 0x800000bc (0x0000006f)
core   0: 3 0x800000bc (0x0000006f)
core   0: 3 0x800000bc (0x0000006f)
core   0: 3 0x800000bc (0x0000006f)
core   0: 3 0x800000bc (0x0000006f)
core   0: 3 0x800000bc (0x0000006f)
core   0: 3 0x800000bc (0x0000006f)
core   0: 3 0x800000bc (0x0000006f)
core   0: 3 0x800000bc (0x0000006f)
core   0: 3 0x800000bc (0x0000006f)
core   0: 3 0x800000bc (0x0000006f)
core   0: 3 0x800000bc (0x0000006f)
core   0: 3 0x800000bc (0x0000006f)
core   0: 3 0x800000bc (0x0000006f)
core   0: 3 0x800000bc (0x0000006f)
core   0: 3 0x800000bc (0x0000006f)
core   0: 3 0x800000bc (0x0000006f)
core   0: 3 0x800000bc (0x0000006f)
core   0: 3 0x800000bc (0x0000006f)
core   0: 3 0x800000bc (0x0000006f)
core   0: 3 0x800000bc (0x0000006f)
core   0: 3 0x800000bc (0x0000006f)
core   0: 3 0x800000bc (0x0000006f)
core   0: 3 0x800000bc (0x0000006f)
core   0: 3 0x800000bc (0x0000006f)
core   0: 3 0x800000bc (0x0000006f)
core   0: 3 0x800000bc (0x0000006f)
core   0: 3 0x800000bc (0x0000006f)
core   0: 3 0x800000bc (0x0000006f)
core   0: 3 0x800000bc (0x0000006f)
core   0: 3 0x800000bc (0x0000006f)
core   0: 3 0x800000bc (0x0000006f)
core   0: 3 0x800000bc (0x0000006f)
core   0: 3 0x800000bc (0x0000006f)
core   0: 3 0x800000bc (0x0000006f)
core   0: 3 0x800000bc (0x0000006f)
core   0: 3 0x800000bc (0x0000006f)
core   0: 3 0x800000bc (0x0000006f)
core   0: 3 0x800000bc (0x0000006f)
core   0: 3 0x800000bc (0x0000006f)
core   0: 3 0x800000bc (0x0000006f)
core   0: 3 0x800000bc (0x0000006f)
core   0: 3 0x800000bc (0x0000006f)
core   0: 3 0x800000bc (0x0000006f)
core   0: 3 0x800000bc (0x0000006f)
core   0: 3 0x800000bc (0x0000006f)
core   0: 3 0x800000bc (0x0000006f)
core   0: 3 0x800000bc (0x0000006f)
core   0: 3 0x800000bc (0x0000006f)
core   0: 3 0x800000bc (0x0000006f)
core   0: 3 0x800000bc (0x0000006f)
core   0: 3 0x800000bc (0x0000006f)
core   0: 3 0x800000bc (0x0000006f)
core   0: 3 0x800000bc (0x0000006f)
core   0: 3 0x800000bc (0x0000006f)
core   0: 3 0x800000bc (0x0000006f)
core   0: 3 0x800000bc (0x0000006f)
core   0: 3 0x800000bc (0x0000006f)
core   0: 3 0x800000bc (0x0000006f)
core   0: 3 0x800000bc (0x0000006f)
core   0: 3 0x800000bc (0x0000006f)
core   0: 3 0x800000bc (0x0000006f)
core   0: 3 0x800000bc (0x0000006f)
core   0: 3 0x800000bc (0x0000006f)
core   0: 3 0x800000bc (0x0000006f)
core   0: 3 0x800000bc (0x0000006f)
core   0: 3 0x800000bc (0x0000006f)
core   0: 3 0x800000bc (0x0000006f)
core   0: 3 0x800000bc (0x0000006f)
core   0: 3 0x800000bc (0x0000006f)
core   0: 3 0x800000bc (0x0000006f)
core   0: 3 0x800000bc (0x0000006f)
core   0: 3 0x800000bc (0x0000006f)
core   0: 3 0x800000bc (0x0000006f)
core   0: 3 0x800000bc (0x0000006f)
core   0: 3 0x800000bc (0x0000006f)
core   0: 3 0x800000bc (0x0000006f)
core   0: 3 0x800000bc (0x0000006f)
core   0: 3 0x800000bc (0x0000006f)
core   0: 3 0x800000bc (0x0000006f)
core   0: 3 0x800000bc (0x0000006f)
core   0: 3 0x800000bc (0x0000006f)
core   0: 3 0x800000bc (0x0000006f)
core   0: 3 0x800000bc (0x0000006f)
core   0: 3 0x800000bc (0x0000006f)
core   0: 3 0x800000bc (0x0000006f)
core   0: 3 0x800000bc (0x0000006f)
core   0: 3 0x800000bc (0x0000006f)
core   0: 3 0x800000bc (0x0000006f)
core   0: 3 0x800000bc (0x0000006f)
core   0: 3 0x800000bc (0x0000006f)
core   0: 3 0x800000bc (0x0000006f)
core   0: 3 0x800000bc (0x0000006f)
core   0: 3 0x800000bc (0x0000006f)
core   0: 3 0x800000bc (0x0000006f)
core   0: 3 0x800000bc (0x0000006f)
core   0: 3 0x800000bc (0x0000006f)
core   0: 3 0x800000bc (0x0000006f)
core   0: 3 0x800000bc (0x0000006f)
core   0: 3 0x800000bc (0x0000006f)
core   0: 3 0x800000bc (0x0000006f)
core   0: 3 0x800000bc (0x0000006f)
core   0: 3 0x800000bc (0x0000006f)
core   0: 3 0x800000bc (0x0000006f)
core   0: 3 0x800000bc (0x0000006f)
core   0: 3 0x800000bc (0x0000006f)
core   0: 3 0x800000bc (0x0000006f)
core   0: 3 0x800000bc (0x0000006f)
core   0: 3 0x800000bc (0x0000006f)
core   0: 3 0x800000bc (0x0000006f)
core   0: 3 0x800000bc (0x0000006f)
core   0: 3 0x800000bc (0x0000006f)
core   0: 3 0x800000bc (0x0000006f)
core   0: 3 0x800000bc (0x0000006f)
core   0: 3 0x800000bc (0x0000006f)
core   0: 3 0x800000bc (0x0000006f)
core   0: 3 0x800000bc (0x0000006f)
core   0: 3 0x800000bc (0x0000006f)
core   0: 3 0x800000bc (0x0000006f)
core   0: 3 0x800000bc (0x0000006f)
core   0: 3 0x800000bc (0x0000006f)
core   0: 3 0x800000bc (0x0000006f)
core   0: 3 0x800000bc (0x0000006f)
core   0: 3 0x800000bc (0x0000006f)
core   0: 3 0x800000bc (0x0000006f)
core   0: 3 0x800000bc (0x0000006f)
core   0: 3 0x800000bc (0x0000006f)
core   0: 3 0x800000bc (0x0000006f)
core   0: 3 0x800000bc (0x0000006f)
core   0: 3 0x800000bc (0x0000006f)
core   0: 3 0x800000bc (0x0000006f)
core   0: 3 0x800000bc (0x0000006f)
core   0: 3 0x800000bc (0x0000006f)
core   0: 3 0x800000bc (0x0000006f)
core   0: 3 0x800000bc (0x0000006f)
core   0: 3 0x800000bc (0x0000006f)
core   0: 3 0x800000bc (0x0000006f)
core   0: 3 0x800000bc (0x0000006f)
core   0: 3 0x800000bc (0x0000006f)
core   0: 3 0x800000bc (0x0000006f)
core   0: 3 0x800000bc (0x0000006f)
core   0: 3 0x800000bc (0x0000006f)
core   0: 3 0x800000bc (0x0000006f)
core   0: 3 0x800000bc (0x0000006f)
core   0: 3 0x800000bc (0x0000006f)
core   0: 3 0x800000bc (0x0000006f)
core   0: 3 0x800000bc (0x0000006f)
core   0: 3 0x800000bc (0x0000006f)
core   0: 3 0x800000bc (0x0000006f)
core   0: 3 0x800000bc (0x0000006f)
core   0: 3 0x800000bc (0x0000006f)
core   0: 3 0x800000bc (0x0000006f)
core   0: 3 0x800000bc (0x0000006f)
core   0: 3 0x800000bc (0x0000006f)
core   0: 3 0x800000bc (0x0000006f)
core   0: 3 0x800000bc (0x0000006f)
core   0: 3 0x800000bc (0x0000006f)
core   0: 3 0x800000bc (0x0000006f)
core   0: 3 0x800000bc (0x0000006f)
core   0: 3 0x800000bc (0x0000006f)
core   0: 3 0x800000bc (0x0000006f)
core   0: 3 0x800000bc (0x0000006f)
core   0: 3 0x800000bc (0x0000006f)
core   0: 3 0x800000bc (0x0000006f)
core   0: 3 0x800000bc (0x0000006f)
core   0: 3 0x800000bc (0x0000006f)
core   0: 3 0x800000bc (0x0000006f)
core   0: 3 0x800000bc (0x0000006f)
core   0: 3 0x800000bc (0x0000006f)
core   0: 3 0x800000bc (0x0000006f)
core   0: 3 0x800000bc (0x0000006f)
core   0: 3 0x800000bc (0x0000006f)
core   0: 3 0x800000bc (0x0000006f)
core   0: 3 0x800000bc (0x0000006f)
core   0: 3 0x800000bc (0x0000006f)
core   0: 3 0x800000bc (0x0000006f)
core   0: 3 0x800000bc (0x0000006f)
core   0: 3 0x800000bc (0x0000006f)
core   0: 3 0x800000bc (0x0000006f)
core   0: 3 0x800000bc (0x0000006f)
core   0: 3 0x800000bc (0x0000006f)
core   0: 3 0x800000bc (0x0000006f)
core   0: 3 0x800000bc (0x0000006f)
core   0: 3 0x800000bc (0x0000006f)
core   0: 3 0x800000bc (0x0000006f)
core   0: 3 0x800000bc (0x0000006f)
core   0: 3 0x800000bc (0x0000006f)
core   0: 3 0x800000bc (0x0000006f)
core   0: 3 0x800000bc (0x0000006f)
core   0: 3 0x800000bc (0x0000006f)
core   0: 3 0x800000bc (0x0000006f)
core   0: 3 0x800000bc (0x0000006f)
core   0: 3 0x800000bc (0x0000006f)
core   0: 3 0x800000bc (0x0000006f)
core   0: 3 0x800000bc (0x0000006f)
core   0: 3 0x800000bc (0x0000006f)
core   0: 3 0x800000bc (0x0000006f)
core   0: 3 0x800000bc (0x0000006f)
core   0: 3 0x800000bc (0x0000006f)
core   0: 3 0x800000bc (0x0000006f)
core   0: 3 0x800000bc (0x0000006f)
core   0: 3 0x800000bc (0x0000006f)
core   0: 3 0x800000bc (0x0000006f)
core   0: 3 0x800000bc (0x0000006f)
core   0: 3 0x800000bc (0x0000006f)
core   0: 3 0x800000bc (0x0000006f)
core   0: 3 0x800000bc (0x0000006f)
core   0: 3 0x800000bc (0x0000006f)
core   0: 3 0x800000bc (0x0000006f)
core   0: 3 0x800000bc (0x0000006f)
core   0: 3 0x800000bc (0x0000006f)
core   0: 3 0x800000bc (0x0000006f)
core   0: 3 0x800000bc (0x0000006f)
core   0: 3 0x800000bc (0x0000006f)
core   0: 3 0x800000bc (0x0000006f)
core   0: 3 0x800000bc (0x0000006f)
core   0: 3 0x800000bc (0x0000006f)
core   0: 3 0x800000bc (0x0000006f)
core   0: 3 0x800000bc (0x0000006f)
core   0: 3 0x800000bc (0x0000006f)
core   0: 3 0x800000bc (0x0000006f)
core   0: 3 0x800000bc (0x0000006f)
core   0: 3 0x800000bc (0x0000006f)
core   0: 3 0x800000bc (0x0000006f)
core   0: 3 0x800000bc (0x0000006f)
core   0: 3 0x800000bc (0x0000006f)
core   0: 3 0x800000bc (0x0000006f)
core   0: 3 0x800000bc (0x0000006f)
core   0: 3 0x800000bc (0x0000006f)
core   0: 3 0x800000bc (0x0000006f)
core   0: 3 0x800000bc (0x0000006f)
core   0: 3 0x800000bc (0x0000006f)
core   0: 3 0x800000bc (0x0000006f)
core   0: 3 0x800000bc (0x0000006f)
core   0: 3 0x800000bc (0x0000006f)
core   0: 3 0x800000bc (0x0000006f)
core   0: 3 0x800000bc (0x0000006f)
core   0: 3 0x800000bc (0x0000006f)
core   0: 3 0x800000bc (0x0000006f)
core   0: 3 0x800000bc (0x0000006f)
core   0: 3 0x800000bc (0x0000006f)
core   0: 3 0x800000bc (0x0000006f)
core   0: 3 0x800000bc (0x0000006f)
core   0: 3 0x800000bc (0x0000006f)
core   0: 3 0x800000bc (0x0000006f)
core   0: 3 0x800000bc (0x0000006f)
core   0: 3 0x800000bc (0x0000006f)
core   0: 3 0x800000bc (0x0000006f)
core   0: 3 0x800000bc (0x0000006f)
core   0: 3 0x800000bc (0x0000006f)
core   0: 3 0x800000bc (0x0000006f)
core   0: 3 0x800000bc (0x0000006f)
core   0: 3 0x800000bc (0x0000006f)
core   0: 3 0x800000bc (0x0000006f)
core   0: 3 0x800000bc (0x0000006f)
core   0: 3 0x800000bc (0x0000006f)
core   0: 3 0x800000bc (0x0000006f)
core   0: 3 0x800000bc (0x0000006f)
core   0: 3 0x800000bc (0x0000006f)
core   0: 3 0x800000bc (0x0000006f)
core   0: 3 0x800000bc (0x0000006f)
core   0: 3 0x800000bc (0x0000006f)
core   0: 3 0x800000bc (0x0000006f)
core   0: 3 0x800000bc (0x0000006f)
core   0: 3 0x800000bc (0x0000006f)
core   0: 3 0x800000bc (0x0000006f)
core   0: 3 0x800000bc (0x0000006f)
core   0: 3 0x800000bc (0x0000006f)
core   0: 3 0x800000bc (0x0000006f)
core   0: 3 0x800000bc (0x0000006f)
core   0: 3 0x800000bc (0x0000006f)
core   0: 3 0x800000bc (0x0000006f)
core   0: 3 0x800000bc (0x0000006f)
core   0: 3 0x800000bc (0x0000006f)
core   0: 3 0x800000bc (0x0000006f)
core   0: 3 0x800000bc (0x0000006f)
core   0: 3 0x800000bc (0x0000006f)
core   0: 3 0x800000bc (0x0000006f)
core   0: 3 0x800000bc (0x0000006f)
core   0: 3 0x800000bc (0x0000006f)
core   0: 3 0x800000bc (0x0000006f)
core   0: 3 0x800000bc (0x0000006f)
core   0: 3 0x800000bc (0x0000006f)
core   0: 3 0x800000bc (0x0000006f)
core   0: 3 0x800000bc (0x0000006f)
core   0: 3 0x800000bc (0x0000006f)
core   0: 3 0x800000bc (0x0000006f)
core   0: 3 0x800000bc (0x0000006f)
core   0: 3 0x800000bc (0x0000006f)
core   0: 3 0x800000bc (0x0000006f)
core   0: 3 0x800000bc (0x0000006f)
core   0: 3 0x800000bc (0x0000006f)
core   0: 3 0x800000bc (0x0000006f)
core   0: 3 0x800000bc (0x0000006f)
core   0: 3 0x800000bc (0x0000006f)
core   0: 3 0x800000bc (0x0000006f)
core   0: 3 0x800000bc (0x0000006f)
core   0: 3 0x800000bc (0x0000006f)
core   0: 3 0x800000bc (0x0000006f)
core   0: 3 0x800000bc (0x0000006f)
core   0: 3 0x800000bc (0x0000006f)
core   0: 3 0x800000bc (0x0000006f)
core   0: 3 0x800000bc (0x0000006f)
core   0: 3 0x800000bc (0x0000006f)
core   0: 3 0x800000bc (0x0000006f)
core   0: 3 0x800000bc (0x0000006f)
core   0: 3 0x800000bc (0x0000006f)
core   0: 3 0x800000bc (0x0000006f)
core   0: 3 0x800000bc (0x0000006f)
core   0: 3 0x800000bc (0x0000006f)
core   0: 3 0x800000bc (0x0000006f)
core   0: 3 0x800000bc (0x0000006f)
core   0: 3 0x800000bc (0x0000006f)
core   0: 3 0x800000bc (0x0000006f)
core   0: 3 0x800000bc (0x0000006f)
core   0: 3 0x800000bc (0x0000006f)
core   0: 3 0x800000bc (0x0000006f)
core   0: 3 0x800000bc (0x0000006f)
core   0: 3 0x800000bc (0x0000006f)
core   0: 3 0x800000bc (0x0000006f)
core   0: 3 0x800000bc (0x0000006f)
core   0: 3 0x800000bc (0x0000006f)
core   0: 3 0x800000bc (0x0000006f)
core   0: 3 0x800000bc (0x0000006f)
core   0: 3 0x800000bc (0x0000006f)
core   0: 3 0x800000bc (0x0000006f)
core   0: 3 0x800000bc (0x0000006f)
core   0: 3 0x800000bc (0x0000006f)
core   0: 3 0x800000bc (0x0000006f)
core   0: 3 0x800000bc (0x0000006f)
core   0: 3 0x800000bc (0x0000006f)
core   0: 3 0x800000bc (0x0000006f)
core   0: 3 0x800000bc (0x0000006f)
core   0: 3 0x800000bc (0x0000006f)
core   0: 3 0x800000bc (0x0000006f)
core   0: 3 0x800000bc (0x0000006f)
core   0: 3 0x800000bc (0x0000006f)
core   0: 3 0x800000bc (0x0000006f)
core   0: 3 0x800000bc (0x0000006f)
core   0: 3 0x800000bc (0x0000006f)
core   0: 3 0x800000bc (0x0000006f)
core   0: 3 0x800000bc (0x0000006f)
core   0: 3 0x800000bc (0x0000006f)
core   0: 3 0x800000bc (0x0000006f)
core   0: 3 0x800000bc (0x0000006f)
core   0: 3 0x800000bc (0x0000006f)
core   0: 3 0x800000bc (0x0000006f)
core   0: 3 0x800000bc (0x0000006f)
core   0: 3 0x800000bc (0x0000006f)
core   0: 3 0x800000bc (0x0000006f)
core   0: 3 0x800000bc (0x0000006f)
core   0: 3 0x800000bc (0x0000006f)
core   0: 3 0x800000bc (0x0000006f)
core   0: 3 0x800000bc (0x0000006f)
core   0: 3 0x800000bc (0x0000006f)
core   0: 3 0x800000bc (0x0000006f)
core   0: 3 0x800000bc (0x0000006f)
core   0: 3 0x800000bc (0x0000006f)
core   0: 3 0x800000bc (0x0000006f)
core   0: 3 0x800000bc (0x0000006f)
core   0: 3 0x800000bc (0x0000006f)
core   0: 3 0x800000bc (0x0000006f)
core   0: 3 0x800000bc (0x0000006f)
core   0: 3 0x800000bc (0x0000006f)
core   0: 3 0x800000bc (0x0000006f)
core   0: 3 0x800000bc (0x0000006f)
core   0: 3 0x800000bc (0x0000006f)
core   0: 3 0x800000bc (0x0000006f)
core   0: 3 0x800000bc (0x0000006f)
core   0: 3 0x800000bc (0x0000006f)
core   0: 3 0x800000bc (0x0000006f)
core   0: 3 0x800000bc (0x0000006f)
core   0: 3 0x800000bc (0x0000006f)
core   0: 3 0x800000bc (0x0000006f)
core   0: 3 0x800000bc (0x0000006f)
core   0: 3 0x800000bc (0x0000006f)
core   0: 3 0x800000bc (0x0000006f)
core   0: 3 0x800000bc (0x0000006f)
core   0: 3 0x800000bc (0x0000006f)
core   0: 3 0x800000bc (0x0000006f)
core   0: 3 0x800000bc (0x0000006f)
core   0: 3 0x800000bc (0x0000006f)
core   0: 3 0x800000bc (0x0000006f)
core   0: 3 0x800000bc (0x0000006f)
core   0: 3 0x800000bc (0x0000006f)
core   0: 3 0x800000bc (0x0000006f)
core   0: 3 0x800000bc (0x0000006f)
core   0: 3 0x800000bc (0x0000006f)
core   0: 3 0x800000bc (0x0000006f)
core   0: 3 0x800000bc (0x0000006f)
core   0: 3 0x800000bc (0x0000006f)
core   0: 3 0x800000bc (0x0000006f)
core   0: 3 0x800000bc (0x0000006f)
core   0: 3 0x800000bc (0x0000006f)
core   0: 3 0x800000bc (0x0000006f)
core   0: 3 0x800000bc (0x0000006f)
core   0: 3 0x800000bc (0x0000006f)
core   0: 3 0x800000bc (0x0000006f)
core   0: 3 0x800000bc (0x0000006f)
core   0: 3 0x800000bc (0x0000006f)
core   0: 3 0x800000bc (0x0000006f)
core   0: 3 0x800000bc (0x0000006f)
core   0: 3 0x800000bc (0x0000006f)
core   0: 3 0x800000bc (0x0000006f)
core   0: 3 0x800000bc (0x0000006f)
core   0: 3 0x800000bc (0x0000006f)
core   0: 3 0x800000bc (0x0000006f)
core   0: 3 0x800000bc (0x0000006f)
core   0: 3 0x800000bc (0x0000006f)
core   0: 3 0x800000bc (0x0000006f)
core   0: 3 0x800000bc (0x0000006f)
core   0: 3 0x800000bc (0x0000006f)
core   0: 3 0x800000bc (0x0000006f)
core   0: 3 0x800000bc (0x0000006f)
core   0: 3 0x800000bc (0x0000006f)
core   0: 3 0x800000bc (0x0000006f)
core   0: 3 0x800000bc (0x0000006f)
core   0: 3 0x800000bc (0x0000006f)
core   0: 3 0x800000bc (0x0000006f)
core   0: 3 0x800000bc (0x0000006f)
core   0: 3 0x800000bc (0x0000006f)
core   0: 3 0x800000bc (0x0000006f)
core   0: 3 0x800000bc (0x0000006f)
core   0: 3 0x800000bc (0x0000006f)
core   0: 3 0x800000bc (0x0000006f)
core   0: 3 0x800000bc (0x0000006f)
core   0: 3 0x800000bc (0x0000006f)
core   0: 3 0x800000bc (0x0000006f)
core   0: 3 0x800000bc (0x0000006f)
core   0: 3 0x800000bc (0x0000006f)
core   0: 3 0x800000bc (0x0000006f)
core   0: 3 0x800000bc (0x0000006f)
core   0: 3 0x800000bc (0x0000006f)
core   0: 3 0x800000bc (0x0000006f)
core   0: 3 0x800000bc (0x0000006f)
core   0: 3 0x800000bc (0x0000006f)
core   0: 3 0x800000bc (0x0000006f)
core   0: 3 0x800000bc (0x0000006f)
core   0: 3 0x800000bc (0x0000006f)
core   0: 3 0x800000bc (0x0000006f)
core   0: 3 0x800000bc (0x0000006f)
core   0: 3 0x800000bc (0x0000006f)
core   0: 3 0x800000bc (0x0000006f)
core   0: 3 0x800000bc (0x0000006f)
core   0: 3 0x800000bc (0x0000006f)
core   0: 3 0x800000bc (0x0000006f)
core   0: 3 0x800000bc (0x0000006f)
core   0: 3 0x800000bc (0x0000006f)
core   0: 3 0x800000bc (0x0000006f)
core   0: 3 0x800000bc (0x0000006f)
core   0: 3 0x800000bc (0x0000006f)
core   0: 3 0x800000bc (0x0000006f)
core   0: 3 0x800000bc (0x0000006f)
core   0: 3 0x800000bc (0x0000006f)
core   0: 3 0x800000bc (0x0000006f)
core   0: 3 0x800000bc (0x0000006f)
core   0: 3 0x800000bc (0x0000006f)
core   0: 3 0x800000bc (0x0000006f)
core   0: 3 0x800000bc (0x0000006f)
core   0: 3 0x800000bc (0x0000006f)
core   0: 3 0x800000bc (0x0000006f)
core   0: 3 0x800000bc (0x0000006f)
core   0: 3 0x800000bc (0x0000006f)
core   0: 3 0x800000bc (0x0000006f)
core   0: 3 0x800000bc (0x0000006f)
core   0: 3 0x800000bc (0x0000006f)
core   0: 3 0x800000bc (0x0000006f)
core   0: 3 0x800000bc (0x0000006f)
core   0: 3 0x800000bc (0x0000006f)
core   0: 3 0x800000bc (0x0000006f)
core   0: 3 0x800000bc (0x0000006f)
core   0: 3 0x800000bc (0x0000006f)
core   0: 3 0x800000bc (0x0000006f)
core   0: 3 0x800000bc (0x0000006f)
core   0: 3 0x800000bc (0x0000006f)
core   0: 3 0x800000bc (0x0000006f)
core   0: 3 0x800000bc (0x0000006f)
core   0: 3 0x800000bc (0x0000006f)
core   0: 3 0x800000bc (0x0000006f)
core   0: 3 0x800000bc (0x0000006f)
core   0: 3 0x800000bc (0x0000006f)
core   0: 3 0x800000bc (0x0000006f)
core   0: 3 0x800000bc (0x0000006f)
core   0: 3 0x800000bc (0x0000006f)
core   0: 3 0x800000bc (0x0000006f)
core   0: 3 0x800000bc (0x0000006f)
core   0: 3 0x800000bc (0x0000006f)
core   0: 3 0x800000bc (0x0000006f)
core   0: 3 0x800000bc (0x0000006f)
core   0: 3 0x800000bc (0x0000006f)
core   0: 3 0x800000bc (0x0000006f)
core   0: 3 0x800000bc (0x0000006f)
core   0: 3 0x800000bc (0x0000006f)
core   0: 3 0x800000bc (0x0000006f)
core   0: 3 0x800000bc (0x0000006f)
core   0: 3 0x800000bc (0x0000006f)
core   0: 3 0x800000bc (0x0000006f)
core   0: 3 0x800000bc (0x0000006f)
core   0: 3 0x800000bc (0x0000006f)
core   0: 3 0x800000bc (0x0000006f)
core   0: 3 0x800000bc (0x0000006f)
core   0: 3 0x800000bc (0x0000006f)
core   0: 3 0x800000bc (0x0000006f)
core   0: 3 0x800000bc (0x0000006f)
core   0: 3 0x800000bc (0x0000006f)
core   0: 3 0x800000bc (0x0000006f)
core   0: 3 0x800000bc (0x0000006f)
core   0: 3 0x800000bc (0x0000006f)
core   0: 3 0x800000bc (0x0000006f)
core   0: 3 0x800000bc (0x0000006f)
core   0: 3 0x800000bc (0x0000006f)
core   0: 3 0x800000bc (0x0000006f)
core   0: 3 0x800000bc (0x0000006f)
core   0: 3 0x800000bc (0x0000006f)
core   0: 3 0x800000bc (0x0000006f)
core   0: 3 0x800000bc (0x0000006f)
core   0: 3 0x800000bc (0x0000006f)
core   0: 3 0x800000bc (0x0000006f)
core   0: 3 0x800000bc (0x0000006f)
core   0: 3 0x800000bc (0x0000006f)
core   0: 3 0x800000bc (0x0000006f)
core   0: 3 0x800000bc (0x0000006f)
core   0: 3 0x800000bc (0x0000006f)
core   0: 3 0x800000bc (0x0000006f)
core   0: 3 0x800000bc (0x0000006f)
core   0: 3 0x800000bc (0x0000006f)
core   0: 3 0x800000bc (0x0000006f)
core   0: 3 0x800000bc (0x0000006f)
core   0: 3 0x800000bc (0x0000006f)
core   0: 3 0x800000bc (0x0000006f)
core   0: 3 0x800000bc (0x0000006f)
core   0: 3 0x800000bc (0x0000006f)
core   0: 3 0x800000bc (0x0000006f)
core   0: 3 0x800000bc (0x0000006f)
core   0: 3 0x800000bc (0x0000006f)
core   0: 3 0x800000bc (0x0000006f)
core   0: 3 0x800000bc (0x0000006f)
core   0: 3 0x800000bc (0x0000006f)
core   0: 3 0x800000bc (0x0000006f)
core   0: 3 0x800000bc (0x0000006f)
core   0: 3 0x800000bc (0x0000006f)
core   0: 3 0x800000bc (0x0000006f)
core   0: 3 0x800000bc (0x0000006f)
core   0: 3 0x800000bc (0x0000006f)
core   0: 3 0x800000bc (0x0000006f)
core   0: 3 0x800000bc (0x0000006f)
core   0: 3 0x800000bc (0x0000006f)
core   0: 3 0x800000bc (0x0000006f)
core   0: 3 0x800000bc (0x0000006f)
core   0: 3 0x800000bc (0x0000006f)
core   0: 3 0x800000bc (0x0000006f)
core   0: 3 0x800000bc (0x0000006f)
core   0: 3 0x800000bc (0x0000006f)
core   0: 3 0x800000bc (0x0000006f)
core   0: 3 0x800000bc (0x0000006f)
core   0: 3 0x800000bc (0x0000006f)
core   0: 3 0x800000bc (0x0000006f)
core   0: 3 0x800000bc (0x0000006f)
core   0: 3 0x800000bc (0x0000006f)
core   0: 3 0x800000bc (0x0000006f)
core   0: 3 0x800000bc (0x0000006f)
core   0: 3 0x800000bc (0x0000006f)
core   0: 3 0x800000bc (0x0000006f)
core   0: 3 0x800000bc (0x0000006f)
core   0: 3 0x800000bc (0x0000006f)
core   0: 3 0x800000bc (0x0000006f)
core   0: 3 0x800000bc (0x0000006f)
core   0: 3 0x800000bc (0x0000006f)
core   0: 3 0x800000bc (0x0000006f)
core   0: 3 0x800000bc (0x0000006f)
core   0: 3 0x800000bc (0x0000006f)
core   0: 3 0x800000bc (0x0000006f)
core   0: 3 0x800000bc (0x0000006f)
core   0: 3 0x800000bc (0x0000006f)
core   0: 3 0x800000bc (0x0000006f)
core   0: 3 0x800000bc (0x0000006f)
core   0: 3 0x800000bc (0x0000006f)
core   0: 3 0x800000bc (0x0000006f)
core   0: 3 0x800000bc (0x0000006f)
core   0: 3 0x800000bc (0x0000006f)
core   0: 3 0x800000bc (0x0000006f)
core   0: 3 0x800000bc (0x0000006f)
core   0: 3 0x800000bc (0x0000006f)
core   0: 3 0x800000bc (0x0000006f)
core   0: 3 0x800000bc (0x0000006f)
core   0: 3 0x800000bc (0x0000006f)
core   0: 3 0x800000bc (0x0000006f)
core   0: 3 0x800000bc (0x0000006f)
core   0: 3 0x800000bc (0x0000006f)
core   0: 3 0x800000bc (0x0000006f)
core   0: 3 0x800000bc (0x0000006f)
core   0: 3 0x800000bc (0x0000006f)
core   0: 3 0x800000bc (0x0000006f)
core   0: 3 0x800000bc (0x0000006f)
core   0: 3 0x800000bc (0x0000006f)
core   0: 3 0x800000bc (0x0000006f)
core   0: 3 0x800000bc (0x0000006f)
core   0: 3 0x800000bc (0x0000006f)
core   0: 3 0x800000bc (0x0000006f)
core   0: 3 0x800000bc (0x0000006f)
core   0: 3 0x800000bc (0x0000006f)
core   0: 3 0x800000bc (0x0000006f)
core   0: 3 0x800000bc (0x0000006f)
core   0: 3 0x800000bc (0x0000006f)
core   0: 3 0x800000bc (0x0000006f)
core   0: 3 0x800000bc (0x0000006f)
core   0: 3 0x800000bc (0x0000006f)
core   0: 3 0x800000bc (0x0000006f)
core   0: 3 0x800000bc (0x0000006f)
core   0: 3 0x800000bc (0x0000006f)
core   0: 3 0x800000bc (0x0000006f)
core   0: 3 0x800000bc (0x0000006f)
core   0: 3 0x800000bc (0x0000006f)
core   0: 3 0x800000bc (0x0000006f)
core   0: 3 0x800000bc (0x0000006f)
core   0: 3 0x800000bc (0x0000006f)
core   0: 3 0x800000bc (0x0000006f)
core   0: 3 0x800000bc (0x0000006f)
core   0: 3 0x800000bc (0x0000006f)
core   0: 3 0x800000bc (0x0000006f)
core   0: 3 0x800000bc (0x0000006f)
core   0: 3 0x800000bc (0x0000006f)
core   0: 3 0x800000bc (0x0000006f)
core   0: 3 0x800000bc (0x0000006f)
core   0: 3 0x800000bc (0x0000006f)
core   0: 3 0x800000bc (0x0000006f)
core   0: 3 0x800000bc (0x0000006f)
core   0: 3 0x800000bc (0x0000006f)
core   0: 3 0x800000bc (0x0000006f)
core   0: 3 0x800000bc (0x0000006f)
core   0: 3 0x800000bc (0x0000006f)
core   0: 3 0x800000bc (0x0000006f)
core   0: 3 0x800000bc (0x0000006f)
core   0: 3 0x800000bc (0x0000006f)
core   0: 3 0x800000bc (0x0000006f)
core   0: 3 0x800000bc (0x0000006f)
core   0: 3 0x800000bc (0x0000006f)
core   0: 3 0x800000bc (0x0000006f)
core   0: 3 0x800000bc (0x0000006f)
core   0: 3 0x800000bc (0x0000006f)
core   0: 3 0x800000bc (0x0000006f)
core   0: 3 0x800000bc (0x0000006f)
core   0: 3 0x800000bc (0x0000006f)
core   0: 3 0x800000bc (0x0000006f)
core   0: 3 0x800000bc (0x0000006f)
core   0: 3 0x800000bc (0x0000006f)
core   0: 3 0x800000bc (0x0000006f)
core   0: 3 0x800000bc (0x0000006f)
core   0: 3 0x800000bc (0x0000006f)
core   0: 3 0x800000bc (0x0000006f)
core   0: 3 0x800000bc (0x0000006f)
core   0: 3 0x800000bc (0x0000006f)
core   0: 3 0x800000bc (0x0000006f)
core   0: 3 0x800000bc (0x0000006f)
core   0: 3 0x800000bc (0x0000006f)
core   0: 3 0x800000bc (0x0000006f)
core   0: 3 0x800000bc (0x0000006f)
core   0: 3 0x800000bc (0x0000006f)
core   0: 3 0x800000bc (0x0000006f)
core   0: 3 0x800000bc (0x0000006f)
core   0: 3 0x800000bc (0x0000006f)
core   0: 3 0x800000bc (0x0000006f)
core   0: 3 0x800000bc (0x0000006f)
core   0: 3 0x800000bc (0x0000006f)
core   0: 3 0x800000bc (0x0000006f)
core   0: 3 0x800000bc (0x0000006f)
core   0: 3 0x800000bc (0x0000006f)
core   0: 3 0x800000bc (0x0000006f)
core   0: 3 0x800000bc (0x0000006f)
core   0: 3 0x800000bc (0x0000006f)
core   0: 3 0x800000bc (0x0000006f)
core   0: 3 0x800000bc (0x0000006f)
core   0: 3 0x800000bc (0x0000006f)
core   0: 3 0x800000bc (0x0000006f)
core   0: 3 0x800000bc (0x0000006f)
core   0: 3 0x800000bc (0x0000006f)
core   0: 3 0x800000bc (0x0000006f)
core   0: 3 0x800000bc (0x0000006f)
core   0: 3 0x800000bc (0x0000006f)
core   0: 3 0x800000bc (0x0000006f)
core   0: 3 0x800000bc (0x0000006f)
core   0: 3 0x800000bc (0x0000006f)
core   0: 3 0x800000bc (0x0000006f)
core   0: 3 0x800000bc (0x0000006f)
core   0: 3 0x800000bc (0x0000006f)
core   0: 3 0x800000bc (0x0000006f)
core   0: 3 0x800000bc (0x0000006f)
core   0: 3 0x800000bc (0x0000006f)
core   0: 3 0x800000bc (0x0000006f)
core   0: 3 0x800000bc (0x0000006f)
core   0: 3 0x800000bc (0x0000006f)
core   0: 3 0x800000bc (0x0000006f)
core   0: 3 0x800000bc (0x0000006f)
core   0: 3 0x800000bc (0x0000006f)
core   0: 3 0x800000bc (0x0000006f)
core   0: 3 0x800000bc (0x0000006f)
core   0: 3 0x800000bc (0x0000006f)
core   0: 3 0x800000bc (0x0000006f)
core   0: 3 0x800000bc (0x0000006f)
core   0: 3 0x800000bc (0x0000006f)
core   0: 3 0x800000bc (0x0000006f)
core   0: 3 0x800000bc (0x0000006f)
core   0: 3 0x800000bc (0x0000006f)
core   0: 3 0x800000bc (0x0000006f)
core   0: 3 0x800000bc (0x0000006f)
core   0: 3 0x800000bc (0x0000006f)
core   0: 3 0x800000bc (0x0000006f)
core   0: 3 0x800000bc (0x0000006f)
core   0: 3 0x800000bc (0x0000006f)
core   0: 3 0x800000bc (0x0000006f)
core   0: 3 0x800000bc (0x0000006f)
core   0: 3 0x800000bc (0x0000006f)
core   0: 3 0x800000bc (0x0000006f)
core   0: 3 0x800000bc (0x0000006f)
core   0: 3 0x800000bc (0x0000006f)
core   0: 3 0x800000bc (0x0000006f)
core   0: 3 0x800000bc (0x0000006f)
core   0: 3 0x800000bc (0x0000006f)
core   0: 3 0x800000bc (0x0000006f)
core   0: 3 0x800000bc (0x0000006f)
core   0: 3 0x800000bc (0x0000006f)
core   0: 3 0x800000bc (0x0000006f)
core   0: 3 0x800000bc (0x0000006f)
core   0: 3 0x800000bc (0x0000006f)
core   0: 3 0x800000bc (0x0000006f)
core   0: 3 0x800000bc (0x0000006f)
core   0: 3 0x800000bc (0x0000006f)
core   0: 3 0x800000bc (0x0000006f)
core   0: 3 0x800000bc (0x0000006f)
core   0: 3 0x800000bc (0x0000006f)
core   0: 3 0x800000bc (0x0000006f)
core   0: 3 0x800000bc (0x0000006f)
core   0: 3 0x800000bc (0x0000006f)
core   0: 3 0x800000bc (0x0000006f)
core   0: 3 0x800000bc (0x0000006f)
core   0: 3 0x800000bc (0x0000006f)
core   0: 3 0x800000bc (0x0000006f)
core   0: 3 0x800000bc (0x0000006f)
core   0: 3 0x800000bc (0x0000006f)
core   0: 3 0x800000bc (0x0000006f)
core   0: 3 0x800000bc (0x0000006f)
core   0: 3 0x800000bc (0x0000006f)
core   0: 3 0x800000bc (0x0000006f)
core   0: 3 0x800000bc (0x0000006f)
core   0: 3 0x800000bc (0x0000006f)
core   0: 3 0x800000bc (0x0000006f)
core   0: 3 0x800000bc (0x0000006f)
core   0: 3 0x800000bc (0x0000006f)
core   0: 3 0x800000bc (0x0000006f)
core   0: 3 0x800000bc (0x0000006f)
core   0: 3 0x800000bc (0x0000006f)
core   0: 3 0x800000bc (0x0000006f)
core   0: 3 0x800000bc (0x0000006f)
core   0: 3 0x800000bc (0x0000006f)
core   0: 3 0x800000bc (0x0000006f)
core   0: 3 0x800000bc (0x0000006f)
core   0: 3 0x800000bc (0x0000006f)
core   0: 3 0x800000bc (0x0000006f)
core   0: 3 0x800000bc (0x0000006f)
core   0: 3 0x800000bc (0x0000006f)
core   0: 3 0x800000bc (0x0000006f)
core   0: 3 0x800000bc (0x0000006f)
core   0: 3 0x800000bc (0x0000006f)
core   0: 3 0x800000bc (0x0000006f)
core   0: 3 0x800000bc (0x0000006f)
core   0: 3 0x800000bc (0x0000006f)
core   0: 3 0x800000bc (0x0000006f)
core   0: 3 0x800000bc (0x0000006f)
core   0: 3 0x800000bc (0x0000006f)
core   0: 3 0x800000bc (0x0000006f)
core   0: 3 0x800000bc (0x0000006f)
core   0: 3 0x800000bc (0x0000006f)
core   0: 3 0x800000bc (0x0000006f)
core   0: 3 0x800000bc (0x0000006f)
core   0: 3 0x800000bc (0x0000006f)
core   0: 3 0x800000bc (0x0000006f)
core   0: 3 0x800000bc (0x0000006f)
core   0: 3 0x800000bc (0x0000006f)
core   0: 3 0x800000bc (0x0000006f)
core   0: 3 0x800000bc (0x0000006f)
core   0: 3 0x800000bc (0x0000006f)
core   0: 3 0x800000bc (0x0000006f)
core   0: 3 0x800000bc (0x0000006f)
core   0: 3 0x800000bc (0x0000006f)
core   0: 3 0x800000bc (0x0000006f)
core   0: 3 0x800000bc (0x0000006f)
core   0: 3 0x800000bc (0x0000006f)
core   0: 3 0x800000bc (0x0000006f)
core   0: 3 0x800000bc (0x0000006f)
core   0: 3 0x800000bc (0x0000006f)
core   0: 3 0x800000bc (0x0000006f)
core   0: 3 0x800000bc (0x0000006f)
core   0: 3 0x800000bc (0x0000006f)
core   0: 3 0x800000bc (0x0000006f)
core   0: 3 0x800000bc (0x0000006f)
core   0: 3 0x800000bc (0x0000006f)
core   0: 3 0x800000bc (0x0000006f)
core   0: 3 0x800000bc (0x0000006f)
core   0: 3 0x800000bc (0x0000006f)
core   0: 3 0x800000bc (0x0000006f)
core   0: 3 0x800000bc (0x0000006f)
core   0: 3 0x800000bc (0x0000006f)
core   0: 3 0x800000bc (0x0000006f)
core   0: 3 0x800000bc (0x0000006f)
core   0: 3 0x800000bc (0x0000006f)
core   0: 3 0x800000bc (0x0000006f)
core   0: 3 0x800000bc (0x0000006f)
core   0: 3 0x800000bc (0x0000006f)
core   0: 3 0x800000bc (0x0000006f)
core   0: 3 0x800000bc (0x0000006f)
core   0: 3 0x800000bc (0x0000006f)
core   0: 3 0x800000bc (0x0000006f)
core   0: 3 0x800000bc (0x0000006f)
core   0: 3 0x800000bc (0x0000006f)
core   0: 3 0x800000bc (0x0000006f)
core   0: 3 0x800000bc (0x0000006f)
core   0: 3 0x800000bc (0x0000006f)
core   0: 3 0x800000bc (0x0000006f)
core   0: 3 0x800000bc (0x0000006f)
core   0: 3 0x800000bc (0x0000006f)
core   0: 3 0x800000bc (0x0000006f)
core   0: 3 0x800000bc (0x0000006f)
core   0: 3 0x800000bc (0x0000006f)
core   0: 3 0x800000bc (0x0000006f)
core   0: 3 0x800000bc (0x0000006f)
core   0: 3 0x800000bc (0x0000006f)
core   0: 3 0x800000bc (0x0000006f)
core   0: 3 0x800000bc (0x0000006f)
core   0: 3 0x800000bc (0x0000006f)
core   0: 3 0x800000bc (0x0000006f)
core   0: 3 0x800000bc (0x0000006f)
core   0: 3 0x800000bc (0x0000006f)
core   0: 3 0x800000bc (0x0000006f)
core   0: 3 0x800000bc (0x0000006f)
core   0: 3 0x800000bc (0x0000006f)
core   0: 3 0x800000bc (0x0000006f)
core   0: 3 0x800000bc (0x0000006f)
core   0: 3 0x800000bc (0x0000006f)
core   0: 3 0x800000bc (0x0000006f)
core   0: 3 0x800000bc (0x0000006f)
core   0: 3 0x800000bc (0x0000006f)
core   0: 3 0x800000bc (0x0000006f)
core   0: 3 0x800000bc (0x0000006f)
core   0: 3 0x800000bc (0x0000006f)
core   0: 3 0x800000bc (0x0000006f)
core   0: 3 0x800000bc (0x0000006f)
core   0: 3 0x800000bc (0x0000006f)
core   0: 3 0x800000bc (0x0000006f)
core   0: 3 0x800000bc (0x0000006f)
core   0: 3 0x800000bc (0x0000006f)
core   0: 3 0x800000bc (0x0000006f)
core   0: 3 0x800000bc (0x0000006f)
core   0: 3 0x800000bc (0x0000006f)
core   0: 3 0x800000bc (0x0000006f)
core   0: 3 0x800000bc (0x0000006f)
core   0: 3 0x800000bc (0x0000006f)
core   0: 3 0x800000bc (0x0000006f)
core   0: 3 0x800000bc (0x0000006f)
core   0: 3 0x800000bc (0x0000006f)
core   0: 3 0x800000bc (0x0000006f)
core   0: 3 0x800000bc (0x0000006f)
core   0: 3 0x800000bc (0x0000006f)
core   0: 3 0x800000bc (0x0000006f)
core   0: 3 0x800000bc (0x0000006f)
core   0: 3 0x800000bc (0x0000006f)
core   0: 3 0x800000bc (0x0000006f)
core   0: 3 0x800000bc (0x0000006f)
core   0: 3 0x800000bc (0x0000006f)
core   0: 3 0x800000bc (0x0000006f)
core   0: 3 0x800000bc (0x0000006f)
core   0: 3 0x800000bc (0x0000006f)
core   0: 3 0x800000bc (0x0000006f)
core   0: 3 0x800000bc (0x0000006f)
core   0: 3 0x800000bc (0x0000006f)
core   0: 3 0x800000bc (0x0000006f)
core   0: 3 0x800000bc (0x0000006f)
core   0: 3 0x800000bc (0x0000006f)
core   0: 3 0x800000bc (0x0000006f)
core   0: 3 0x800000bc (0x0000006f)
core   0: 3 0x800000bc (0x0000006f)
core   0: 3 0x800000bc (0x0000006f)
core   0: 3 0x800000bc (0x0000006f)
core   0: 3 0x800000bc (0x0000006f)
core   0: 3 0x800000bc (0x0000006f)
core   0: 3 0x800000bc (0x0000006f)
core   0: 3 0x800000bc (0x0000006f)
core   0: 3 0x800000bc (0x0000006f)
core   0: 3 0x800000bc (0x0000006f)
core   0: 3 0x800000bc (0x0000006f)
core   0: 3 0x800000bc (0x0000006f)
core   0: 3 0x800000bc (0x0000006f)
core   0: 3 0x800000bc (0x0000006f)
core   0: 3 0x800000bc (0x0000006f)
core   0: 3 0x800000bc (0x0000006f)
core   0: 3 0x800000bc (0x0000006f)
core   0: 3 0x800000bc (0x0000006f)
core   0: 3 0x800000bc (0x0000006f)
core   0: 3 0x800000bc (0x0000006f)
core   0: 3 0x800000bc (0x0000006f)
core   0: 3 0x800000bc (0x0000006f)
core   0: 3 0x800000bc (0x0000006f)
core   0: 3 0x800000bc (0x0000006f)
core   0: 3 0x800000bc (0x0000006f)
core   0: 3 0x800000bc (0x0000006f)
core   0: 3 0x800000bc (0x0000006f)
core   0: 3 0x800000bc (0x0000006f)
core   0: 3 0x800000bc (0x0000006f)
core   0: 3 0x800000bc (0x0000006f)
core   0: 3 0x800000bc (0x0000006f)
core   0: 3 0x800000bc (0x0000006f)
core   0: 3 0x800000bc (0x0000006f)
core   0: 3 0x800000bc (0x0000006f)
core   0: 3 0x800000bc (0x0000006f)
core   0: 3 0x800000bc (0x0000006f)
core   0: 3 0x800000bc (0x0000006f)
core   0: 3 0x800000bc (0x0000006f)
core   0: 3 0x800000bc (0x0000006f)
core   0: 3 0x800000bc (0x0000006f)
core   0: 3 0x800000bc (0x0000006f)
core   0: 3 0x800000bc (0x0000006f)
core   0: 3 0x800000bc (0x0000006f)
core   0: 3 0x800000bc (0x0000006f)
core   0: 3 0x800000bc (0x0000006f)
core   0: 3 0x800000bc (0x0000006f)
core   0: 3 0x800000bc (0x0000006f)
core   0: 3 0x800000bc (0x0000006f)
core   0: 3 0x800000bc (0x0000006f)
core   0: 3 0x800000bc (0x0000006f)
core   0: 3 0x800000bc (0x0000006f)
core   0: 3 0x800000bc (0x0000006f)
core   0: 3 0x800000bc (0x0000006f)
core   0: 3 0x800000bc (0x0000006f)
core   0: 3 0x800000bc (0x0000006f)
core   0: 3 0x800000bc (0x0000006f)
core   0: 3 0x800000bc (0x0000006f)
core   0: 3 0x800000bc (0x0000006f)
core   0: 3 0x800000bc (0x0000006f)
core   0: 3 0x800000bc (0x0000006f)
core   0: 3 0x800000bc (0x0000006f)
core   0: 3 0x800000bc (0x0000006f)
core   0: 3 0x800000bc (0x0000006f)
core   0: 3 0x800000bc (0x0000006f)
core   0: 3 0x800000bc (0x0000006f)
core   0: 3 0x800000bc (0x0000006f)
core   0: 3 0x800000bc (0x0000006f)
core   0: 3 0x800000bc (0x0000006f)
core   0: 3 0x800000bc (0x0000006f)
core   0: 3 0x800000bc (0x0000006f)
core   0: 3 0x800000bc (0x0000006f)
core   0: 3 0x800000bc (0x0000006f)
core   0: 3 0x800000bc (0x0000006f)
core   0: 3 0x800000bc (0x0000006f)
core   0: 3 0x800000bc (0x0000006f)
core   0: 3 0x800000bc (0x0000006f)
core   0: 3 0x800000bc (0x0000006f)
core   0: 3 0x800000bc (0x0000006f)
core   0: 3 0x800000bc (0x0000006f)
core   0: 3 0x800000bc (0x0000006f)
core   0: 3 0x800000bc (0x0000006f)
core   0: 3 0x800000bc (0x0000006f)
core   0: 3 0x800000bc (0x0000006f)
core   0: 3 0x800000bc (0x0000006f)
core   0: 3 0x800000bc (0x0000006f)
core   0: 3 0x800000bc (0x0000006f)
core   0: 3 0x800000bc (0x0000006f)
core   0: 3 0x800000bc (0x0000006f)
core   0: 3 0x800000bc (0x0000006f)
core   0: 3 0x800000bc (0x0000006f)
core   0: 3 0x800000bc (0x0000006f)
core   0: 3 0x800000bc (0x0000006f)
core   0: 3 0x800000bc (0x0000006f)
core   0: 3 0x800000bc (0x0000006f)
core   0: 3 0x800000bc (0x0000006f)
core   0: 3 0x800000bc (0x0000006f)
core   0: 3 0x800000bc (0x0000006f)
core   0: 3 0x800000bc (0x0000006f)
core   0: 3 0x800000bc (0x0000006f)
core   0: 3 0x800000bc (0x0000006f)
core   0: 3 0x800000bc (0x0000006f)
core   0: 3 0x800000bc (0x0000006f)
core   0: 3 0x800000bc (0x0000006f)
core   0: 3 0x800000bc (0x0000006f)
core   0: 3 0x800000bc (0x0000006f)
core   0: 3 0x800000bc (0x0000006f)
core   0: 3 0x800000bc (0x0000006f)
core   0: 3 0x800000bc (0x0000006f)
core   0: 3 0x800000bc (0x0000006f)
core   0: 3 0x800000bc (0x0000006f)
core   0: 3 0x800000bc (0x0000006f)
core   0: 3 0x800000bc (0x0000006f)
core   0: 3 0x800000bc (0x0000006f)
core   0: 3 0x800000bc (0x0000006f)
core   0: 3 0x800000bc (0x0000006f)
core   0: 3 0x800000bc (0x0000006f)
core   0: 3 0x800000bc (0x0000006f)
core   0: 3 0x800000bc (0x0000006f)
core   0: 3 0x800000bc (0x0000006f)
core   0: 3 0x800000bc (0x0000006f)
core   0: 3 0x800000bc (0x0000006f)
core   0: 3 0x800000bc (0x0000006f)
core   0: 3 0x800000bc (0x0000006f)
core   0: 3 0x800000bc (0x0000006f)
core   0: 3 0x800000bc (0x0000006f)
core   0: 3 0x800000bc (0x0000006f)
core   0: 3 0x800000bc (0x0000006f)
core   0: 3 0x800000bc (0x0000006f)
core   0: 3 0x800000bc (0x0000006f)
core   0: 3 0x800000bc (0x0000006f)
core   0: 3 0x800000bc (0x0000006f)
core   0: 3 0x800000bc (0x0000006f)
core   0: 3 0x800000bc (0x0000006f)
core   0: 3 0x800000bc (0x0000006f)
core   0: 3 0x800000bc (0x0000006f)
core   0: 3 0x800000bc (0x0000006f)
core   0: 3 0x800000bc (0x0000006f)
core   0: 3 0x800000bc (0x0000006f)
core   0: 3 0x800000bc (0x0000006f)
core   0: 3 0x800000bc (0x0000006f)
core   0: 3 0x800000bc (0x0000006f)
core   0: 3 0x800000bc (0x0000006f)
core   0: 3 0x800000bc (0x0000006f)
core   0: 3 0x800000bc (0x0000006f)
core   0: 3 0x800000bc (0x0000006f)
core   0: 3 0x800000bc (0x0000006f)
core   0: 3 0x800000bc (0x0000006f)
core   0: 3 0x800000bc (0x0000006f)
core   0: 3 0x800000bc (0x0000006f)
core   0: 3 0x800000bc (0x0000006f)
core   0: 3 0x800000bc (0x0000006f)
core   0: 3 0x800000bc (0x0000006f)
core   0: 3 0x800000bc (0x0000006f)
core   0: 3 0x800000bc (0x0000006f)
core   0: 3 0x800000bc (0x0000006f)
core   0: 3 0x800000bc (0x0000006f)
core   0: 3 0x800000bc (0x0000006f)
core   0: 3 0x800000bc (0x0000006f)
core   0: 3 0x800000bc (0x0000006f)
core   0: 3 0x800000bc (0x0000006f)
core   0: 3 0x800000bc (0x0000006f)
core   0: 3 0x800000bc (0x0000006f)
core   0: 3 0x800000bc (0x0000006f)
core   0: 3 0x800000bc (0x0000006f)
core   0: 3 0x800000bc (0x0000006f)
core   0: 3 0x800000bc (0x0000006f)
core   0: 3 0x800000bc (0x0000006f)
core   0: 3 0x800000bc (0x0000006f)
core   0: 3 0x800000bc (0x0000006f)
core   0: 3 0x800000bc (0x0000006f)
core   0: 3 0x800000bc (0x0000006f)
core   0: 3 0x800000bc (0x0000006f)
core   0: 3 0x800000bc (0x0000006f)
core   0: 3 0x800000bc (0x0000006f)
core   0: 3 0x800000bc (0x0000006f)
core   0: 3 0x800000bc (0x0000006f)
core   0: 3 0x800000bc (0x0000006f)
core   0: 3 0x800000bc (0x0000006f)
core   0: 3 0x800000bc (0x0000006f)
core   0: 3 0x800000bc (0x0000006f)
core   0: 3 0x800000bc (0x0000006f)
core   0: 3 0x800000bc (0x0000006f)
core   0: 3 0x800000bc (0x0000006f)
core   0: 3 0x800000bc (0x0000006f)
core   0: 3 0x800000bc (0x0000006f)
core   0: 3 0x800000bc (0x0000006f)
core   0: 3 0x800000bc (0x0000006f)
core   0: 3 0x800000bc (0x0000006f)
core   0: 3 0x800000bc (0x0000006f)
core   0: 3 0x800000bc (0x0000006f)
core   0: 3 0x800000bc (0x0000006f)
core   0: 3 0x800000bc (0x0000006f)
core   0: 3 0x800000bc (0x0000006f)
core   0: 3 0x800000bc (0x0000006f)
core   0: 3 0x800000bc (0x0000006f)
core   0: 3 0x800000bc (0x0000006f)
core   0: 3 0x800000bc (0x0000006f)
core   0: 3 0x800000bc (0x0000006f)
core   0: 3 0x800000bc (0x0000006f)
core   0: 3 0x800000bc (0x0000006f)
core   0: 3 0x800000bc (0x0000006f)
core   0: 3 0x800000bc (0x0000006f)
core   0: 3 0x800000bc (0x0000006f)
core   0: 3 0x800000bc (0x0000006f)
core   0: 3 0x800000bc (0x0000006f)
core   0: 3 0x800000bc (0x0000006f)
core   0: 3 0x800000bc (0x0000006f)
core   0: 3 0x800000bc (0x0000006f)
core   0: 3 0x800000bc (0x0000006f)
core   0: 3 0x800000bc (0x0000006f)
core   0: 3 0x800000bc (0x0000006f)
core   0: 3 0x800000bc (0x0000006f)
core   0: 3 0x800000bc (0x0000006f)
core   0: 3 0x800000bc (0x0000006f)
core   0: 3 0x800000bc (0x0000006f)
core   0: 3 0x800000bc (0x0000006f)
core   0: 3 0x800000bc (0x0000006f)
core   0: 3 0x800000bc (0x0000006f)
core   0: 3 0x800000bc (0x0000006f)
core   0: 3 0x800000bc (0x0000006f)
core   0: 3 0x800000bc (0x0000006f)
core   0: 3 0x800000bc (0x0000006f)
core   0: 3 0x800000bc (0x0000006f)
core   0: 3 0x800000bc (0x0000006f)
core   0: 3 0x800000bc (0x0000006f)
core   0: 3 0x800000bc (0x0000006f)
core   0: 3 0x800000bc (0x0000006f)
core   0: 3 0x800000bc (0x0000006f)
core   0: 3 0x800000bc (0x0000006f)
core   0: 3 0x800000bc (0x0000006f)
core   0: 3 0x800000bc (0x0000006f)
core   0: 3 0x800000bc (0x0000006f)
core   0: 3 0x800000bc (0x0000006f)
core   0: 3 0x800000bc (0x0000006f)
core   0: 3 0x800000bc (0x0000006f)
core   0: 3 0x800000bc (0x0000006f)
core   0: 3 0x800000bc (0x0000006f)
core   0: 3 0x800000bc (0x0000006f)
core   0: 3 0x800000bc (0x0000006f)
core   0: 3 0x800000bc (0x0000006f)
core   0: 3 0x800000bc (0x0000006f)
core   0: 3 0x800000bc (0x0000006f)
core   0: 3 0x800000bc (0x0000006f)
core   0: 3 0x800000bc (0x0000006f)
core   0: 3 0x800000bc (0x0000006f)
core   0: 3 0x800000bc (0x0000006f)
core   0: 3 0x800000bc (0x0000006f)
core   0: 3 0x800000bc (0x0000006f)
core   0: 3 0x800000bc (0x0000006f)
core   0: 3 0x800000bc (0x0000006f)
core   0: 3 0x800000bc (0x0000006f)
core   0: 3 0x800000bc (0x0000006f)
core   0: 3 0x800000bc (0x0000006f)
core   0: 3 0x800000bc (0x0000006f)
core   0: 3 0x800000bc (0x0000006f)
core   0: 3 0x800000bc (0x0000006f)
core   0: 3 0x800000bc (0x0000006f)
core   0: 3 0x800000bc (0x0000006f)
core   0: 3 0x800000bc (0x0000006f)
core   0: 3 0x800000bc (0x0000006f)
core   0: 3 0x800000bc (0x0000006f)
core   0: 3 0x800000bc (0x0000006f)
core   0: 3 0x800000bc (0x0000006f)
core   0: 3 0x800000bc (0x0000006f)
core   0: 3 0x800000bc (0x0000006f)
core   0: 3 0x800000bc (0x0000006f)
core   0: 3 0x800000bc (0x0000006f)
core   0: 3 0x800000bc (0x0000006f)
core   0: 3 0x800000bc (0x0000006f)
core   0: 3 0x800000bc (0x0000006f)
core   0: 3 0x800000bc (0x0000006f)
core   0: 3 0x800000bc (0x0000006f)
core   0: 3 0x800000bc (0x0000006f)
core   0: 3 0x800000bc (0x0000006f)
core   0: 3 0x800000bc (0x0000006f)
core   0: 3 0x800000bc (0x0000006f)
core   0: 3 0x800000bc (0x0000006f)
core   0: 3 0x800000bc (0x0000006f)
core   0: 3 0x800000bc (0x0000006f)
core   0: 3 0x800000bc (0x0000006f)
core   0: 3 0x800000bc (0x0000006f)
core   0: 3 0x800000bc (0x0000006f)
core   0: 3 0x800000bc (0x0000006f)
core   0: 3 0x800000bc (0x0000006f)
core   0: 3 0x800000bc (0x0000006f)
core   0: 3 0x800000bc (0x0000006f)
core   0: 3 0x800000bc (0x0000006f)
core   0: 3 0x800000bc (0x0000006f)
core   0: 3 0x800000bc (0x0000006f)
core   0: 3 0x800000bc (0x0000006f)
core   0: 3 0x800000bc (0x0000006f)
core   0: 3 0x800000bc (0x0000006f)
core   0: 3 0x800000bc (0x0000006f)
core   0: 3 0x800000bc (0x0000006f)
core   0: 3 0x800000bc (0x0000006f)
core   0: 3 0x800000bc (0x0000006f)
core   0: 3 0x800000bc (0x0000006f)
core   0: 3 0x800000bc (0x0000006f)
core   0: 3 0x800000bc (0x0000006f)
core   0: 3 0x800000bc (0x0000006f)
core   0: 3 0x800000bc (0x0000006f)
core   0: 3 0x800000bc (0x0000006f)
core   0: 3 0x800000bc (0x0000006f)
core   0: 3 0x800000bc (0x0000006f)
core   0: 3 0x800000bc (0x0000006f)
core   0: 3 0x800000bc (0x0000006f)
core   0: 3 0x800000bc (0x0000006f)
core   0: 3 0x800000bc (0x0000006f)
core   0: 3 0x800000bc (0x0000006f)
core   0: 3 0x800000bc (0x0000006f)
core   0: 3 0x800000bc (0x0000006f)
core   0: 3 0x800000bc (0x0000006f)
core   0: 3 0x800000bc (0x0000006f)
core   0: 3 0x800000bc (0x0000006f)
core   0: 3 0x800000bc (0x0000006f)
core   0: 3 0x800000bc (0x0000006f)
core   0: 3 0x800000bc (0x0000006f)
core   0: 3 0x800000bc (0x0000006f)
core   0: 3 0x800000bc (0x0000006f)
core   0: 3 0x800000bc (0x0000006f)
core   0: 3 0x800000bc (0x0000006f)
core   0: 3 0x800000bc (0x0000006f)
core   0: 3 0x800000bc (0x0000006f)
core   0: 3 0x800000bc (0x0000006f)
core   0: 3 0x800000bc (0x0000006f)
core   0: 3 0x800000bc (0x0000006f)
core   0: 3 0x800000bc (0x0000006f)
core   0: 3 0x800000bc (0x0000006f)
core   0: 3 0x800000bc (0x0000006f)
core   0: 3 0x800000bc (0x0000006f)
core   0: 3 0x800000bc (0x0000006f)
core   0: 3 0x800000bc (0x0000006f)
core   0: 3 0x800000bc (0x0000006f)
core   0: 3 0x800000bc (0x0000006f)
core   0: 3 0x800000bc (0x0000006f)
core   0: 3 0x800000bc (0x0000006f)
core   0: 3 0x800000bc (0x0000006f)
core   0: 3 0x800000bc (0x0000006f)
core   0: 3 0x800000bc (0x0000006f)
core   0: 3 0x800000bc (0x0000006f)
core   0: 3 0x800000bc (0x0000006f)
core   0: 3 0x800000bc (0x0000006f)
core   0: 3 0x800000bc (0x0000006f)
core   0: 3 0x800000bc (0x0000006f)
core   0: 3 0x800000bc (0x0000006f)
core   0: 3 0x800000bc (0x0000006f)
core   0: 3 0x800000bc (0x0000006f)
core   0: 3 0x800000bc (0x0000006f)
core   0: 3 0x800000bc (0x0000006f)
core   0: 3 0x800000bc (0x0000006f)
core   0: 3 0x800000bc (0x0000006f)
core   0: 3 0x800000bc (0x0000006f)
