core   0: 0x00001000 (0x00000297) auipc   t0, 0x0
core   0: 3 0x00001000 (0x00000297) x5  0x00001000
core   0: 0x00001004 (0x02028593) addi    a1, t0, 32
core   0: 3 0x00001004 (0x02028593) x11 0x00001020
core   0: 0x00001008 (0xf1402573) csrr    a0, mhartid
core   0: 3 0x00001008 (0xf1402573) x10 0x00000000
core   0: 0x0000100c (0x0182a283) lw      t0, 24(t0)
core   0: 3 0x0000100c (0x0182a283) x5  0x80000000 mem 0x00001018
core   0: 0x00001010 (0x00028067) jr      t0
core   0: 3 0x00001010 (0x00028067)
core   0: 0x80000000 (0x00000093) li      ra, 0
core   0: 3 0x80000000 (0x00000093) x1  0x00000000
core   0: 0x80000004 (0x00000113) li      sp, 0
core   0: 3 0x80000004 (0x00000113) x2  0x00000000
core   0: 0x80000008 (0x00000193) li      gp, 0
core   0: 3 0x80000008 (0x00000193) x3  0x00000000
core   0: 0x8000000c (0x00000213) li      tp, 0
core   0: 3 0x8000000c (0x00000213) x4  0x00000000
core   0: 0x80000010 (0x00000293) li      t0, 0
core   0: 3 0x80000010 (0x00000293) x5  0x00000000
core   0: 0x80000014 (0x00000313) li      t1, 0
core   0: 3 0x80000014 (0x00000313) x6  0x00000000
core   0: 0x80000018 (0x00000393) li      t2, 0
core   0: 3 0x80000018 (0x00000393) x7  0x00000000
core   0: 0x8000001c (0x00000413) li      s0, 0
core   0: 3 0x8000001c (0x00000413) x8  0x00000000
core   0: 0x80000020 (0x00000493) li      s1, 0
core   0: 3 0x80000020 (0x00000493) x9  0x00000000
core   0: 0x80000024 (0x00000513) li      a0, 0
core   0: 3 0x80000024 (0x00000513) x10 0x00000000
core   0: 0x80000028 (0x00000593) li      a1, 0
core   0: 3 0x80000028 (0x00000593) x11 0x00000000
core   0: 0x8000002c (0x00000613) li      a2, 0
core   0: 3 0x8000002c (0x00000613) x12 0x00000000
core   0: 0x80000030 (0x00000693) li      a3, 0
core   0: 3 0x80000030 (0x00000693) x13 0x00000000
core   0: 0x80000034 (0x00000713) li      a4, 0
core   0: 3 0x80000034 (0x00000713) x14 0x00000000
core   0: 0x80000038 (0x00000793) li      a5, 0
core   0: 3 0x80000038 (0x00000793) x15 0x00000000
core   0: 0x8000003c (0x00000813) li      a6, 0
core   0: 3 0x8000003c (0x00000813) x16 0x00000000
core   0: 0x80000040 (0x00000893) li      a7, 0
core   0: 3 0x80000040 (0x00000893) x17 0x00000000
core   0: 0x80000044 (0x00000913) li      s2, 0
core   0: 3 0x80000044 (0x00000913) x18 0x00000000
core   0: 0x80000048 (0x00000993) li      s3, 0
core   0: 3 0x80000048 (0x00000993) x19 0x00000000
core   0: 0x8000004c (0x00000a13) li      s4, 0
core   0: 3 0x8000004c (0x00000a13) x20 0x00000000
core   0: 0x80000050 (0x00000a93) li      s5, 0
core   0: 3 0x80000050 (0x00000a93) x21 0x00000000
core   0: 0x80000054 (0x00000b13) li      s6, 0
core   0: 3 0x80000054 (0x00000b13) x22 0x00000000
core   0: 0x80000058 (0x00000b93) li      s7, 0
core   0: 3 0x80000058 (0x00000b93) x23 0x00000000
core   0: 0x8000005c (0x00000c13) li      s8, 0
core   0: 3 0x8000005c (0x00000c13) x24 0x00000000
core   0: 0x80000060 (0x00000c93) li      s9, 0
core   0: 3 0x80000060 (0x00000c93) x25 0x00000000
core   0: 0x80000064 (0x00000d13) li      s10, 0
core   0: 3 0x80000064 (0x00000d13) x26 0x00000000
core   0: 0x80000068 (0x00000d93) li      s11, 0
core   0: 3 0x80000068 (0x00000d93) x27 0x00000000
core   0: 0x8000006c (0x00000e13) li      t3, 0
core   0: 3 0x8000006c (0x00000e13) x28 0x00000000
core   0: 0x80000070 (0x00000e93) li      t4, 0
core   0: 3 0x80000070 (0x00000e93) x29 0x00000000
core   0: 0x80000074 (0x00000f13) li      t5, 0
core   0: 3 0x80000074 (0x00000f13) x30 0x00000000
core   0: 0x80000078 (0x00000f93) li      t6, 0
core   0: 3 0x80000078 (0x00000f93) x31 0x00000000
core   0: 0x8000007c (0x00010117) auipc   sp, 0x10
core   0: 3 0x8000007c (0x00010117) x2  0x8001007c
core   0: 0x80000080 (0xf7410113) addi    sp, sp, -140
core   0: 3 0x80000080 (0xf7410113) x2  0x8000fff0
core   0: 0x80000084 (0x00000297) auipc   t0, 0x0
core   0: 3 0x80000084 (0x00000297) x5  0x80000084
core   0: 0x80000088 (0x0b428293) addi    t0, t0, 180
core   0: 3 0x80000088 (0x0b428293) x5  0x80000138
core   0: 0x8000008c (0x00000317) auipc   t1, 0x0
core   0: 3 0x8000008c (0x00000317) x6  0x8000008c
core   0: 0x80000090 (0x0ac30313) addi    t1, t1, 172
core   0: 3 0x80000090 (0x0ac30313) x6  0x80000138
core   0: 0x80000094 (0x0062d863) bge     t0, t1, pc + 16
core   0: 3 0x80000094 (0x0062d863)
core   0: 0x800000a4 (0x01c000ef) jal     pc + 0x1c
core   0: 3 0x800000a4 (0x01c000ef) x1  0x800000a8
core   0: 0x800000c0 (0x00100293) li      t0, 1
core   0: 3 0x800000c0 (0x00100293) x5  0x00000001
core   0: 0x800000c4 (0x00528333) add     t1, t0, t0
core   0: 3 0x800000c4 (0x00528333) x6  0x00000002
core   0: 0x800000c8 (0x006303b3) add     t2, t1, t1
core   0: 3 0x800000c8 (0x006303b3) x7  0x00000004
core   0: 0x800000cc (0x00738e33) add     t3, t2, t2
core   0: 3 0x800000cc (0x00738e33) x28 0x00000008
core   0: 0x800000d0 (0x01ce0eb3) add     t4, t3, t3
core   0: 3 0x800000d0 (0x01ce0eb3) x29 0x00000010
core   0: 0x800000d4 (0x01000f13) li      t5, 16
core   0: 3 0x800000d4 (0x01000f13) x30 0x00000010
core   0: 0x800000d8 (0x05ee9c63) bne     t4, t5, pc + 88
core   0: 3 0x800000d8 (0x05ee9c63)
core   0: 0x800000dc (0x06f00293) li      t0, 111
core   0: 3 0x800000dc (0x06f00293) x5  0x0000006f
core   0: 0x800000e0 (0x0de00293) li      t0, 222
core   0: 3 0x800000e0 (0x0de00293) x5  0x000000de
core   0: 0x800000e4 (0x0de00313) li      t1, 222
core   0: 3 0x800000e4 (0x0de00313) x6  0x000000de
core   0: 0x800000e8 (0x04629463) bne     t0, t1, pc + 72
core   0: 3 0x800000e8 (0x04629463)
core   0: 0x800000ec (0x00700393) li      t2, 7
core   0: 3 0x800000ec (0x00700393) x7  0x00000007
core   0: 0x800000f0 (0x00738e33) add     t3, t2, t2
core   0: 3 0x800000f0 (0x00738e33) x28 0x0000000e
core   0: 0x800000f4 (0x06300393) li      t2, 99
core   0: 3 0x800000f4 (0x06300393) x7  0x00000063
core   0: 0x800000f8 (0x00e00e93) li      t4, 14
core   0: 3 0x800000f8 (0x00e00e93) x29 0x0000000e
core   0: 0x800000fc (0x03de1a63) bne     t3, t4, pc + 52
core   0: 3 0x800000fc (0x03de1a63)
core   0: 0x80000100 (0x00100493) li      s1, 1
core   0: 3 0x80000100 (0x00100493) x9  0x00000001
core   0: 0x80000104 (0x00200913) li      s2, 2
core   0: 3 0x80000104 (0x00200913) x18 0x00000002
core   0: 0x80000108 (0x005282b3) add     t0, t0, t0
core   0: 3 0x80000108 (0x005282b3) x5  0x000001bc
core   0: 0x8000010c (0x012489b3) add     s3, s1, s2
core   0: 3 0x8000010c (0x012489b3) x19 0x00000003
core   0: 0x80000110 (0x005282b3) add     t0, t0, t0
core   0: 3 0x80000110 (0x005282b3) x5  0x00000378
core   0: 0x80000114 (0x01298a33) add     s4, s3, s2
core   0: 3 0x80000114 (0x01298a33) x20 0x00000005
core   0: 0x80000118 (0x005282b3) add     t0, t0, t0
core   0: 3 0x80000118 (0x005282b3) x5  0x000006f0
core   0: 0x8000011c (0x012a0ab3) add     s5, s4, s2
core   0: 3 0x8000011c (0x012a0ab3) x21 0x00000007
core   0: 0x80000120 (0x00700f93) li      t6, 7
core   0: 3 0x80000120 (0x00700f93) x31 0x00000007
core   0: 0x80000124 (0x01fa9663) bne     s5, t6, pc + 12
core   0: 3 0x80000124 (0x01fa9663)
core   0: 0x80000128 (0x00000513) li      a0, 0
core   0: 3 0x80000128 (0x00000513) x10 0x00000000
core   0: 0x8000012c (0x00008067) ret
core   0: 3 0x8000012c (0x00008067)
core   0: 0x800000a8 (0x00151513) slli    a0, a0, 1
core   0: 3 0x800000a8 (0x00151513) x10 0x00000000
core   0: 0x800000ac (0x00156513) ori     a0, a0, 1
core   0: 3 0x800000ac (0x00156513) x10 0x00000001
core   0: 0x800000b0 (0x0000f297) auipc   t0, 0xf
core   0: 3 0x800000b0 (0x0000f297) x5  0x8000f0b0
core   0: 0x800000b4 (0xf5028293) addi    t0, t0, -176
core   0: 3 0x800000b4 (0xf5028293) x5  0x8000f000
core   0: 0x800000b8 (0x00a2a023) sw      a0, 0(t0)
core   0: 3 0x800000b8 (0x00a2a023) mem 0x8000f000 0x00000001
core   0: 0x800000bc (0x0000006f) j       pc + 0x0
core   0: 3 0x800000bc (0x0000006f)
core   0: 3 0x800000bc (0x0000006f)
core   0: 3 0x800000bc (0x0000006f)
core   0: 3 0x800000bc (0x0000006f)
core   0: 3 0x800000bc (0x0000006f)
core   0: 3 0x800000bc (0x0000006f)
core   0: 3 0x800000bc (0x0000006f)
core   0: 3 0x800000bc (0x0000006f)
core   0: 3 0x800000bc (0x0000006f)
core   0: 3 0x800000bc (0x0000006f)
core   0: 3 0x800000bc (0x0000006f)
core   0: 3 0x800000bc (0x0000006f)
core   0: 3 0x800000bc (0x0000006f)
core   0: 3 0x800000bc (0x0000006f)
core   0: 3 0x800000bc (0x0000006f)
core   0: 3 0x800000bc (0x0000006f)
core   0: 3 0x800000bc (0x0000006f)
core   0: 3 0x800000bc (0x0000006f)
core   0: 3 0x800000bc (0x0000006f)
core   0: 3 0x800000bc (0x0000006f)
core   0: 3 0x800000bc (0x0000006f)
core   0: 3 0x800000bc (0x0000006f)
core   0: 3 0x800000bc (0x0000006f)
core   0: 3 0x800000bc (0x0000006f)
core   0: 3 0x800000bc (0x0000006f)
core   0: 3 0x800000bc (0x0000006f)
core   0: 3 0x800000bc (0x0000006f)
core   0: 3 0x800000bc (0x0000006f)
core   0: 3 0x800000bc (0x0000006f)
core   0: 3 0x800000bc (0x0000006f)
core   0: 3 0x800000bc (0x0000006f)
core   0: 3 0x800000bc (0x0000006f)
core   0: 3 0x800000bc (0x0000006f)
core   0: 3 0x800000bc (0x0000006f)
core   0: 3 0x800000bc (0x0000006f)
core   0: 3 0x800000bc (0x0000006f)
core   0: 3 0x800000bc (0x0000006f)
core   0: 3 0x800000bc (0x0000006f)
core   0: 3 0x800000bc (0x0000006f)
core   0: 3 0x800000bc (0x0000006f)
core   0: 3 0x800000bc (0x0000006f)
core   0: 3 0x800000bc (0x0000006f)
core   0: 3 0x800000bc (0x0000006f)
core   0: 3 0x800000bc (0x0000006f)
core   0: 3 0x800000bc (0x0000006f)
core   0: 3 0x800000bc (0x0000006f)
core   0: 3 0x800000bc (0x0000006f)
core   0: 3 0x800000bc (0x0000006f)
core   0: 3 0x800000bc (0x0000006f)
core   0: 3 0x800000bc (0x0000006f)
core   0: 3 0x800000bc (0x0000006f)
core   0: 3 0x800000bc (0x0000006f)
core   0: 3 0x800000bc (0x0000006f)
core   0: 3 0x800000bc (0x0000006f)
core   0: 3 0x800000bc (0x0000006f)
core   0: 3 0x800000bc (0x0000006f)
core   0: 3 0x800000bc (0x0000006f)
core   0: 3 0x800000bc (0x0000006f)
core   0: 3 0x800000bc (0x0000006f)
core   0: 3 0x800000bc (0x0000006f)
core   0: 3 0x800000bc (0x0000006f)
core   0: 3 0x800000bc (0x0000006f)
core   0: 3 0x800000bc (0x0000006f)
core   0: 3 0x800000bc (0x0000006f)
core   0: 3 0x800000bc (0x0000006f)
core   0: 3 0x800000bc (0x0000006f)
core   0: 3 0x800000bc (0x0000006f)
core   0: 3 0x800000bc (0x0000006f)
core   0: 3 0x800000bc (0x0000006f)
core   0: 3 0x800000bc (0x0000006f)
core   0: 3 0x800000bc (0x0000006f)
core   0: 3 0x800000bc (0x0000006f)
core   0: 3 0x800000bc (0x0000006f)
core   0: 3 0x800000bc (0x0000006f)
core   0: 3 0x800000bc (0x0000006f)
core   0: 3 0x800000bc (0x0000006f)
core   0: 3 0x800000bc (0x0000006f)
core   0: 3 0x800000bc (0x0000006f)
core   0: 3 0x800000bc (0x0000006f)
core   0: 3 0x800000bc (0x0000006f)
core   0: 3 0x800000bc (0x0000006f)
core   0: 3 0x800000bc (0x0000006f)
core   0: 3 0x800000bc (0x0000006f)
core   0: 3 0x800000bc (0x0000006f)
core   0: 3 0x800000bc (0x0000006f)
core   0: 3 0x800000bc (0x0000006f)
core   0: 3 0x800000bc (0x0000006f)
core   0: 3 0x800000bc (0x0000006f)
core   0: 3 0x800000bc (0x0000006f)
core   0: 3 0x800000bc (0x0000006f)
core   0: 3 0x800000bc (0x0000006f)
core   0: 3 0x800000bc (0x0000006f)
core   0: 3 0x800000bc (0x0000006f)
core   0: 3 0x800000bc (0x0000006f)
core   0: 3 0x800000bc (0x0000006f)
core   0: 3 0x800000bc (0x0000006f)
core   0: 3 0x800000bc (0x0000006f)
core   0: 3 0x800000bc (0x0000006f)
core   0: 3 0x800000bc (0x0000006f)
core   0: 3 0x800000bc (0x0000006f)
core   0: 3 0x800000bc (0x0000006f)
core   0: 3 0x800000bc (0x0000006f)
core   0: 3 0x800000bc (0x0000006f)
core   0: 3 0x800000bc (0x0000006f)
core   0: 3 0x800000bc (0x0000006f)
core   0: 3 0x800000bc (0x0000006f)
core   0: 3 0x800000bc (0x0000006f)
core   0: 3 0x800000bc (0x0000006f)
core   0: 3 0x800000bc (0x0000006f)
core   0: 3 0x800000bc (0x0000006f)
core   0: 3 0x800000bc (0x0000006f)
core   0: 3 0x800000bc (0x0000006f)
core   0: 3 0x800000bc (0x0000006f)
core   0: 3 0x800000bc (0x0000006f)
core   0: 3 0x800000bc (0x0000006f)
core   0: 3 0x800000bc (0x0000006f)
core   0: 3 0x800000bc (0x0000006f)
core   0: 3 0x800000bc (0x0000006f)
core   0: 3 0x800000bc (0x0000006f)
core   0: 3 0x800000bc (0x0000006f)
core   0: 3 0x800000bc (0x0000006f)
core   0: 3 0x800000bc (0x0000006f)
core   0: 3 0x800000bc (0x0000006f)
core   0: 3 0x800000bc (0x0000006f)
core   0: 3 0x800000bc (0x0000006f)
core   0: 3 0x800000bc (0x0000006f)
core   0: 3 0x800000bc (0x0000006f)
core   0: 3 0x800000bc (0x0000006f)
core   0: 3 0x800000bc (0x0000006f)
core   0: 3 0x800000bc (0x0000006f)
core   0: 3 0x800000bc (0x0000006f)
core   0: 3 0x800000bc (0x0000006f)
core   0: 3 0x800000bc (0x0000006f)
core   0: 3 0x800000bc (0x0000006f)
core   0: 3 0x800000bc (0x0000006f)
core   0: 3 0x800000bc (0x0000006f)
core   0: 3 0x800000bc (0x0000006f)
core   0: 3 0x800000bc (0x0000006f)
core   0: 3 0x800000bc (0x0000006f)
core   0: 3 0x800000bc (0x0000006f)
core   0: 3 0x800000bc (0x0000006f)
core   0: 3 0x800000bc (0x0000006f)
core   0: 3 0x800000bc (0x0000006f)
core   0: 3 0x800000bc (0x0000006f)
core   0: 3 0x800000bc (0x0000006f)
core   0: 3 0x800000bc (0x0000006f)
core   0: 3 0x800000bc (0x0000006f)
core   0: 3 0x800000bc (0x0000006f)
core   0: 3 0x800000bc (0x0000006f)
core   0: 3 0x800000bc (0x0000006f)
core   0: 3 0x800000bc (0x0000006f)
core   0: 3 0x800000bc (0x0000006f)
core   0: 3 0x800000bc (0x0000006f)
core   0: 3 0x800000bc (0x0000006f)
core   0: 3 0x800000bc (0x0000006f)
core   0: 3 0x800000bc (0x0000006f)
core   0: 3 0x800000bc (0x0000006f)
core   0: 3 0x800000bc (0x0000006f)
core   0: 3 0x800000bc (0x0000006f)
core   0: 3 0x800000bc (0x0000006f)
core   0: 3 0x800000bc (0x0000006f)
core   0: 3 0x800000bc (0x0000006f)
core   0: 3 0x800000bc (0x0000006f)
core   0: 3 0x800000bc (0x0000006f)
core   0: 3 0x800000bc (0x0000006f)
core   0: 3 0x800000bc (0x0000006f)
core   0: 3 0x800000bc (0x0000006f)
core   0: 3 0x800000bc (0x0000006f)
core   0: 3 0x800000bc (0x0000006f)
core   0: 3 0x800000bc (0x0000006f)
core   0: 3 0x800000bc (0x0000006f)
core   0: 3 0x800000bc (0x0000006f)
core   0: 3 0x800000bc (0x0000006f)
core   0: 3 0x800000bc (0x0000006f)
core   0: 3 0x800000bc (0x0000006f)
core   0: 3 0x800000bc (0x0000006f)
core   0: 3 0x800000bc (0x0000006f)
core   0: 3 0x800000bc (0x0000006f)
core   0: 3 0x800000bc (0x0000006f)
core   0: 3 0x800000bc (0x0000006f)
core   0: 3 0x800000bc (0x0000006f)
core   0: 3 0x800000bc (0x0000006f)
core   0: 3 0x800000bc (0x0000006f)
core   0: 3 0x800000bc (0x0000006f)
core   0: 3 0x800000bc (0x0000006f)
core   0: 3 0x800000bc (0x0000006f)
core   0: 3 0x800000bc (0x0000006f)
core   0: 3 0x800000bc (0x0000006f)
core   0: 3 0x800000bc (0x0000006f)
core   0: 3 0x800000bc (0x0000006f)
core   0: 3 0x800000bc (0x0000006f)
core   0: 3 0x800000bc (0x0000006f)
core   0: 3 0x800000bc (0x0000006f)
core   0: 3 0x800000bc (0x0000006f)
core   0: 3 0x800000bc (0x0000006f)
core   0: 3 0x800000bc (0x0000006f)
core   0: 3 0x800000bc (0x0000006f)
core   0: 3 0x800000bc (0x0000006f)
core   0: 3 0x800000bc (0x0000006f)
core   0: 3 0x800000bc (0x0000006f)
core   0: 3 0x800000bc (0x0000006f)
core   0: 3 0x800000bc (0x0000006f)
core   0: 3 0x800000bc (0x0000006f)
core   0: 3 0x800000bc (0x0000006f)
core   0: 3 0x800000bc (0x0000006f)
core   0: 3 0x800000bc (0x0000006f)
core   0: 3 0x800000bc (0x0000006f)
core   0: 3 0x800000bc (0x0000006f)
core   0: 3 0x800000bc (0x0000006f)
core   0: 3 0x800000bc (0x0000006f)
core   0: 3 0x800000bc (0x0000006f)
core   0: 3 0x800000bc (0x0000006f)
core   0: 3 0x800000bc (0x0000006f)
core   0: 3 0x800000bc (0x0000006f)
core   0: 3 0x800000bc (0x0000006f)
core   0: 3 0x800000bc (0x0000006f)
core   0: 3 0x800000bc (0x0000006f)
core   0: 3 0x800000bc (0x0000006f)
core   0: 3 0x800000bc (0x0000006f)
core   0: 3 0x800000bc (0x0000006f)
core   0: 3 0x800000bc (0x0000006f)
core   0: 3 0x800000bc (0x0000006f)
core   0: 3 0x800000bc (0x0000006f)
core   0: 3 0x800000bc (0x0000006f)
core   0: 3 0x800000bc (0x0000006f)
core   0: 3 0x800000bc (0x0000006f)
core   0: 3 0x800000bc (0x0000006f)
core   0: 3 0x800000bc (0x0000006f)
core   0: 3 0x800000bc (0x0000006f)
core   0: 3 0x800000bc (0x0000006f)
core   0: 3 0x800000bc (0x0000006f)
core   0: 3 0x800000bc (0x0000006f)
core   0: 3 0x800000bc (0x0000006f)
core   0: 3 0x800000bc (0x0000006f)
core   0: 3 0x800000bc (0x0000006f)
core   0: 3 0x800000bc (0x0000006f)
core   0: 3 0x800000bc (0x0000006f)
core   0: 3 0x800000bc (0x0000006f)
core   0: 3 0x800000bc (0x0000006f)
core   0: 3 0x800000bc (0x0000006f)
core   0: 3 0x800000bc (0x0000006f)
core   0: 3 0x800000bc (0x0000006f)
core   0: 3 0x800000bc (0x0000006f)
core   0: 3 0x800000bc (0x0000006f)
core   0: 3 0x800000bc (0x0000006f)
core   0: 3 0x800000bc (0x0000006f)
core   0: 3 0x800000bc (0x0000006f)
core   0: 3 0x800000bc (0x0000006f)
core   0: 3 0x800000bc (0x0000006f)
core   0: 3 0x800000bc (0x0000006f)
core   0: 3 0x800000bc (0x0000006f)
core   0: 3 0x800000bc (0x0000006f)
core   0: 3 0x800000bc (0x0000006f)
core   0: 3 0x800000bc (0x0000006f)
core   0: 3 0x800000bc (0x0000006f)
core   0: 3 0x800000bc (0x0000006f)
core   0: 3 0x800000bc (0x0000006f)
core   0: 3 0x800000bc (0x0000006f)
core   0: 3 0x800000bc (0x0000006f)
core   0: 3 0x800000bc (0x0000006f)
core   0: 3 0x800000bc (0x0000006f)
core   0: 3 0x800000bc (0x0000006f)
core   0: 3 0x800000bc (0x0000006f)
core   0: 3 0x800000bc (0x0000006f)
core   0: 3 0x800000bc (0x0000006f)
core   0: 3 0x800000bc (0x0000006f)
core   0: 3 0x800000bc (0x0000006f)
core   0: 3 0x800000bc (0x0000006f)
core   0: 3 0x800000bc (0x0000006f)
core   0: 3 0x800000bc (0x0000006f)
core   0: 3 0x800000bc (0x0000006f)
core   0: 3 0x800000bc (0x0000006f)
core   0: 3 0x800000bc (0x0000006f)
core   0: 3 0x800000bc (0x0000006f)
core   0: 3 0x800000bc (0x0000006f)
core   0: 3 0x800000bc (0x0000006f)
core   0: 3 0x800000bc (0x0000006f)
core   0: 3 0x800000bc (0x0000006f)
core   0: 3 0x800000bc (0x0000006f)
core   0: 3 0x800000bc (0x0000006f)
core   0: 3 0x800000bc (0x0000006f)
core   0: 3 0x800000bc (0x0000006f)
core   0: 3 0x800000bc (0x0000006f)
core   0: 3 0x800000bc (0x0000006f)
core   0: 3 0x800000bc (0x0000006f)
core   0: 3 0x800000bc (0x0000006f)
core   0: 3 0x800000bc (0x0000006f)
core   0: 3 0x800000bc (0x0000006f)
core   0: 3 0x800000bc (0x0000006f)
core   0: 3 0x800000bc (0x0000006f)
core   0: 3 0x800000bc (0x0000006f)
core   0: 3 0x800000bc (0x0000006f)
core   0: 3 0x800000bc (0x0000006f)
core   0: 3 0x800000bc (0x0000006f)
core   0: 3 0x800000bc (0x0000006f)
core   0: 3 0x800000bc (0x0000006f)
core   0: 3 0x800000bc (0x0000006f)
core   0: 3 0x800000bc (0x0000006f)
core   0: 3 0x800000bc (0x0000006f)
core   0: 3 0x800000bc (0x0000006f)
core   0: 3 0x800000bc (0x0000006f)
core   0: 3 0x800000bc (0x0000006f)
core   0: 3 0x800000bc (0x0000006f)
core   0: 3 0x800000bc (0x0000006f)
core   0: 3 0x800000bc (0x0000006f)
core   0: 3 0x800000bc (0x0000006f)
core   0: 3 0x800000bc (0x0000006f)
core   0: 3 0x800000bc (0x0000006f)
core   0: 3 0x800000bc (0x0000006f)
core   0: 3 0x800000bc (0x0000006f)
core   0: 3 0x800000bc (0x0000006f)
core   0: 3 0x800000bc (0x0000006f)
core   0: 3 0x800000bc (0x0000006f)
core   0: 3 0x800000bc (0x0000006f)
core   0: 3 0x800000bc (0x0000006f)
core   0: 3 0x800000bc (0x0000006f)
core   0: 3 0x800000bc (0x0000006f)
core   0: 3 0x800000bc (0x0000006f)
core   0: 3 0x800000bc (0x0000006f)
core   0: 3 0x800000bc (0x0000006f)
core   0: 3 0x800000bc (0x0000006f)
core   0: 3 0x800000bc (0x0000006f)
core   0: 3 0x800000bc (0x0000006f)
core   0: 3 0x800000bc (0x0000006f)
core   0: 3 0x800000bc (0x0000006f)
core   0: 3 0x800000bc (0x0000006f)
core   0: 3 0x800000bc (0x0000006f)
core   0: 3 0x800000bc (0x0000006f)
core   0: 3 0x800000bc (0x0000006f)
core   0: 3 0x800000bc (0x0000006f)
core   0: 3 0x800000bc (0x0000006f)
core   0: 3 0x800000bc (0x0000006f)
core   0: 3 0x800000bc (0x0000006f)
core   0: 3 0x800000bc (0x0000006f)
core   0: 3 0x800000bc (0x0000006f)
core   0: 3 0x800000bc (0x0000006f)
core   0: 3 0x800000bc (0x0000006f)
core   0: 3 0x800000bc (0x0000006f)
core   0: 3 0x800000bc (0x0000006f)
core   0: 3 0x800000bc (0x0000006f)
core   0: 3 0x800000bc (0x0000006f)
core   0: 3 0x800000bc (0x0000006f)
core   0: 3 0x800000bc (0x0000006f)
core   0: 3 0x800000bc (0x0000006f)
core   0: 3 0x800000bc (0x0000006f)
core   0: 3 0x800000bc (0x0000006f)
core   0: 3 0x800000bc (0x0000006f)
core   0: 3 0x800000bc (0x0000006f)
core   0: 3 0x800000bc (0x0000006f)
core   0: 3 0x800000bc (0x0000006f)
core   0: 3 0x800000bc (0x0000006f)
core   0: 3 0x800000bc (0x0000006f)
core   0: 3 0x800000bc (0x0000006f)
core   0: 3 0x800000bc (0x0000006f)
core   0: 3 0x800000bc (0x0000006f)
core   0: 3 0x800000bc (0x0000006f)
core   0: 3 0x800000bc (0x0000006f)
core   0: 3 0x800000bc (0x0000006f)
core   0: 3 0x800000bc (0x0000006f)
core   0: 3 0x800000bc (0x0000006f)
core   0: 3 0x800000bc (0x0000006f)
core   0: 3 0x800000bc (0x0000006f)
core   0: 3 0x800000bc (0x0000006f)
core   0: 3 0x800000bc (0x0000006f)
core   0: 3 0x800000bc (0x0000006f)
core   0: 3 0x800000bc (0x0000006f)
core   0: 3 0x800000bc (0x0000006f)
core   0: 3 0x800000bc (0x0000006f)
core   0: 3 0x800000bc (0x0000006f)
core   0: 3 0x800000bc (0x0000006f)
core   0: 3 0x800000bc (0x0000006f)
core   0: 3 0x800000bc (0x0000006f)
core   0: 3 0x800000bc (0x0000006f)
core   0: 3 0x800000bc (0x0000006f)
core   0: 3 0x800000bc (0x0000006f)
core   0: 3 0x800000bc (0x0000006f)
core   0: 3 0x800000bc (0x0000006f)
core   0: 3 0x800000bc (0x0000006f)
core   0: 3 0x800000bc (0x0000006f)
core   0: 3 0x800000bc (0x0000006f)
core   0: 3 0x800000bc (0x0000006f)
core   0: 3 0x800000bc (0x0000006f)
core   0: 3 0x800000bc (0x0000006f)
core   0: 3 0x800000bc (0x0000006f)
core   0: 3 0x800000bc (0x0000006f)
core   0: 3 0x800000bc (0x0000006f)
core   0: 3 0x800000bc (0x0000006f)
core   0: 3 0x800000bc (0x0000006f)
core   0: 3 0x800000bc (0x0000006f)
core   0: 3 0x800000bc (0x0000006f)
core   0: 3 0x800000bc (0x0000006f)
core   0: 3 0x800000bc (0x0000006f)
core   0: 3 0x800000bc (0x0000006f)
core   0: 3 0x800000bc (0x0000006f)
core   0: 3 0x800000bc (0x0000006f)
core   0: 3 0x800000bc (0x0000006f)
core   0: 3 0x800000bc (0x0000006f)
core   0: 3 0x800000bc (0x0000006f)
core   0: 3 0x800000bc (0x0000006f)
core   0: 3 0x800000bc (0x0000006f)
core   0: 3 0x800000bc (0x0000006f)
core   0: 3 0x800000bc (0x0000006f)
core   0: 3 0x800000bc (0x0000006f)
core   0: 3 0x800000bc (0x0000006f)
core   0: 3 0x800000bc (0x0000006f)
core   0: 3 0x800000bc (0x0000006f)
core   0: 3 0x800000bc (0x0000006f)
core   0: 3 0x800000bc (0x0000006f)
core   0: 3 0x800000bc (0x0000006f)
core   0: 3 0x800000bc (0x0000006f)
core   0: 3 0x800000bc (0x0000006f)
core   0: 3 0x800000bc (0x0000006f)
core   0: 3 0x800000bc (0x0000006f)
core   0: 3 0x800000bc (0x0000006f)
core   0: 3 0x800000bc (0x0000006f)
core   0: 3 0x800000bc (0x0000006f)
core   0: 3 0x800000bc (0x0000006f)
core   0: 3 0x800000bc (0x0000006f)
core   0: 3 0x800000bc (0x0000006f)
core   0: 3 0x800000bc (0x0000006f)
core   0: 3 0x800000bc (0x0000006f)
core   0: 3 0x800000bc (0x0000006f)
core   0: 3 0x800000bc (0x0000006f)
core   0: 3 0x800000bc (0x0000006f)
core   0: 3 0x800000bc (0x0000006f)
core   0: 3 0x800000bc (0x0000006f)
core   0: 3 0x800000bc (0x0000006f)
core   0: 3 0x800000bc (0x0000006f)
core   0: 3 0x800000bc (0x0000006f)
core   0: 3 0x800000bc (0x0000006f)
core   0: 3 0x800000bc (0x0000006f)
core   0: 3 0x800000bc (0x0000006f)
core   0: 3 0x800000bc (0x0000006f)
core   0: 3 0x800000bc (0x0000006f)
core   0: 3 0x800000bc (0x0000006f)
core   0: 3 0x800000bc (0x0000006f)
core   0: 3 0x800000bc (0x0000006f)
core   0: 3 0x800000bc (0x0000006f)
core   0: 3 0x800000bc (0x0000006f)
core   0: 3 0x800000bc (0x0000006f)
core   0: 3 0x800000bc (0x0000006f)
core   0: 3 0x800000bc (0x0000006f)
core   0: 3 0x800000bc (0x0000006f)
core   0: 3 0x800000bc (0x0000006f)
core   0: 3 0x800000bc (0x0000006f)
core   0: 3 0x800000bc (0x0000006f)
core   0: 3 0x800000bc (0x0000006f)
core   0: 3 0x800000bc (0x0000006f)
core   0: 3 0x800000bc (0x0000006f)
core   0: 3 0x800000bc (0x0000006f)
core   0: 3 0x800000bc (0x0000006f)
core   0: 3 0x800000bc (0x0000006f)
core   0: 3 0x800000bc (0x0000006f)
core   0: 3 0x800000bc (0x0000006f)
core   0: 3 0x800000bc (0x0000006f)
core   0: 3 0x800000bc (0x0000006f)
core   0: 3 0x800000bc (0x0000006f)
core   0: 3 0x800000bc (0x0000006f)
core   0: 3 0x800000bc (0x0000006f)
core   0: 3 0x800000bc (0x0000006f)
core   0: 3 0x800000bc (0x0000006f)
core   0: 3 0x800000bc (0x0000006f)
core   0: 3 0x800000bc (0x0000006f)
core   0: 3 0x800000bc (0x0000006f)
core   0: 3 0x800000bc (0x0000006f)
core   0: 3 0x800000bc (0x0000006f)
core   0: 3 0x800000bc (0x0000006f)
core   0: 3 0x800000bc (0x0000006f)
core   0: 3 0x800000bc (0x0000006f)
core   0: 3 0x800000bc (0x0000006f)
core   0: 3 0x800000bc (0x0000006f)
core   0: 3 0x800000bc (0x0000006f)
core   0: 3 0x800000bc (0x0000006f)
core   0: 3 0x800000bc (0x0000006f)
core   0: 3 0x800000bc (0x0000006f)
core   0: 3 0x800000bc (0x0000006f)
core   0: 3 0x800000bc (0x0000006f)
core   0: 3 0x800000bc (0x0000006f)
core   0: 3 0x800000bc (0x0000006f)
core   0: 3 0x800000bc (0x0000006f)
core   0: 3 0x800000bc (0x0000006f)
core   0: 3 0x800000bc (0x0000006f)
core   0: 3 0x800000bc (0x0000006f)
core   0: 3 0x800000bc (0x0000006f)
core   0: 3 0x800000bc (0x0000006f)
core   0: 3 0x800000bc (0x0000006f)
core   0: 3 0x800000bc (0x0000006f)
core   0: 3 0x800000bc (0x0000006f)
core   0: 3 0x800000bc (0x0000006f)
core   0: 3 0x800000bc (0x0000006f)
core   0: 3 0x800000bc (0x0000006f)
core   0: 3 0x800000bc (0x0000006f)
core   0: 3 0x800000bc (0x0000006f)
core   0: 3 0x800000bc (0x0000006f)
core   0: 3 0x800000bc (0x0000006f)
core   0: 3 0x800000bc (0x0000006f)
core   0: 3 0x800000bc (0x0000006f)
core   0: 3 0x800000bc (0x0000006f)
core   0: 3 0x800000bc (0x0000006f)
core   0: 3 0x800000bc (0x0000006f)
core   0: 3 0x800000bc (0x0000006f)
core   0: 3 0x800000bc (0x0000006f)
core   0: 3 0x800000bc (0x0000006f)
core   0: 3 0x800000bc (0x0000006f)
core   0: 3 0x800000bc (0x0000006f)
core   0: 3 0x800000bc (0x0000006f)
core   0: 3 0x800000bc (0x0000006f)
core   0: 3 0x800000bc (0x0000006f)
core   0: 3 0x800000bc (0x0000006f)
core   0: 3 0x800000bc (0x0000006f)
core   0: 3 0x800000bc (0x0000006f)
core   0: 3 0x800000bc (0x0000006f)
core   0: 3 0x800000bc (0x0000006f)
core   0: 3 0x800000bc (0x0000006f)
core   0: 3 0x800000bc (0x0000006f)
core   0: 3 0x800000bc (0x0000006f)
core   0: 3 0x800000bc (0x0000006f)
core   0: 3 0x800000bc (0x0000006f)
core   0: 3 0x800000bc (0x0000006f)
core   0: 3 0x800000bc (0x0000006f)
core   0: 3 0x800000bc (0x0000006f)
core   0: 3 0x800000bc (0x0000006f)
core   0: 3 0x800000bc (0x0000006f)
core   0: 3 0x800000bc (0x0000006f)
core   0: 3 0x800000bc (0x0000006f)
core   0: 3 0x800000bc (0x0000006f)
core   0: 3 0x800000bc (0x0000006f)
core   0: 3 0x800000bc (0x0000006f)
core   0: 3 0x800000bc (0x0000006f)
core   0: 3 0x800000bc (0x0000006f)
core   0: 3 0x800000bc (0x0000006f)
core   0: 3 0x800000bc (0x0000006f)
core   0: 3 0x800000bc (0x0000006f)
core   0: 3 0x800000bc (0x0000006f)
core   0: 3 0x800000bc (0x0000006f)
core   0: 3 0x800000bc (0x0000006f)
core   0: 3 0x800000bc (0x0000006f)
core   0: 3 0x800000bc (0x0000006f)
core   0: 3 0x800000bc (0x0000006f)
core   0: 3 0x800000bc (0x0000006f)
core   0: 3 0x800000bc (0x0000006f)
core   0: 3 0x800000bc (0x0000006f)
core   0: 3 0x800000bc (0x0000006f)
core   0: 3 0x800000bc (0x0000006f)
core   0: 3 0x800000bc (0x0000006f)
core   0: 3 0x800000bc (0x0000006f)
core   0: 3 0x800000bc (0x0000006f)
core   0: 3 0x800000bc (0x0000006f)
core   0: 3 0x800000bc (0x0000006f)
core   0: 3 0x800000bc (0x0000006f)
core   0: 3 0x800000bc (0x0000006f)
core   0: 3 0x800000bc (0x0000006f)
core   0: 3 0x800000bc (0x0000006f)
core   0: 3 0x800000bc (0x0000006f)
core   0: 3 0x800000bc (0x0000006f)
core   0: 3 0x800000bc (0x0000006f)
core   0: 3 0x800000bc (0x0000006f)
core   0: 3 0x800000bc (0x0000006f)
core   0: 3 0x800000bc (0x0000006f)
core   0: 3 0x800000bc (0x0000006f)
core   0: 3 0x800000bc (0x0000006f)
core   0: 3 0x800000bc (0x0000006f)
core   0: 3 0x800000bc (0x0000006f)
core   0: 3 0x800000bc (0x0000006f)
core   0: 3 0x800000bc (0x0000006f)
core   0: 3 0x800000bc (0x0000006f)
core   0: 3 0x800000bc (0x0000006f)
core   0: 3 0x800000bc (0x0000006f)
core   0: 3 0x800000bc (0x0000006f)
core   0: 3 0x800000bc (0x0000006f)
core   0: 3 0x800000bc (0x0000006f)
core   0: 3 0x800000bc (0x0000006f)
core   0: 3 0x800000bc (0x0000006f)
core   0: 3 0x800000bc (0x0000006f)
core   0: 3 0x800000bc (0x0000006f)
core   0: 3 0x800000bc (0x0000006f)
core   0: 3 0x800000bc (0x0000006f)
core   0: 3 0x800000bc (0x0000006f)
core   0: 3 0x800000bc (0x0000006f)
core   0: 3 0x800000bc (0x0000006f)
core   0: 3 0x800000bc (0x0000006f)
core   0: 3 0x800000bc (0x0000006f)
core   0: 3 0x800000bc (0x0000006f)
core   0: 3 0x800000bc (0x0000006f)
core   0: 3 0x800000bc (0x0000006f)
core   0: 3 0x800000bc (0x0000006f)
core   0: 3 0x800000bc (0x0000006f)
core   0: 3 0x800000bc (0x0000006f)
core   0: 3 0x800000bc (0x0000006f)
core   0: 3 0x800000bc (0x0000006f)
core   0: 3 0x800000bc (0x0000006f)
core   0: 3 0x800000bc (0x0000006f)
core   0: 3 0x800000bc (0x0000006f)
core   0: 3 0x800000bc (0x0000006f)
core   0: 3 0x800000bc (0x0000006f)
core   0: 3 0x800000bc (0x0000006f)
core   0: 3 0x800000bc (0x0000006f)
core   0: 3 0x800000bc (0x0000006f)
core   0: 3 0x800000bc (0x0000006f)
core   0: 3 0x800000bc (0x0000006f)
core   0: 3 0x800000bc (0x0000006f)
core   0: 3 0x800000bc (0x0000006f)
core   0: 3 0x800000bc (0x0000006f)
core   0: 3 0x800000bc (0x0000006f)
core   0: 3 0x800000bc (0x0000006f)
core   0: 3 0x800000bc (0x0000006f)
core   0: 3 0x800000bc (0x0000006f)
core   0: 3 0x800000bc (0x0000006f)
core   0: 3 0x800000bc (0x0000006f)
core   0: 3 0x800000bc (0x0000006f)
core   0: 3 0x800000bc (0x0000006f)
core   0: 3 0x800000bc (0x0000006f)
core   0: 3 0x800000bc (0x0000006f)
core   0: 3 0x800000bc (0x0000006f)
core   0: 3 0x800000bc (0x0000006f)
core   0: 3 0x800000bc (0x0000006f)
core   0: 3 0x800000bc (0x0000006f)
core   0: 3 0x800000bc (0x0000006f)
core   0: 3 0x800000bc (0x0000006f)
core   0: 3 0x800000bc (0x0000006f)
core   0: 3 0x800000bc (0x0000006f)
core   0: 3 0x800000bc (0x0000006f)
core   0: 3 0x800000bc (0x0000006f)
core   0: 3 0x800000bc (0x0000006f)
core   0: 3 0x800000bc (0x0000006f)
core   0: 3 0x800000bc (0x0000006f)
core   0: 3 0x800000bc (0x0000006f)
core   0: 3 0x800000bc (0x0000006f)
core   0: 3 0x800000bc (0x0000006f)
core   0: 3 0x800000bc (0x0000006f)
core   0: 3 0x800000bc (0x0000006f)
core   0: 3 0x800000bc (0x0000006f)
core   0: 3 0x800000bc (0x0000006f)
core   0: 3 0x800000bc (0x0000006f)
core   0: 3 0x800000bc (0x0000006f)
core   0: 3 0x800000bc (0x0000006f)
core   0: 3 0x800000bc (0x0000006f)
core   0: 3 0x800000bc (0x0000006f)
core   0: 3 0x800000bc (0x0000006f)
core   0: 3 0x800000bc (0x0000006f)
core   0: 3 0x800000bc (0x0000006f)
core   0: 3 0x800000bc (0x0000006f)
core   0: 3 0x800000bc (0x0000006f)
core   0: 3 0x800000bc (0x0000006f)
core   0: 3 0x800000bc (0x0000006f)
core   0: 3 0x800000bc (0x0000006f)
core   0: 3 0x800000bc (0x0000006f)
core   0: 3 0x800000bc (0x0000006f)
core   0: 3 0x800000bc (0x0000006f)
core   0: 3 0x800000bc (0x0000006f)
core   0: 3 0x800000bc (0x0000006f)
core   0: 3 0x800000bc (0x0000006f)
core   0: 3 0x800000bc (0x0000006f)
core   0: 3 0x800000bc (0x0000006f)
core   0: 3 0x800000bc (0x0000006f)
core   0: 3 0x800000bc (0x0000006f)
core   0: 3 0x800000bc (0x0000006f)
core   0: 3 0x800000bc (0x0000006f)
core   0: 3 0x800000bc (0x0000006f)
core   0: 3 0x800000bc (0x0000006f)
core   0: 3 0x800000bc (0x0000006f)
core   0: 3 0x800000bc (0x0000006f)
core   0: 3 0x800000bc (0x0000006f)
core   0: 3 0x800000bc (0x0000006f)
core   0: 3 0x800000bc (0x0000006f)
core   0: 3 0x800000bc (0x0000006f)
core   0: 3 0x800000bc (0x0000006f)
core   0: 3 0x800000bc (0x0000006f)
core   0: 3 0x800000bc (0x0000006f)
core   0: 3 0x800000bc (0x0000006f)
core   0: 3 0x800000bc (0x0000006f)
core   0: 3 0x800000bc (0x0000006f)
core   0: 3 0x800000bc (0x0000006f)
core   0: 3 0x800000bc (0x0000006f)
core   0: 3 0x800000bc (0x0000006f)
core   0: 3 0x800000bc (0x0000006f)
core   0: 3 0x800000bc (0x0000006f)
core   0: 3 0x800000bc (0x0000006f)
core   0: 3 0x800000bc (0x0000006f)
core   0: 3 0x800000bc (0x0000006f)
core   0: 3 0x800000bc (0x0000006f)
core   0: 3 0x800000bc (0x0000006f)
core   0: 3 0x800000bc (0x0000006f)
core   0: 3 0x800000bc (0x0000006f)
core   0: 3 0x800000bc (0x0000006f)
core   0: 3 0x800000bc (0x0000006f)
core   0: 3 0x800000bc (0x0000006f)
core   0: 3 0x800000bc (0x0000006f)
core   0: 3 0x800000bc (0x0000006f)
core   0: 3 0x800000bc (0x0000006f)
core   0: 3 0x800000bc (0x0000006f)
core   0: 3 0x800000bc (0x0000006f)
core   0: 3 0x800000bc (0x0000006f)
core   0: 3 0x800000bc (0x0000006f)
core   0: 3 0x800000bc (0x0000006f)
core   0: 3 0x800000bc (0x0000006f)
core   0: 3 0x800000bc (0x0000006f)
core   0: 3 0x800000bc (0x0000006f)
core   0: 3 0x800000bc (0x0000006f)
core   0: 3 0x800000bc (0x0000006f)
core   0: 3 0x800000bc (0x0000006f)
core   0: 3 0x800000bc (0x0000006f)
core   0: 3 0x800000bc (0x0000006f)
core   0: 3 0x800000bc (0x0000006f)
core   0: 3 0x800000bc (0x0000006f)
core   0: 3 0x800000bc (0x0000006f)
core   0: 3 0x800000bc (0x0000006f)
core   0: 3 0x800000bc (0x0000006f)
core   0: 3 0x800000bc (0x0000006f)
core   0: 3 0x800000bc (0x0000006f)
core   0: 3 0x800000bc (0x0000006f)
core   0: 3 0x800000bc (0x0000006f)
core   0: 3 0x800000bc (0x0000006f)
core   0: 3 0x800000bc (0x0000006f)
core   0: 3 0x800000bc (0x0000006f)
core   0: 3 0x800000bc (0x0000006f)
core   0: 3 0x800000bc (0x0000006f)
core   0: 3 0x800000bc (0x0000006f)
core   0: 3 0x800000bc (0x0000006f)
core   0: 3 0x800000bc (0x0000006f)
core   0: 3 0x800000bc (0x0000006f)
core   0: 3 0x800000bc (0x0000006f)
core   0: 3 0x800000bc (0x0000006f)
core   0: 3 0x800000bc (0x0000006f)
core   0: 3 0x800000bc (0x0000006f)
core   0: 3 0x800000bc (0x0000006f)
core   0: 3 0x800000bc (0x0000006f)
core   0: 3 0x800000bc (0x0000006f)
core   0: 3 0x800000bc (0x0000006f)
core   0: 3 0x800000bc (0x0000006f)
core   0: 3 0x800000bc (0x0000006f)
core   0: 3 0x800000bc (0x0000006f)
core   0: 3 0x800000bc (0x0000006f)
core   0: 3 0x800000bc (0x0000006f)
core   0: 3 0x800000bc (0x0000006f)
core   0: 3 0x800000bc (0x0000006f)
core   0: 3 0x800000bc (0x0000006f)
core   0: 3 0x800000bc (0x0000006f)
core   0: 3 0x800000bc (0x0000006f)
core   0: 3 0x800000bc (0x0000006f)
core   0: 3 0x800000bc (0x0000006f)
core   0: 3 0x800000bc (0x0000006f)
core   0: 3 0x800000bc (0x0000006f)
core   0: 3 0x800000bc (0x0000006f)
core   0: 3 0x800000bc (0x0000006f)
core   0: 3 0x800000bc (0x0000006f)
core   0: 3 0x800000bc (0x0000006f)
core   0: 3 0x800000bc (0x0000006f)
core   0: 3 0x800000bc (0x0000006f)
core   0: 3 0x800000bc (0x0000006f)
core   0: 3 0x800000bc (0x0000006f)
core   0: 3 0x800000bc (0x0000006f)
core   0: 3 0x800000bc (0x0000006f)
core   0: 3 0x800000bc (0x0000006f)
core   0: 3 0x800000bc (0x0000006f)
core   0: 3 0x800000bc (0x0000006f)
core   0: 3 0x800000bc (0x0000006f)
core   0: 3 0x800000bc (0x0000006f)
core   0: 3 0x800000bc (0x0000006f)
core   0: 3 0x800000bc (0x0000006f)
core   0: 3 0x800000bc (0x0000006f)
core   0: 3 0x800000bc (0x0000006f)
core   0: 3 0x800000bc (0x0000006f)
core   0: 3 0x800000bc (0x0000006f)
core   0: 3 0x800000bc (0x0000006f)
core   0: 3 0x800000bc (0x0000006f)
core   0: 3 0x800000bc (0x0000006f)
core   0: 3 0x800000bc (0x0000006f)
core   0: 3 0x800000bc (0x0000006f)
core   0: 3 0x800000bc (0x0000006f)
core   0: 3 0x800000bc (0x0000006f)
core   0: 3 0x800000bc (0x0000006f)
core   0: 3 0x800000bc (0x0000006f)
core   0: 3 0x800000bc (0x0000006f)
core   0: 3 0x800000bc (0x0000006f)
core   0: 3 0x800000bc (0x0000006f)
core   0: 3 0x800000bc (0x0000006f)
core   0: 3 0x800000bc (0x0000006f)
core   0: 3 0x800000bc (0x0000006f)
core   0: 3 0x800000bc (0x0000006f)
core   0: 3 0x800000bc (0x0000006f)
core   0: 3 0x800000bc (0x0000006f)
core   0: 3 0x800000bc (0x0000006f)
core   0: 3 0x800000bc (0x0000006f)
core   0: 3 0x800000bc (0x0000006f)
core   0: 3 0x800000bc (0x0000006f)
core   0: 3 0x800000bc (0x0000006f)
core   0: 3 0x800000bc (0x0000006f)
core   0: 3 0x800000bc (0x0000006f)
core   0: 3 0x800000bc (0x0000006f)
core   0: 3 0x800000bc (0x0000006f)
core   0: 3 0x800000bc (0x0000006f)
core   0: 3 0x800000bc (0x0000006f)
core   0: 3 0x800000bc (0x0000006f)
core   0: 3 0x800000bc (0x0000006f)
core   0: 3 0x800000bc (0x0000006f)
core   0: 3 0x800000bc (0x0000006f)
core   0: 3 0x800000bc (0x0000006f)
core   0: 3 0x800000bc (0x0000006f)
core   0: 3 0x800000bc (0x0000006f)
core   0: 3 0x800000bc (0x0000006f)
core   0: 3 0x800000bc (0x0000006f)
core   0: 3 0x800000bc (0x0000006f)
core   0: 3 0x800000bc (0x0000006f)
core   0: 3 0x800000bc (0x0000006f)
core   0: 3 0x800000bc (0x0000006f)
core   0: 3 0x800000bc (0x0000006f)
core   0: 3 0x800000bc (0x0000006f)
core   0: 3 0x800000bc (0x0000006f)
core   0: 3 0x800000bc (0x0000006f)
core   0: 3 0x800000bc (0x0000006f)
core   0: 3 0x800000bc (0x0000006f)
core   0: 3 0x800000bc (0x0000006f)
core   0: 3 0x800000bc (0x0000006f)
core   0: 3 0x800000bc (0x0000006f)
core   0: 3 0x800000bc (0x0000006f)
core   0: 3 0x800000bc (0x0000006f)
core   0: 3 0x800000bc (0x0000006f)
core   0: 3 0x800000bc (0x0000006f)
core   0: 3 0x800000bc (0x0000006f)
core   0: 3 0x800000bc (0x0000006f)
core   0: 3 0x800000bc (0x0000006f)
core   0: 3 0x800000bc (0x0000006f)
core   0: 3 0x800000bc (0x0000006f)
core   0: 3 0x800000bc (0x0000006f)
core   0: 3 0x800000bc (0x0000006f)
core   0: 3 0x800000bc (0x0000006f)
core   0: 3 0x800000bc (0x0000006f)
core   0: 3 0x800000bc (0x0000006f)
core   0: 3 0x800000bc (0x0000006f)
core   0: 3 0x800000bc (0x0000006f)
core   0: 3 0x800000bc (0x0000006f)
core   0: 3 0x800000bc (0x0000006f)
core   0: 3 0x800000bc (0x0000006f)
core   0: 3 0x800000bc (0x0000006f)
core   0: 3 0x800000bc (0x0000006f)
core   0: 3 0x800000bc (0x0000006f)
core   0: 3 0x800000bc (0x0000006f)
core   0: 3 0x800000bc (0x0000006f)
core   0: 3 0x800000bc (0x0000006f)
core   0: 3 0x800000bc (0x0000006f)
core   0: 3 0x800000bc (0x0000006f)
core   0: 3 0x800000bc (0x0000006f)
core   0: 3 0x800000bc (0x0000006f)
core   0: 3 0x800000bc (0x0000006f)
core   0: 3 0x800000bc (0x0000006f)
core   0: 3 0x800000bc (0x0000006f)
core   0: 3 0x800000bc (0x0000006f)
core   0: 3 0x800000bc (0x0000006f)
core   0: 3 0x800000bc (0x0000006f)
core   0: 3 0x800000bc (0x0000006f)
core   0: 3 0x800000bc (0x0000006f)
core   0: 3 0x800000bc (0x0000006f)
core   0: 3 0x800000bc (0x0000006f)
core   0: 3 0x800000bc (0x0000006f)
core   0: 3 0x800000bc (0x0000006f)
core   0: 3 0x800000bc (0x0000006f)
core   0: 3 0x800000bc (0x0000006f)
core   0: 3 0x800000bc (0x0000006f)
core   0: 3 0x800000bc (0x0000006f)
core   0: 3 0x800000bc (0x0000006f)
core   0: 3 0x800000bc (0x0000006f)
core   0: 3 0x800000bc (0x0000006f)
core   0: 3 0x800000bc (0x0000006f)
core   0: 3 0x800000bc (0x0000006f)
core   0: 3 0x800000bc (0x0000006f)
core   0: 3 0x800000bc (0x0000006f)
core   0: 3 0x800000bc (0x0000006f)
core   0: 3 0x800000bc (0x0000006f)
core   0: 3 0x800000bc (0x0000006f)
core   0: 3 0x800000bc (0x0000006f)
core   0: 3 0x800000bc (0x0000006f)
core   0: 3 0x800000bc (0x0000006f)
core   0: 3 0x800000bc (0x0000006f)
core   0: 3 0x800000bc (0x0000006f)
core   0: 3 0x800000bc (0x0000006f)
core   0: 3 0x800000bc (0x0000006f)
core   0: 3 0x800000bc (0x0000006f)
core   0: 3 0x800000bc (0x0000006f)
core   0: 3 0x800000bc (0x0000006f)
core   0: 3 0x800000bc (0x0000006f)
core   0: 3 0x800000bc (0x0000006f)
core   0: 3 0x800000bc (0x0000006f)
core   0: 3 0x800000bc (0x0000006f)
core   0: 3 0x800000bc (0x0000006f)
core   0: 3 0x800000bc (0x0000006f)
core   0: 3 0x800000bc (0x0000006f)
core   0: 3 0x800000bc (0x0000006f)
core   0: 3 0x800000bc (0x0000006f)
core   0: 3 0x800000bc (0x0000006f)
core   0: 3 0x800000bc (0x0000006f)
core   0: 3 0x800000bc (0x0000006f)
core   0: 3 0x800000bc (0x0000006f)
core   0: 3 0x800000bc (0x0000006f)
core   0: 3 0x800000bc (0x0000006f)
core   0: 3 0x800000bc (0x0000006f)
core   0: 3 0x800000bc (0x0000006f)
core   0: 3 0x800000bc (0x0000006f)
core   0: 3 0x800000bc (0x0000006f)
core   0: 3 0x800000bc (0x0000006f)
core   0: 3 0x800000bc (0x0000006f)
core   0: 3 0x800000bc (0x0000006f)
core   0: 3 0x800000bc (0x0000006f)
core   0: 3 0x800000bc (0x0000006f)
core   0: 3 0x800000bc (0x0000006f)
core   0: 3 0x800000bc (0x0000006f)
core   0: 3 0x800000bc (0x0000006f)
core   0: 3 0x800000bc (0x0000006f)
core   0: 3 0x800000bc (0x0000006f)
core   0: 3 0x800000bc (0x0000006f)
core   0: 3 0x800000bc (0x0000006f)
core   0: 3 0x800000bc (0x0000006f)
core   0: 3 0x800000bc (0x0000006f)
core   0: 3 0x800000bc (0x0000006f)
core   0: 3 0x800000bc (0x0000006f)
core   0: 3 0x800000bc (0x0000006f)
core   0: 3 0x800000bc (0x0000006f)
core   0: 3 0x800000bc (0x0000006f)
core   0: 3 0x800000bc (0x0000006f)
core   0: 3 0x800000bc (0x0000006f)
core   0: 3 0x800000bc (0x0000006f)
core   0: 3 0x800000bc (0x0000006f)
core   0: 3 0x800000bc (0x0000006f)
core   0: 3 0x800000bc (0x0000006f)
core   0: 3 0x800000bc (0x0000006f)
core   0: 3 0x800000bc (0x0000006f)
core   0: 3 0x800000bc (0x0000006f)
core   0: 3 0x800000bc (0x0000006f)
core   0: 3 0x800000bc (0x0000006f)
core   0: 3 0x800000bc (0x0000006f)
core   0: 3 0x800000bc (0x0000006f)
core   0: 3 0x800000bc (0x0000006f)
core   0: 3 0x800000bc (0x0000006f)
core   0: 3 0x800000bc (0x0000006f)
core   0: 3 0x800000bc (0x0000006f)
core   0: 3 0x800000bc (0x0000006f)
core   0: 3 0x800000bc (0x0000006f)
core   0: 3 0x800000bc (0x0000006f)
core   0: 3 0x800000bc (0x0000006f)
core   0: 3 0x800000bc (0x0000006f)
core   0: 3 0x800000bc (0x0000006f)
core   0: 3 0x800000bc (0x0000006f)
core   0: 3 0x800000bc (0x0000006f)
core   0: 3 0x800000bc (0x0000006f)
core   0: 3 0x800000bc (0x0000006f)
core   0: 3 0x800000bc (0x0000006f)
core   0: 3 0x800000bc (0x0000006f)
core   0: 3 0x800000bc (0x0000006f)
core   0: 3 0x800000bc (0x0000006f)
core   0: 3 0x800000bc (0x0000006f)
core   0: 3 0x800000bc (0x0000006f)
core   0: 3 0x800000bc (0x0000006f)
core   0: 3 0x800000bc (0x0000006f)
core   0: 3 0x800000bc (0x0000006f)
core   0: 3 0x800000bc (0x0000006f)
core   0: 3 0x800000bc (0x0000006f)
core   0: 3 0x800000bc (0x0000006f)
core   0: 3 0x800000bc (0x0000006f)
core   0: 3 0x800000bc (0x0000006f)
core   0: 3 0x800000bc (0x0000006f)
core   0: 3 0x800000bc (0x0000006f)
core   0: 3 0x800000bc (0x0000006f)
core   0: 3 0x800000bc (0x0000006f)
core   0: 3 0x800000bc (0x0000006f)
core   0: 3 0x800000bc (0x0000006f)
core   0: 3 0x800000bc (0x0000006f)
core   0: 3 0x800000bc (0x0000006f)
core   0: 3 0x800000bc (0x0000006f)
core   0: 3 0x800000bc (0x0000006f)
core   0: 3 0x800000bc (0x0000006f)
core   0: 3 0x800000bc (0x0000006f)
core   0: 3 0x800000bc (0x0000006f)
core   0: 3 0x800000bc (0x0000006f)
core   0: 3 0x800000bc (0x0000006f)
core   0: 3 0x800000bc (0x0000006f)
core   0: 3 0x800000bc (0x0000006f)
core   0: 3 0x800000bc (0x0000006f)
core   0: 3 0x800000bc (0x0000006f)
core   0: 3 0x800000bc (0x0000006f)
core   0: 3 0x800000bc (0x0000006f)
core   0: 3 0x800000bc (0x0000006f)
core   0: 3 0x800000bc (0x0000006f)
core   0: 3 0x800000bc (0x0000006f)
core   0: 3 0x800000bc (0x0000006f)
core   0: 3 0x800000bc (0x0000006f)
core   0: 3 0x800000bc (0x0000006f)
core   0: 3 0x800000bc (0x0000006f)
core   0: 3 0x800000bc (0x0000006f)
core   0: 3 0x800000bc (0x0000006f)
core   0: 3 0x800000bc (0x0000006f)
core   0: 3 0x800000bc (0x0000006f)
core   0: 3 0x800000bc (0x0000006f)
core   0: 3 0x800000bc (0x0000006f)
core   0: 3 0x800000bc (0x0000006f)
core   0: 3 0x800000bc (0x0000006f)
core   0: 3 0x800000bc (0x0000006f)
core   0: 3 0x800000bc (0x0000006f)
core   0: 3 0x800000bc (0x0000006f)
core   0: 3 0x800000bc (0x0000006f)
core   0: 3 0x800000bc (0x0000006f)
core   0: 3 0x800000bc (0x0000006f)
core   0: 3 0x800000bc (0x0000006f)
core   0: 3 0x800000bc (0x0000006f)
core   0: 3 0x800000bc (0x0000006f)
core   0: 3 0x800000bc (0x0000006f)
core   0: 3 0x800000bc (0x0000006f)
core   0: 3 0x800000bc (0x0000006f)
core   0: 3 0x800000bc (0x0000006f)
core   0: 3 0x800000bc (0x0000006f)
core   0: 3 0x800000bc (0x0000006f)
core   0: 3 0x800000bc (0x0000006f)
core   0: 3 0x800000bc (0x0000006f)
core   0: 3 0x800000bc (0x0000006f)
core   0: 3 0x800000bc (0x0000006f)
core   0: 3 0x800000bc (0x0000006f)
core   0: 3 0x800000bc (0x0000006f)
core   0: 3 0x800000bc (0x0000006f)
core   0: 3 0x800000bc (0x0000006f)
core   0: 3 0x800000bc (0x0000006f)
core   0: 3 0x800000bc (0x0000006f)
core   0: 3 0x800000bc (0x0000006f)
core   0: 3 0x800000bc (0x0000006f)
core   0: 3 0x800000bc (0x0000006f)
core   0: 3 0x800000bc (0x0000006f)
core   0: 3 0x800000bc (0x0000006f)
core   0: 3 0x800000bc (0x0000006f)
core   0: 3 0x800000bc (0x0000006f)
core   0: 3 0x800000bc (0x0000006f)
core   0: 3 0x800000bc (0x0000006f)
core   0: 3 0x800000bc (0x0000006f)
core   0: 3 0x800000bc (0x0000006f)
core   0: 3 0x800000bc (0x0000006f)
core   0: 3 0x800000bc (0x0000006f)
core   0: 3 0x800000bc (0x0000006f)
core   0: 3 0x800000bc (0x0000006f)
core   0: 3 0x800000bc (0x0000006f)
core   0: 3 0x800000bc (0x0000006f)
core   0: 3 0x800000bc (0x0000006f)
core   0: 3 0x800000bc (0x0000006f)
core   0: 3 0x800000bc (0x0000006f)
core   0: 3 0x800000bc (0x0000006f)
core   0: 3 0x800000bc (0x0000006f)
core   0: 3 0x800000bc (0x0000006f)
core   0: 3 0x800000bc (0x0000006f)
core   0: 3 0x800000bc (0x0000006f)
core   0: 3 0x800000bc (0x0000006f)
core   0: 3 0x800000bc (0x0000006f)
core   0: 3 0x800000bc (0x0000006f)
core   0: 3 0x800000bc (0x0000006f)
core   0: 3 0x800000bc (0x0000006f)
core   0: 3 0x800000bc (0x0000006f)
core   0: 3 0x800000bc (0x0000006f)
core   0: 3 0x800000bc (0x0000006f)
core   0: 3 0x800000bc (0x0000006f)
core   0: 3 0x800000bc (0x0000006f)
core   0: 3 0x800000bc (0x0000006f)
core   0: 3 0x800000bc (0x0000006f)
core   0: 3 0x800000bc (0x0000006f)
core   0: 3 0x800000bc (0x0000006f)
core   0: 3 0x800000bc (0x0000006f)
core   0: 3 0x800000bc (0x0000006f)
core   0: 3 0x800000bc (0x0000006f)
core   0: 3 0x800000bc (0x0000006f)
core   0: 3 0x800000bc (0x0000006f)
core   0: 3 0x800000bc (0x0000006f)
core   0: 3 0x800000bc (0x0000006f)
core   0: 3 0x800000bc (0x0000006f)
core   0: 3 0x800000bc (0x0000006f)
core   0: 3 0x800000bc (0x0000006f)
core   0: 3 0x800000bc (0x0000006f)
core   0: 3 0x800000bc (0x0000006f)
core   0: 3 0x800000bc (0x0000006f)
core   0: 3 0x800000bc (0x0000006f)
core   0: 3 0x800000bc (0x0000006f)
core   0: 3 0x800000bc (0x0000006f)
core   0: 3 0x800000bc (0x0000006f)
core   0: 3 0x800000bc (0x0000006f)
core   0: 3 0x800000bc (0x0000006f)
core   0: 3 0x800000bc (0x0000006f)
core   0: 3 0x800000bc (0x0000006f)
core   0: 3 0x800000bc (0x0000006f)
core   0: 3 0x800000bc (0x0000006f)
core   0: 3 0x800000bc (0x0000006f)
core   0: 3 0x800000bc (0x0000006f)
core   0: 3 0x800000bc (0x0000006f)
core   0: 3 0x800000bc (0x0000006f)
core   0: 3 0x800000bc (0x0000006f)
core   0: 3 0x800000bc (0x0000006f)
core   0: 3 0x800000bc (0x0000006f)
core   0: 3 0x800000bc (0x0000006f)
core   0: 3 0x800000bc (0x0000006f)
core   0: 3 0x800000bc (0x0000006f)
core   0: 3 0x800000bc (0x0000006f)
core   0: 3 0x800000bc (0x0000006f)
core   0: 3 0x800000bc (0x0000006f)
core   0: 3 0x800000bc (0x0000006f)
core   0: 3 0x800000bc (0x0000006f)
core   0: 3 0x800000bc (0x0000006f)
core   0: 3 0x800000bc (0x0000006f)
core   0: 3 0x800000bc (0x0000006f)
core   0: 3 0x800000bc (0x0000006f)
core   0: 3 0x800000bc (0x0000006f)
core   0: 3 0x800000bc (0x0000006f)
core   0: 3 0x800000bc (0x0000006f)
core   0: 3 0x800000bc (0x0000006f)
core   0: 3 0x800000bc (0x0000006f)
core   0: 3 0x800000bc (0x0000006f)
core   0: 3 0x800000bc (0x0000006f)
core   0: 3 0x800000bc (0x0000006f)
core   0: 3 0x800000bc (0x0000006f)
core   0: 3 0x800000bc (0x0000006f)
core   0: 3 0x800000bc (0x0000006f)
core   0: 3 0x800000bc (0x0000006f)
core   0: 3 0x800000bc (0x0000006f)
core   0: 3 0x800000bc (0x0000006f)
core   0: 3 0x800000bc (0x0000006f)
core   0: 3 0x800000bc (0x0000006f)
core   0: 3 0x800000bc (0x0000006f)
core   0: 3 0x800000bc (0x0000006f)
core   0: 3 0x800000bc (0x0000006f)
core   0: 3 0x800000bc (0x0000006f)
core   0: 3 0x800000bc (0x0000006f)
core   0: 3 0x800000bc (0x0000006f)
core   0: 3 0x800000bc (0x0000006f)
core   0: 3 0x800000bc (0x0000006f)
core   0: 3 0x800000bc (0x0000006f)
core   0: 3 0x800000bc (0x0000006f)
core   0: 3 0x800000bc (0x0000006f)
core   0: 3 0x800000bc (0x0000006f)
core   0: 3 0x800000bc (0x0000006f)
core   0: 3 0x800000bc (0x0000006f)
core   0: 3 0x800000bc (0x0000006f)
core   0: 3 0x800000bc (0x0000006f)
core   0: 3 0x800000bc (0x0000006f)
core   0: 3 0x800000bc (0x0000006f)
core   0: 3 0x800000bc (0x0000006f)
core   0: 3 0x800000bc (0x0000006f)
core   0: 3 0x800000bc (0x0000006f)
core   0: 3 0x800000bc (0x0000006f)
core   0: 3 0x800000bc (0x0000006f)
core   0: 3 0x800000bc (0x0000006f)
core   0: 3 0x800000bc (0x0000006f)
core   0: 3 0x800000bc (0x0000006f)
core   0: 3 0x800000bc (0x0000006f)
core   0: 3 0x800000bc (0x0000006f)
core   0: 3 0x800000bc (0x0000006f)
core   0: 3 0x800000bc (0x0000006f)
core   0: 3 0x800000bc (0x0000006f)
core   0: 3 0x800000bc (0x0000006f)
core   0: 3 0x800000bc (0x0000006f)
core   0: 3 0x800000bc (0x0000006f)
core   0: 3 0x800000bc (0x0000006f)
core   0: 3 0x800000bc (0x0000006f)
core   0: 3 0x800000bc (0x0000006f)
core   0: 3 0x800000bc (0x0000006f)
core   0: 3 0x800000bc (0x0000006f)
core   0: 3 0x800000bc (0x0000006f)
core   0: 3 0x800000bc (0x0000006f)
core   0: 3 0x800000bc (0x0000006f)
core   0: 3 0x800000bc (0x0000006f)
core   0: 3 0x800000bc (0x0000006f)
core   0: 3 0x800000bc (0x0000006f)
core   0: 3 0x800000bc (0x0000006f)
core   0: 3 0x800000bc (0x0000006f)
core   0: 3 0x800000bc (0x0000006f)
core   0: 3 0x800000bc (0x0000006f)
core   0: 3 0x800000bc (0x0000006f)
core   0: 3 0x800000bc (0x0000006f)
core   0: 3 0x800000bc (0x0000006f)
core   0: 3 0x800000bc (0x0000006f)
core   0: 3 0x800000bc (0x0000006f)
core   0: 3 0x800000bc (0x0000006f)
core   0: 3 0x800000bc (0x0000006f)
core   0: 3 0x800000bc (0x0000006f)
core   0: 3 0x800000bc (0x0000006f)
core   0: 3 0x800000bc (0x0000006f)
core   0: 3 0x800000bc (0x0000006f)
core   0: 3 0x800000bc (0x0000006f)
core   0: 3 0x800000bc (0x0000006f)
core   0: 3 0x800000bc (0x0000006f)
core   0: 3 0x800000bc (0x0000006f)
core   0: 3 0x800000bc (0x0000006f)
core   0: 3 0x800000bc (0x0000006f)
core   0: 3 0x800000bc (0x0000006f)
core   0: 3 0x800000bc (0x0000006f)
core   0: 3 0x800000bc (0x0000006f)
core   0: 3 0x800000bc (0x0000006f)
core   0: 3 0x800000bc (0x0000006f)
core   0: 3 0x800000bc (0x0000006f)
core   0: 3 0x800000bc (0x0000006f)
core   0: 3 0x800000bc (0x0000006f)
core   0: 3 0x800000bc (0x0000006f)
core   0: 3 0x800000bc (0x0000006f)
core   0: 3 0x800000bc (0x0000006f)
core   0: 3 0x800000bc (0x0000006f)
core   0: 3 0x800000bc (0x0000006f)
core   0: 3 0x800000bc (0x0000006f)
core   0: 3 0x800000bc (0x0000006f)
core   0: 3 0x800000bc (0x0000006f)
core   0: 3 0x800000bc (0x0000006f)
core   0: 3 0x800000bc (0x0000006f)
core   0: 3 0x800000bc (0x0000006f)
core   0: 3 0x800000bc (0x0000006f)
core   0: 3 0x800000bc (0x0000006f)
core   0: 3 0x800000bc (0x0000006f)
core   0: 3 0x800000bc (0x0000006f)
core   0: 3 0x800000bc (0x0000006f)
core   0: 3 0x800000bc (0x0000006f)
core   0: 3 0x800000bc (0x0000006f)
core   0: 3 0x800000bc (0x0000006f)
core   0: 3 0x800000bc (0x0000006f)
core   0: 3 0x800000bc (0x0000006f)
core   0: 3 0x800000bc (0x0000006f)
core   0: 3 0x800000bc (0x0000006f)
core   0: 3 0x800000bc (0x0000006f)
core   0: 3 0x800000bc (0x0000006f)
core   0: 3 0x800000bc (0x0000006f)
core   0: 3 0x800000bc (0x0000006f)
core   0: 3 0x800000bc (0x0000006f)
core   0: 3 0x800000bc (0x0000006f)
core   0: 3 0x800000bc (0x0000006f)
core   0: 3 0x800000bc (0x0000006f)
core   0: 3 0x800000bc (0x0000006f)
core   0: 3 0x800000bc (0x0000006f)
core   0: 3 0x800000bc (0x0000006f)
core   0: 3 0x800000bc (0x0000006f)
core   0: 3 0x800000bc (0x0000006f)
core   0: 3 0x800000bc (0x0000006f)
core   0: 3 0x800000bc (0x0000006f)
core   0: 3 0x800000bc (0x0000006f)
core   0: 3 0x800000bc (0x0000006f)
core   0: 3 0x800000bc (0x0000006f)
core   0: 3 0x800000bc (0x0000006f)
core   0: 3 0x800000bc (0x0000006f)
core   0: 3 0x800000bc (0x0000006f)
core   0: 3 0x800000bc (0x0000006f)
core   0: 3 0x800000bc (0x0000006f)
core   0: 3 0x800000bc (0x0000006f)
core   0: 3 0x800000bc (0x0000006f)
core   0: 3 0x800000bc (0x0000006f)
core   0: 3 0x800000bc (0x0000006f)
core   0: 3 0x800000bc (0x0000006f)
core   0: 3 0x800000bc (0x0000006f)
core   0: 3 0x800000bc (0x0000006f)
core   0: 3 0x800000bc (0x0000006f)
core   0: 3 0x800000bc (0x0000006f)
core   0: 3 0x800000bc (0x0000006f)
core   0: 3 0x800000bc (0x0000006f)
core   0: 3 0x800000bc (0x0000006f)
core   0: 3 0x800000bc (0x0000006f)
core   0: 3 0x800000bc (0x0000006f)
core   0: 3 0x800000bc (0x0000006f)
core   0: 3 0x800000bc (0x0000006f)
core   0: 3 0x800000bc (0x0000006f)
core   0: 3 0x800000bc (0x0000006f)
core   0: 3 0x800000bc (0x0000006f)
core   0: 3 0x800000bc (0x0000006f)
core   0: 3 0x800000bc (0x0000006f)
core   0: 3 0x800000bc (0x0000006f)
core   0: 3 0x800000bc (0x0000006f)
core   0: 3 0x800000bc (0x0000006f)
core   0: 3 0x800000bc (0x0000006f)
core   0: 3 0x800000bc (0x0000006f)
core   0: 3 0x800000bc (0x0000006f)
core   0: 3 0x800000bc (0x0000006f)
core   0: 3 0x800000bc (0x0000006f)
core   0: 3 0x800000bc (0x0000006f)
core   0: 3 0x800000bc (0x0000006f)
core   0: 3 0x800000bc (0x0000006f)
core   0: 3 0x800000bc (0x0000006f)
core   0: 3 0x800000bc (0x0000006f)
core   0: 3 0x800000bc (0x0000006f)
core   0: 3 0x800000bc (0x0000006f)
core   0: 3 0x800000bc (0x0000006f)
core   0: 3 0x800000bc (0x0000006f)
core   0: 3 0x800000bc (0x0000006f)
core   0: 3 0x800000bc (0x0000006f)
core   0: 3 0x800000bc (0x0000006f)
core   0: 3 0x800000bc (0x0000006f)
core   0: 3 0x800000bc (0x0000006f)
core   0: 3 0x800000bc (0x0000006f)
core   0: 3 0x800000bc (0x0000006f)
core   0: 3 0x800000bc (0x0000006f)
core   0: 3 0x800000bc (0x0000006f)
core   0: 3 0x800000bc (0x0000006f)
core   0: 3 0x800000bc (0x0000006f)
core   0: 3 0x800000bc (0x0000006f)
core   0: 3 0x800000bc (0x0000006f)
core   0: 3 0x800000bc (0x0000006f)
core   0: 3 0x800000bc (0x0000006f)
core   0: 3 0x800000bc (0x0000006f)
core   0: 3 0x800000bc (0x0000006f)
core   0: 3 0x800000bc (0x0000006f)
core   0: 3 0x800000bc (0x0000006f)
core   0: 3 0x800000bc (0x0000006f)
core   0: 3 0x800000bc (0x0000006f)
core   0: 3 0x800000bc (0x0000006f)
core   0: 3 0x800000bc (0x0000006f)
core   0: 3 0x800000bc (0x0000006f)
core   0: 3 0x800000bc (0x0000006f)
core   0: 3 0x800000bc (0x0000006f)
core   0: 3 0x800000bc (0x0000006f)
core   0: 3 0x800000bc (0x0000006f)
core   0: 3 0x800000bc (0x0000006f)
core   0: 3 0x800000bc (0x0000006f)
core   0: 3 0x800000bc (0x0000006f)
core   0: 3 0x800000bc (0x0000006f)
core   0: 3 0x800000bc (0x0000006f)
core   0: 3 0x800000bc (0x0000006f)
core   0: 3 0x800000bc (0x0000006f)
core   0: 3 0x800000bc (0x0000006f)
core   0: 3 0x800000bc (0x0000006f)
core   0: 3 0x800000bc (0x0000006f)
core   0: 3 0x800000bc (0x0000006f)
core   0: 3 0x800000bc (0x0000006f)
core   0: 3 0x800000bc (0x0000006f)
core   0: 3 0x800000bc (0x0000006f)
core   0: 3 0x800000bc (0x0000006f)
core   0: 3 0x800000bc (0x0000006f)
core   0: 3 0x800000bc (0x0000006f)
core   0: 3 0x800000bc (0x0000006f)
core   0: 3 0x800000bc (0x0000006f)
core   0: 3 0x800000bc (0x0000006f)
core   0: 3 0x800000bc (0x0000006f)
core   0: 3 0x800000bc (0x0000006f)
core   0: 3 0x800000bc (0x0000006f)
core   0: 3 0x800000bc (0x0000006f)
core   0: 3 0x800000bc (0x0000006f)
core   0: 3 0x800000bc (0x0000006f)
core   0: 3 0x800000bc (0x0000006f)
core   0: 3 0x800000bc (0x0000006f)
core   0: 3 0x800000bc (0x0000006f)
core   0: 3 0x800000bc (0x0000006f)
core   0: 3 0x800000bc (0x0000006f)
core   0: 3 0x800000bc (0x0000006f)
core   0: 3 0x800000bc (0x0000006f)
core   0: 3 0x800000bc (0x0000006f)
core   0: 3 0x800000bc (0x0000006f)
core   0: 3 0x800000bc (0x0000006f)
core   0: 3 0x800000bc (0x0000006f)
core   0: 3 0x800000bc (0x0000006f)
core   0: 3 0x800000bc (0x0000006f)
core   0: 3 0x800000bc (0x0000006f)
core   0: 3 0x800000bc (0x0000006f)
core   0: 3 0x800000bc (0x0000006f)
core   0: 3 0x800000bc (0x0000006f)
core   0: 3 0x800000bc (0x0000006f)
core   0: 3 0x800000bc (0x0000006f)
core   0: 3 0x800000bc (0x0000006f)
core   0: 3 0x800000bc (0x0000006f)
core   0: 3 0x800000bc (0x0000006f)
core   0: 3 0x800000bc (0x0000006f)
core   0: 3 0x800000bc (0x0000006f)
core   0: 3 0x800000bc (0x0000006f)
core   0: 3 0x800000bc (0x0000006f)
core   0: 3 0x800000bc (0x0000006f)
core   0: 3 0x800000bc (0x0000006f)
core   0: 3 0x800000bc (0x0000006f)
core   0: 3 0x800000bc (0x0000006f)
core   0: 3 0x800000bc (0x0000006f)
core   0: 3 0x800000bc (0x0000006f)
core   0: 3 0x800000bc (0x0000006f)
core   0: 3 0x800000bc (0x0000006f)
core   0: 3 0x800000bc (0x0000006f)
core   0: 3 0x800000bc (0x0000006f)
core   0: 3 0x800000bc (0x0000006f)
core   0: 3 0x800000bc (0x0000006f)
core   0: 3 0x800000bc (0x0000006f)
core   0: 3 0x800000bc (0x0000006f)
core   0: 3 0x800000bc (0x0000006f)
core   0: 3 0x800000bc (0x0000006f)
core   0: 3 0x800000bc (0x0000006f)
core   0: 3 0x800000bc (0x0000006f)
core   0: 3 0x800000bc (0x0000006f)
core   0: 3 0x800000bc (0x0000006f)
core   0: 3 0x800000bc (0x0000006f)
core   0: 3 0x800000bc (0x0000006f)
core   0: 3 0x800000bc (0x0000006f)
core   0: 3 0x800000bc (0x0000006f)
core   0: 3 0x800000bc (0x0000006f)
core   0: 3 0x800000bc (0x0000006f)
core   0: 3 0x800000bc (0x0000006f)
core   0: 3 0x800000bc (0x0000006f)
core   0: 3 0x800000bc (0x0000006f)
core   0: 3 0x800000bc (0x0000006f)
core   0: 3 0x800000bc (0x0000006f)
core   0: 3 0x800000bc (0x0000006f)
core   0: 3 0x800000bc (0x0000006f)
core   0: 3 0x800000bc (0x0000006f)
core   0: 3 0x800000bc (0x0000006f)
core   0: 3 0x800000bc (0x0000006f)
core   0: 3 0x800000bc (0x0000006f)
core   0: 3 0x800000bc (0x0000006f)
core   0: 3 0x800000bc (0x0000006f)
core   0: 3 0x800000bc (0x0000006f)
core   0: 3 0x800000bc (0x0000006f)
core   0: 3 0x800000bc (0x0000006f)
core   0: 3 0x800000bc (0x0000006f)
core   0: 3 0x800000bc (0x0000006f)
core   0: 3 0x800000bc (0x0000006f)
core   0: 3 0x800000bc (0x0000006f)
core   0: 3 0x800000bc (0x0000006f)
core   0: 3 0x800000bc (0x0000006f)
core   0: 3 0x800000bc (0x0000006f)
core   0: 3 0x800000bc (0x0000006f)
core   0: 3 0x800000bc (0x0000006f)
core   0: 3 0x800000bc (0x0000006f)
core   0: 3 0x800000bc (0x0000006f)
core   0: 3 0x800000bc (0x0000006f)
core   0: 3 0x800000bc (0x0000006f)
core   0: 3 0x800000bc (0x0000006f)
core   0: 3 0x800000bc (0x0000006f)
core   0: 3 0x800000bc (0x0000006f)
core   0: 3 0x800000bc (0x0000006f)
core   0: 3 0x800000bc (0x0000006f)
core   0: 3 0x800000bc (0x0000006f)
core   0: 3 0x800000bc (0x0000006f)
core   0: 3 0x800000bc (0x0000006f)
core   0: 3 0x800000bc (0x0000006f)
core   0: 3 0x800000bc (0x0000006f)
core   0: 3 0x800000bc (0x0000006f)
core   0: 3 0x800000bc (0x0000006f)
core   0: 3 0x800000bc (0x0000006f)
core   0: 3 0x800000bc (0x0000006f)
core   0: 3 0x800000bc (0x0000006f)
core   0: 3 0x800000bc (0x0000006f)
core   0: 3 0x800000bc (0x0000006f)
core   0: 3 0x800000bc (0x0000006f)
core   0: 3 0x800000bc (0x0000006f)
core   0: 3 0x800000bc (0x0000006f)
core   0: 3 0x800000bc (0x0000006f)
core   0: 3 0x800000bc (0x0000006f)
core   0: 3 0x800000bc (0x0000006f)
core   0: 3 0x800000bc (0x0000006f)
core   0: 3 0x800000bc (0x0000006f)
core   0: 3 0x800000bc (0x0000006f)
core   0: 3 0x800000bc (0x0000006f)
core   0: 3 0x800000bc (0x0000006f)
core   0: 3 0x800000bc (0x0000006f)
core   0: 3 0x800000bc (0x0000006f)
core   0: 3 0x800000bc (0x0000006f)
core   0: 3 0x800000bc (0x0000006f)
core   0: 3 0x800000bc (0x0000006f)
core   0: 3 0x800000bc (0x0000006f)
core   0: 3 0x800000bc (0x0000006f)
core   0: 3 0x800000bc (0x0000006f)
core   0: 3 0x800000bc (0x0000006f)
core   0: 3 0x800000bc (0x0000006f)
core   0: 3 0x800000bc (0x0000006f)
core   0: 3 0x800000bc (0x0000006f)
core   0: 3 0x800000bc (0x0000006f)
core   0: 3 0x800000bc (0x0000006f)
core   0: 3 0x800000bc (0x0000006f)
core   0: 3 0x800000bc (0x0000006f)
core   0: 3 0x800000bc (0x0000006f)
core   0: 3 0x800000bc (0x0000006f)
core   0: 3 0x800000bc (0x0000006f)
core   0: 3 0x800000bc (0x0000006f)
core   0: 3 0x800000bc (0x0000006f)
core   0: 3 0x800000bc (0x0000006f)
core   0: 3 0x800000bc (0x0000006f)
core   0: 3 0x800000bc (0x0000006f)
core   0: 3 0x800000bc (0x0000006f)
core   0: 3 0x800000bc (0x0000006f)
core   0: 3 0x800000bc (0x0000006f)
core   0: 3 0x800000bc (0x0000006f)
core   0: 3 0x800000bc (0x0000006f)
core   0: 3 0x800000bc (0x0000006f)
core   0: 3 0x800000bc (0x0000006f)
core   0: 3 0x800000bc (0x0000006f)
core   0: 3 0x800000bc (0x0000006f)
core   0: 3 0x800000bc (0x0000006f)
core   0: 3 0x800000bc (0x0000006f)
core   0: 3 0x800000bc (0x0000006f)
core   0: 3 0x800000bc (0x0000006f)
core   0: 3 0x800000bc (0x0000006f)
core   0: 3 0x800000bc (0x0000006f)
core   0: 3 0x800000bc (0x0000006f)
core   0: 3 0x800000bc (0x0000006f)
core   0: 3 0x800000bc (0x0000006f)
core   0: 3 0x800000bc (0x0000006f)
core   0: 3 0x800000bc (0x0000006f)
core   0: 3 0x800000bc (0x0000006f)
core   0: 3 0x800000bc (0x0000006f)
core   0: 3 0x800000bc (0x0000006f)
core   0: 3 0x800000bc (0x0000006f)
core   0: 3 0x800000bc (0x0000006f)
core   0: 3 0x800000bc (0x0000006f)
core   0: 3 0x800000bc (0x0000006f)
core   0: 3 0x800000bc (0x0000006f)
core   0: 3 0x800000bc (0x0000006f)
core   0: 3 0x800000bc (0x0000006f)
core   0: 3 0x800000bc (0x0000006f)
core   0: 3 0x800000bc (0x0000006f)
core   0: 3 0x800000bc (0x0000006f)
core   0: 3 0x800000bc (0x0000006f)
core   0: 3 0x800000bc (0x0000006f)
core   0: 3 0x800000bc (0x0000006f)
core   0: 3 0x800000bc (0x0000006f)
core   0: 3 0x800000bc (0x0000006f)
core   0: 3 0x800000bc (0x0000006f)
core   0: 3 0x800000bc (0x0000006f)
core   0: 3 0x800000bc (0x0000006f)
core   0: 3 0x800000bc (0x0000006f)
core   0: 3 0x800000bc (0x0000006f)
core   0: 3 0x800000bc (0x0000006f)
core   0: 3 0x800000bc (0x0000006f)
core   0: 3 0x800000bc (0x0000006f)
core   0: 3 0x800000bc (0x0000006f)
core   0: 3 0x800000bc (0x0000006f)
core   0: 3 0x800000bc (0x0000006f)
core   0: 3 0x800000bc (0x0000006f)
core   0: 3 0x800000bc (0x0000006f)
core   0: 3 0x800000bc (0x0000006f)
core   0: 3 0x800000bc (0x0000006f)
core   0: 3 0x800000bc (0x0000006f)
core   0: 3 0x800000bc (0x0000006f)
core   0: 3 0x800000bc (0x0000006f)
core   0: 3 0x800000bc (0x0000006f)
core   0: 3 0x800000bc (0x0000006f)
core   0: 3 0x800000bc (0x0000006f)
core   0: 3 0x800000bc (0x0000006f)
core   0: 3 0x800000bc (0x0000006f)
core   0: 3 0x800000bc (0x0000006f)
core   0: 3 0x800000bc (0x0000006f)
core   0: 3 0x800000bc (0x0000006f)
core   0: 3 0x800000bc (0x0000006f)
core   0: 3 0x800000bc (0x0000006f)
core   0: 3 0x800000bc (0x0000006f)
core   0: 3 0x800000bc (0x0000006f)
core   0: 3 0x800000bc (0x0000006f)
core   0: 3 0x800000bc (0x0000006f)
core   0: 3 0x800000bc (0x0000006f)
core   0: 3 0x800000bc (0x0000006f)
core   0: 3 0x800000bc (0x0000006f)
core   0: 3 0x800000bc (0x0000006f)
core   0: 3 0x800000bc (0x0000006f)
core   0: 3 0x800000bc (0x0000006f)
core   0: 3 0x800000bc (0x0000006f)
core   0: 3 0x800000bc (0x0000006f)
core   0: 3 0x800000bc (0x0000006f)
core   0: 3 0x800000bc (0x0000006f)
core   0: 3 0x800000bc (0x0000006f)
core   0: 3 0x800000bc (0x0000006f)
core   0: 3 0x800000bc (0x0000006f)
core   0: 3 0x800000bc (0x0000006f)
core   0: 3 0x800000bc (0x0000006f)
core   0: 3 0x800000bc (0x0000006f)
core   0: 3 0x800000bc (0x0000006f)
core   0: 3 0x800000bc (0x0000006f)
core   0: 3 0x800000bc (0x0000006f)
core   0: 3 0x800000bc (0x0000006f)
core   0: 3 0x800000bc (0x0000006f)
core   0: 3 0x800000bc (0x0000006f)
core   0: 3 0x800000bc (0x0000006f)
core   0: 3 0x800000bc (0x0000006f)
core   0: 3 0x800000bc (0x0000006f)
core   0: 3 0x800000bc (0x0000006f)
core   0: 3 0x800000bc (0x0000006f)
core   0: 3 0x800000bc (0x0000006f)
core   0: 3 0x800000bc (0x0000006f)
core   0: 3 0x800000bc (0x0000006f)
core   0: 3 0x800000bc (0x0000006f)
core   0: 3 0x800000bc (0x0000006f)
core   0: 3 0x800000bc (0x0000006f)
core   0: 3 0x800000bc (0x0000006f)
core   0: 3 0x800000bc (0x0000006f)
core   0: 3 0x800000bc (0x0000006f)
core   0: 3 0x800000bc (0x0000006f)
core   0: 3 0x800000bc (0x0000006f)
core   0: 3 0x800000bc (0x0000006f)
core   0: 3 0x800000bc (0x0000006f)
core   0: 3 0x800000bc (0x0000006f)
core   0: 3 0x800000bc (0x0000006f)
core   0: 3 0x800000bc (0x0000006f)
core   0: 3 0x800000bc (0x0000006f)
core   0: 3 0x800000bc (0x0000006f)
core   0: 3 0x800000bc (0x0000006f)
core   0: 3 0x800000bc (0x0000006f)
core   0: 3 0x800000bc (0x0000006f)
core   0: 3 0x800000bc (0x0000006f)
core   0: 3 0x800000bc (0x0000006f)
core   0: 3 0x800000bc (0x0000006f)
core   0: 3 0x800000bc (0x0000006f)
core   0: 3 0x800000bc (0x0000006f)
core   0: 3 0x800000bc (0x0000006f)
core   0: 3 0x800000bc (0x0000006f)
core   0: 3 0x800000bc (0x0000006f)
core   0: 3 0x800000bc (0x0000006f)
core   0: 3 0x800000bc (0x0000006f)
core   0: 3 0x800000bc (0x0000006f)
core   0: 3 0x800000bc (0x0000006f)
core   0: 3 0x800000bc (0x0000006f)
core   0: 3 0x800000bc (0x0000006f)
core   0: 3 0x800000bc (0x0000006f)
core   0: 3 0x800000bc (0x0000006f)
core   0: 3 0x800000bc (0x0000006f)
core   0: 3 0x800000bc (0x0000006f)
core   0: 3 0x800000bc (0x0000006f)
core   0: 3 0x800000bc (0x0000006f)
core   0: 3 0x800000bc (0x0000006f)
core   0: 3 0x800000bc (0x0000006f)
core   0: 3 0x800000bc (0x0000006f)
core   0: 3 0x800000bc (0x0000006f)
core   0: 3 0x800000bc (0x0000006f)
core   0: 3 0x800000bc (0x0000006f)
core   0: 3 0x800000bc (0x0000006f)
core   0: 3 0x800000bc (0x0000006f)
core   0: 3 0x800000bc (0x0000006f)
core   0: 3 0x800000bc (0x0000006f)
core   0: 3 0x800000bc (0x0000006f)
core   0: 3 0x800000bc (0x0000006f)
core   0: 3 0x800000bc (0x0000006f)
core   0: 3 0x800000bc (0x0000006f)
core   0: 3 0x800000bc (0x0000006f)
core   0: 3 0x800000bc (0x0000006f)
core   0: 3 0x800000bc (0x0000006f)
core   0: 3 0x800000bc (0x0000006f)
core   0: 3 0x800000bc (0x0000006f)
core   0: 3 0x800000bc (0x0000006f)
core   0: 3 0x800000bc (0x0000006f)
core   0: 3 0x800000bc (0x0000006f)
core   0: 3 0x800000bc (0x0000006f)
core   0: 3 0x800000bc (0x0000006f)
core   0: 3 0x800000bc (0x0000006f)
core   0: 3 0x800000bc (0x0000006f)
core   0: 3 0x800000bc (0x0000006f)
core   0: 3 0x800000bc (0x0000006f)
core   0: 3 0x800000bc (0x0000006f)
core   0: 3 0x800000bc (0x0000006f)
core   0: 3 0x800000bc (0x0000006f)
core   0: 3 0x800000bc (0x0000006f)
core   0: 3 0x800000bc (0x0000006f)
core   0: 3 0x800000bc (0x0000006f)
core   0: 3 0x800000bc (0x0000006f)
core   0: 3 0x800000bc (0x0000006f)
core   0: 3 0x800000bc (0x0000006f)
core   0: 3 0x800000bc (0x0000006f)
core   0: 3 0x800000bc (0x0000006f)
core   0: 3 0x800000bc (0x0000006f)
core   0: 3 0x800000bc (0x0000006f)
core   0: 3 0x800000bc (0x0000006f)
core   0: 3 0x800000bc (0x0000006f)
core   0: 3 0x800000bc (0x0000006f)
core   0: 3 0x800000bc (0x0000006f)
core   0: 3 0x800000bc (0x0000006f)
core   0: 3 0x800000bc (0x0000006f)
core   0: 3 0x800000bc (0x0000006f)
core   0: 3 0x800000bc (0x0000006f)
core   0: 3 0x800000bc (0x0000006f)
core   0: 3 0x800000bc (0x0000006f)
core   0: 3 0x800000bc (0x0000006f)
core   0: 3 0x800000bc (0x0000006f)
core   0: 3 0x800000bc (0x0000006f)
core   0: 3 0x800000bc (0x0000006f)
core   0: 3 0x800000bc (0x0000006f)
core   0: 3 0x800000bc (0x0000006f)
core   0: 3 0x800000bc (0x0000006f)
core   0: 3 0x800000bc (0x0000006f)
core   0: 3 0x800000bc (0x0000006f)
core   0: 3 0x800000bc (0x0000006f)
core   0: 3 0x800000bc (0x0000006f)
core   0: 3 0x800000bc (0x0000006f)
core   0: 3 0x800000bc (0x0000006f)
core   0: 3 0x800000bc (0x0000006f)
core   0: 3 0x800000bc (0x0000006f)
core   0: 3 0x800000bc (0x0000006f)
core   0: 3 0x800000bc (0x0000006f)
core   0: 3 0x800000bc (0x0000006f)
core   0: 3 0x800000bc (0x0000006f)
core   0: 3 0x800000bc (0x0000006f)
core   0: 3 0x800000bc (0x0000006f)
core   0: 3 0x800000bc (0x0000006f)
core   0: 3 0x800000bc (0x0000006f)
core   0: 3 0x800000bc (0x0000006f)
core   0: 3 0x800000bc (0x0000006f)
core   0: 3 0x800000bc (0x0000006f)
core   0: 3 0x800000bc (0x0000006f)
core   0: 3 0x800000bc (0x0000006f)
core   0: 3 0x800000bc (0x0000006f)
core   0: 3 0x800000bc (0x0000006f)
core   0: 3 0x800000bc (0x0000006f)
core   0: 3 0x800000bc (0x0000006f)
core   0: 3 0x800000bc (0x0000006f)
core   0: 3 0x800000bc (0x0000006f)
core   0: 3 0x800000bc (0x0000006f)
core   0: 3 0x800000bc (0x0000006f)
core   0: 3 0x800000bc (0x0000006f)
core   0: 3 0x800000bc (0x0000006f)
core   0: 3 0x800000bc (0x0000006f)
core   0: 3 0x800000bc (0x0000006f)
core   0: 3 0x800000bc (0x0000006f)
core   0: 3 0x800000bc (0x0000006f)
core   0: 3 0x800000bc (0x0000006f)
core   0: 3 0x800000bc (0x0000006f)
core   0: 3 0x800000bc (0x0000006f)
core   0: 3 0x800000bc (0x0000006f)
core   0: 3 0x800000bc (0x0000006f)
core   0: 3 0x800000bc (0x0000006f)
core   0: 3 0x800000bc (0x0000006f)
core   0: 3 0x800000bc (0x0000006f)
core   0: 3 0x800000bc (0x0000006f)
core   0: 3 0x800000bc (0x0000006f)
core   0: 3 0x800000bc (0x0000006f)
core   0: 3 0x800000bc (0x0000006f)
core   0: 3 0x800000bc (0x0000006f)
core   0: 3 0x800000bc (0x0000006f)
core   0: 3 0x800000bc (0x0000006f)
core   0: 3 0x800000bc (0x0000006f)
core   0: 3 0x800000bc (0x0000006f)
core   0: 3 0x800000bc (0x0000006f)
core   0: 3 0x800000bc (0x0000006f)
core   0: 3 0x800000bc (0x0000006f)
core   0: 3 0x800000bc (0x0000006f)
core   0: 3 0x800000bc (0x0000006f)
core   0: 3 0x800000bc (0x0000006f)
core   0: 3 0x800000bc (0x0000006f)
core   0: 3 0x800000bc (0x0000006f)
core   0: 3 0x800000bc (0x0000006f)
core   0: 3 0x800000bc (0x0000006f)
core   0: 3 0x800000bc (0x0000006f)
core   0: 3 0x800000bc (0x0000006f)
core   0: 3 0x800000bc (0x0000006f)
core   0: 3 0x800000bc (0x0000006f)
core   0: 3 0x800000bc (0x0000006f)
core   0: 3 0x800000bc (0x0000006f)
core   0: 3 0x800000bc (0x0000006f)
core   0: 3 0x800000bc (0x0000006f)
core   0: 3 0x800000bc (0x0000006f)
core   0: 3 0x800000bc (0x0000006f)
core   0: 3 0x800000bc (0x0000006f)
core   0: 3 0x800000bc (0x0000006f)
core   0: 3 0x800000bc (0x0000006f)
core   0: 3 0x800000bc (0x0000006f)
core   0: 3 0x800000bc (0x0000006f)
core   0: 3 0x800000bc (0x0000006f)
core   0: 3 0x800000bc (0x0000006f)
core   0: 3 0x800000bc (0x0000006f)
core   0: 3 0x800000bc (0x0000006f)
core   0: 3 0x800000bc (0x0000006f)
core   0: 3 0x800000bc (0x0000006f)
core   0: 3 0x800000bc (0x0000006f)
core   0: 3 0x800000bc (0x0000006f)
core   0: 3 0x800000bc (0x0000006f)
core   0: 3 0x800000bc (0x0000006f)
core   0: 3 0x800000bc (0x0000006f)
core   0: 3 0x800000bc (0x0000006f)
core   0: 3 0x800000bc (0x0000006f)
core   0: 3 0x800000bc (0x0000006f)
core   0: 3 0x800000bc (0x0000006f)
core   0: 3 0x800000bc (0x0000006f)
core   0: 3 0x800000bc (0x0000006f)
core   0: 3 0x800000bc (0x0000006f)
core   0: 3 0x800000bc (0x0000006f)
core   0: 3 0x800000bc (0x0000006f)
core   0: 3 0x800000bc (0x0000006f)
core   0: 3 0x800000bc (0x0000006f)
core   0: 3 0x800000bc (0x0000006f)
core   0: 3 0x800000bc (0x0000006f)
core   0: 3 0x800000bc (0x0000006f)
core   0: 3 0x800000bc (0x0000006f)
core   0: 3 0x800000bc (0x0000006f)
core   0: 3 0x800000bc (0x0000006f)
core   0: 3 0x800000bc (0x0000006f)
core   0: 3 0x800000bc (0x0000006f)
core   0: 3 0x800000bc (0x0000006f)
core   0: 3 0x800000bc (0x0000006f)
core   0: 3 0x800000bc (0x0000006f)
core   0: 3 0x800000bc (0x0000006f)
core   0: 3 0x800000bc (0x0000006f)
core   0: 3 0x800000bc (0x0000006f)
core   0: 3 0x800000bc (0x0000006f)
core   0: 3 0x800000bc (0x0000006f)
core   0: 3 0x800000bc (0x0000006f)
core   0: 3 0x800000bc (0x0000006f)
core   0: 3 0x800000bc (0x0000006f)
core   0: 3 0x800000bc (0x0000006f)
core   0: 3 0x800000bc (0x0000006f)
core   0: 3 0x800000bc (0x0000006f)
core   0: 3 0x800000bc (0x0000006f)
core   0: 3 0x800000bc (0x0000006f)
core   0: 3 0x800000bc (0x0000006f)
core   0: 3 0x800000bc (0x0000006f)
core   0: 3 0x800000bc (0x0000006f)
core   0: 3 0x800000bc (0x0000006f)
core   0: 3 0x800000bc (0x0000006f)
core   0: 3 0x800000bc (0x0000006f)
core   0: 3 0x800000bc (0x0000006f)
core   0: 3 0x800000bc (0x0000006f)
core   0: 3 0x800000bc (0x0000006f)
core   0: 3 0x800000bc (0x0000006f)
core   0: 3 0x800000bc (0x0000006f)
core   0: 3 0x800000bc (0x0000006f)
core   0: 3 0x800000bc (0x0000006f)
core   0: 3 0x800000bc (0x0000006f)
core   0: 3 0x800000bc (0x0000006f)
core   0: 3 0x800000bc (0x0000006f)
core   0: 3 0x800000bc (0x0000006f)
core   0: 3 0x800000bc (0x0000006f)
core   0: 3 0x800000bc (0x0000006f)
core   0: 3 0x800000bc (0x0000006f)
core   0: 3 0x800000bc (0x0000006f)
core   0: 3 0x800000bc (0x0000006f)
core   0: 3 0x800000bc (0x0000006f)
core   0: 3 0x800000bc (0x0000006f)
core   0: 3 0x800000bc (0x0000006f)
core   0: 3 0x800000bc (0x0000006f)
core   0: 3 0x800000bc (0x0000006f)
core   0: 3 0x800000bc (0x0000006f)
core   0: 3 0x800000bc (0x0000006f)
core   0: 3 0x800000bc (0x0000006f)
core   0: 3 0x800000bc (0x0000006f)
core   0: 3 0x800000bc (0x0000006f)
core   0: 3 0x800000bc (0x0000006f)
core   0: 3 0x800000bc (0x0000006f)
core   0: 3 0x800000bc (0x0000006f)
core   0: 3 0x800000bc (0x0000006f)
core   0: 3 0x800000bc (0x0000006f)
core   0: 3 0x800000bc (0x0000006f)
core   0: 3 0x800000bc (0x0000006f)
core   0: 3 0x800000bc (0x0000006f)
core   0: 3 0x800000bc (0x0000006f)
core   0: 3 0x800000bc (0x0000006f)
core   0: 3 0x800000bc (0x0000006f)
core   0: 3 0x800000bc (0x0000006f)
core   0: 3 0x800000bc (0x0000006f)
core   0: 3 0x800000bc (0x0000006f)
core   0: 3 0x800000bc (0x0000006f)
core   0: 3 0x800000bc (0x0000006f)
core   0: 3 0x800000bc (0x0000006f)
core   0: 3 0x800000bc (0x0000006f)
core   0: 3 0x800000bc (0x0000006f)
core   0: 3 0x800000bc (0x0000006f)
core   0: 3 0x800000bc (0x0000006f)
core   0: 3 0x800000bc (0x0000006f)
core   0: 3 0x800000bc (0x0000006f)
core   0: 3 0x800000bc (0x0000006f)
core   0: 3 0x800000bc (0x0000006f)
core   0: 3 0x800000bc (0x0000006f)
core   0: 3 0x800000bc (0x0000006f)
core   0: 3 0x800000bc (0x0000006f)
core   0: 3 0x800000bc (0x0000006f)
core   0: 3 0x800000bc (0x0000006f)
core   0: 3 0x800000bc (0x0000006f)
core   0: 3 0x800000bc (0x0000006f)
core   0: 3 0x800000bc (0x0000006f)
core   0: 3 0x800000bc (0x0000006f)
core   0: 3 0x800000bc (0x0000006f)
core   0: 3 0x800000bc (0x0000006f)
core   0: 3 0x800000bc (0x0000006f)
core   0: 3 0x800000bc (0x0000006f)
core   0: 3 0x800000bc (0x0000006f)
core   0: 3 0x800000bc (0x0000006f)
core   0: 3 0x800000bc (0x0000006f)
core   0: 3 0x800000bc (0x0000006f)
core   0: 3 0x800000bc (0x0000006f)
core   0: 3 0x800000bc (0x0000006f)
core   0: 3 0x800000bc (0x0000006f)
core   0: 3 0x800000bc (0x0000006f)
core   0: 3 0x800000bc (0x0000006f)
core   0: 3 0x800000bc (0x0000006f)
core   0: 3 0x800000bc (0x0000006f)
core   0: 3 0x800000bc (0x0000006f)
core   0: 3 0x800000bc (0x0000006f)
core   0: 3 0x800000bc (0x0000006f)
core   0: 3 0x800000bc (0x0000006f)
core   0: 3 0x800000bc (0x0000006f)
core   0: 3 0x800000bc (0x0000006f)
core   0: 3 0x800000bc (0x0000006f)
core   0: 3 0x800000bc (0x0000006f)
core   0: 3 0x800000bc (0x0000006f)
core   0: 3 0x800000bc (0x0000006f)
core   0: 3 0x800000bc (0x0000006f)
core   0: 3 0x800000bc (0x0000006f)
core   0: 3 0x800000bc (0x0000006f)
core   0: 3 0x800000bc (0x0000006f)
core   0: 3 0x800000bc (0x0000006f)
core   0: 3 0x800000bc (0x0000006f)
core   0: 3 0x800000bc (0x0000006f)
core   0: 3 0x800000bc (0x0000006f)
core   0: 3 0x800000bc (0x0000006f)
core   0: 3 0x800000bc (0x0000006f)
core   0: 3 0x800000bc (0x0000006f)
core   0: 3 0x800000bc (0x0000006f)
core   0: 3 0x800000bc (0x0000006f)
core   0: 3 0x800000bc (0x0000006f)
core   0: 3 0x800000bc (0x0000006f)
core   0: 3 0x800000bc (0x0000006f)
core   0: 3 0x800000bc (0x0000006f)
core   0: 3 0x800000bc (0x0000006f)
core   0: 3 0x800000bc (0x0000006f)
core   0: 3 0x800000bc (0x0000006f)
core   0: 3 0x800000bc (0x0000006f)
core   0: 3 0x800000bc (0x0000006f)
core   0: 3 0x800000bc (0x0000006f)
core   0: 3 0x800000bc (0x0000006f)
core   0: 3 0x800000bc (0x0000006f)
core   0: 3 0x800000bc (0x0000006f)
core   0: 3 0x800000bc (0x0000006f)
core   0: 3 0x800000bc (0x0000006f)
core   0: 3 0x800000bc (0x0000006f)
core   0: 3 0x800000bc (0x0000006f)
core   0: 3 0x800000bc (0x0000006f)
core   0: 3 0x800000bc (0x0000006f)
core   0: 3 0x800000bc (0x0000006f)
core   0: 3 0x800000bc (0x0000006f)
core   0: 3 0x800000bc (0x0000006f)
core   0: 3 0x800000bc (0x0000006f)
core   0: 3 0x800000bc (0x0000006f)
core   0: 3 0x800000bc (0x0000006f)
core   0: 3 0x800000bc (0x0000006f)
core   0: 3 0x800000bc (0x0000006f)
core   0: 3 0x800000bc (0x0000006f)
core   0: 3 0x800000bc (0x0000006f)
core   0: 3 0x800000bc (0x0000006f)
core   0: 3 0x800000bc (0x0000006f)
core   0: 3 0x800000bc (0x0000006f)
core   0: 3 0x800000bc (0x0000006f)
core   0: 3 0x800000bc (0x0000006f)
core   0: 3 0x800000bc (0x0000006f)
core   0: 3 0x800000bc (0x0000006f)
core   0: 3 0x800000bc (0x0000006f)
core   0: 3 0x800000bc (0x0000006f)
core   0: 3 0x800000bc (0x0000006f)
core   0: 3 0x800000bc (0x0000006f)
core   0: 3 0x800000bc (0x0000006f)
core   0: 3 0x800000bc (0x0000006f)
core   0: 3 0x800000bc (0x0000006f)
core   0: 3 0x800000bc (0x0000006f)
core   0: 3 0x800000bc (0x0000006f)
core   0: 3 0x800000bc (0x0000006f)
core   0: 3 0x800000bc (0x0000006f)
core   0: 3 0x800000bc (0x0000006f)
core   0: 3 0x800000bc (0x0000006f)
core   0: 3 0x800000bc (0x0000006f)
core   0: 3 0x800000bc (0x0000006f)
core   0: 3 0x800000bc (0x0000006f)
core   0: 3 0x800000bc (0x0000006f)
core   0: 3 0x800000bc (0x0000006f)
core   0: 3 0x800000bc (0x0000006f)
core   0: 3 0x800000bc (0x0000006f)
core   0: 3 0x800000bc (0x0000006f)
core   0: 3 0x800000bc (0x0000006f)
core   0: 3 0x800000bc (0x0000006f)
core   0: 3 0x800000bc (0x0000006f)
core   0: 3 0x800000bc (0x0000006f)
core   0: 3 0x800000bc (0x0000006f)
core   0: 3 0x800000bc (0x0000006f)
core   0: 3 0x800000bc (0x0000006f)
core   0: 3 0x800000bc (0x0000006f)
core   0: 3 0x800000bc (0x0000006f)
core   0: 3 0x800000bc (0x0000006f)
core   0: 3 0x800000bc (0x0000006f)
core   0: 3 0x800000bc (0x0000006f)
core   0: 3 0x800000bc (0x0000006f)
core   0: 3 0x800000bc (0x0000006f)
core   0: 3 0x800000bc (0x0000006f)
core   0: 3 0x800000bc (0x0000006f)
core   0: 3 0x800000bc (0x0000006f)
core   0: 3 0x800000bc (0x0000006f)
core   0: 3 0x800000bc (0x0000006f)
core   0: 3 0x800000bc (0x0000006f)
core   0: 3 0x800000bc (0x0000006f)
core   0: 3 0x800000bc (0x0000006f)
core   0: 3 0x800000bc (0x0000006f)
core   0: 3 0x800000bc (0x0000006f)
core   0: 3 0x800000bc (0x0000006f)
core   0: 3 0x800000bc (0x0000006f)
core   0: 3 0x800000bc (0x0000006f)
core   0: 3 0x800000bc (0x0000006f)
core   0: 3 0x800000bc (0x0000006f)
core   0: 3 0x800000bc (0x0000006f)
core   0: 3 0x800000bc (0x0000006f)
core   0: 3 0x800000bc (0x0000006f)
core   0: 3 0x800000bc (0x0000006f)
core   0: 3 0x800000bc (0x0000006f)
core   0: 3 0x800000bc (0x0000006f)
core   0: 3 0x800000bc (0x0000006f)
core   0: 3 0x800000bc (0x0000006f)
core   0: 3 0x800000bc (0x0000006f)
core   0: 3 0x800000bc (0x0000006f)
core   0: 3 0x800000bc (0x0000006f)
core   0: 3 0x800000bc (0x0000006f)
core   0: 3 0x800000bc (0x0000006f)
core   0: 3 0x800000bc (0x0000006f)
core   0: 3 0x800000bc (0x0000006f)
core   0: 3 0x800000bc (0x0000006f)
core   0: 3 0x800000bc (0x0000006f)
core   0: 3 0x800000bc (0x0000006f)
core   0: 3 0x800000bc (0x0000006f)
core   0: 3 0x800000bc (0x0000006f)
core   0: 3 0x800000bc (0x0000006f)
core   0: 3 0x800000bc (0x0000006f)
core   0: 3 0x800000bc (0x0000006f)
core   0: 3 0x800000bc (0x0000006f)
core   0: 3 0x800000bc (0x0000006f)
core   0: 3 0x800000bc (0x0000006f)
core   0: 3 0x800000bc (0x0000006f)
core   0: 3 0x800000bc (0x0000006f)
core   0: 3 0x800000bc (0x0000006f)
core   0: 3 0x800000bc (0x0000006f)
core   0: 3 0x800000bc (0x0000006f)
core   0: 3 0x800000bc (0x0000006f)
core   0: 3 0x800000bc (0x0000006f)
core   0: 3 0x800000bc (0x0000006f)
core   0: 3 0x800000bc (0x0000006f)
core   0: 3 0x800000bc (0x0000006f)
core   0: 3 0x800000bc (0x0000006f)
core   0: 3 0x800000bc (0x0000006f)
core   0: 3 0x800000bc (0x0000006f)
core   0: 3 0x800000bc (0x0000006f)
core   0: 3 0x800000bc (0x0000006f)
core   0: 3 0x800000bc (0x0000006f)
core   0: 3 0x800000bc (0x0000006f)
core   0: 3 0x800000bc (0x0000006f)
core   0: 3 0x800000bc (0x0000006f)
core   0: 3 0x800000bc (0x0000006f)
core   0: 3 0x800000bc (0x0000006f)
core   0: 3 0x800000bc (0x0000006f)
core   0: 3 0x800000bc (0x0000006f)
core   0: 3 0x800000bc (0x0000006f)
core   0: 3 0x800000bc (0x0000006f)
core   0: 3 0x800000bc (0x0000006f)
core   0: 3 0x800000bc (0x0000006f)
core   0: 3 0x800000bc (0x0000006f)
core   0: 3 0x800000bc (0x0000006f)
core   0: 3 0x800000bc (0x0000006f)
core   0: 3 0x800000bc (0x0000006f)
core   0: 3 0x800000bc (0x0000006f)
core   0: 3 0x800000bc (0x0000006f)
core   0: 3 0x800000bc (0x0000006f)
core   0: 3 0x800000bc (0x0000006f)
core   0: 3 0x800000bc (0x0000006f)
core   0: 3 0x800000bc (0x0000006f)
core   0: 3 0x800000bc (0x0000006f)
core   0: 3 0x800000bc (0x0000006f)
core   0: 3 0x800000bc (0x0000006f)
core   0: 3 0x800000bc (0x0000006f)
core   0: 3 0x800000bc (0x0000006f)
core   0: 3 0x800000bc (0x0000006f)
core   0: 3 0x800000bc (0x0000006f)
core   0: 3 0x800000bc (0x0000006f)
core   0: 3 0x800000bc (0x0000006f)
core   0: 3 0x800000bc (0x0000006f)
core   0: 3 0x800000bc (0x0000006f)
core   0: 3 0x800000bc (0x0000006f)
core   0: 3 0x800000bc (0x0000006f)
core   0: 3 0x800000bc (0x0000006f)
core   0: 3 0x800000bc (0x0000006f)
core   0: 3 0x800000bc (0x0000006f)
core   0: 3 0x800000bc (0x0000006f)
core   0: 3 0x800000bc (0x0000006f)
core   0: 3 0x800000bc (0x0000006f)
core   0: 3 0x800000bc (0x0000006f)
core   0: 3 0x800000bc (0x0000006f)
core   0: 3 0x800000bc (0x0000006f)
core   0: 3 0x800000bc (0x0000006f)
core   0: 3 0x800000bc (0x0000006f)
core   0: 3 0x800000bc (0x0000006f)
core   0: 3 0x800000bc (0x0000006f)
core   0: 3 0x800000bc (0x0000006f)
core   0: 3 0x800000bc (0x0000006f)
core   0: 3 0x800000bc (0x0000006f)
core   0: 3 0x800000bc (0x0000006f)
core   0: 3 0x800000bc (0x0000006f)
core   0: 3 0x800000bc (0x0000006f)
core   0: 3 0x800000bc (0x0000006f)
core   0: 3 0x800000bc (0x0000006f)
core   0: 3 0x800000bc (0x0000006f)
core   0: 3 0x800000bc (0x0000006f)
core   0: 3 0x800000bc (0x0000006f)
core   0: 3 0x800000bc (0x0000006f)
core   0: 3 0x800000bc (0x0000006f)
core   0: 3 0x800000bc (0x0000006f)
core   0: 3 0x800000bc (0x0000006f)
core   0: 3 0x800000bc (0x0000006f)
core   0: 3 0x800000bc (0x0000006f)
core   0: 3 0x800000bc (0x0000006f)
core   0: 3 0x800000bc (0x0000006f)
core   0: 3 0x800000bc (0x0000006f)
core   0: 3 0x800000bc (0x0000006f)
core   0: 3 0x800000bc (0x0000006f)
core   0: 3 0x800000bc (0x0000006f)
core   0: 3 0x800000bc (0x0000006f)
core   0: 3 0x800000bc (0x0000006f)
core   0: 3 0x800000bc (0x0000006f)
core   0: 3 0x800000bc (0x0000006f)
core   0: 3 0x800000bc (0x0000006f)
core   0: 3 0x800000bc (0x0000006f)
core   0: 3 0x800000bc (0x0000006f)
core   0: 3 0x800000bc (0x0000006f)
core   0: 3 0x800000bc (0x0000006f)
core   0: 3 0x800000bc (0x0000006f)
core   0: 3 0x800000bc (0x0000006f)
core   0: 3 0x800000bc (0x0000006f)
core   0: 3 0x800000bc (0x0000006f)
core   0: 3 0x800000bc (0x0000006f)
core   0: 3 0x800000bc (0x0000006f)
core   0: 3 0x800000bc (0x0000006f)
core   0: 3 0x800000bc (0x0000006f)
core   0: 3 0x800000bc (0x0000006f)
core   0: 3 0x800000bc (0x0000006f)
core   0: 3 0x800000bc (0x0000006f)
core   0: 3 0x800000bc (0x0000006f)
core   0: 3 0x800000bc (0x0000006f)
core   0: 3 0x800000bc (0x0000006f)
core   0: 3 0x800000bc (0x0000006f)
core   0: 3 0x800000bc (0x0000006f)
core   0: 3 0x800000bc (0x0000006f)
core   0: 3 0x800000bc (0x0000006f)
core   0: 3 0x800000bc (0x0000006f)
core   0: 3 0x800000bc (0x0000006f)
core   0: 3 0x800000bc (0x0000006f)
core   0: 3 0x800000bc (0x0000006f)
core   0: 3 0x800000bc (0x0000006f)
core   0: 3 0x800000bc (0x0000006f)
core   0: 3 0x800000bc (0x0000006f)
core   0: 3 0x800000bc (0x0000006f)
core   0: 3 0x800000bc (0x0000006f)
core   0: 3 0x800000bc (0x0000006f)
core   0: 3 0x800000bc (0x0000006f)
core   0: 3 0x800000bc (0x0000006f)
core   0: 3 0x800000bc (0x0000006f)
core   0: 3 0x800000bc (0x0000006f)
core   0: 3 0x800000bc (0x0000006f)
core   0: 3 0x800000bc (0x0000006f)
core   0: 3 0x800000bc (0x0000006f)
core   0: 3 0x800000bc (0x0000006f)
core   0: 3 0x800000bc (0x0000006f)
core   0: 3 0x800000bc (0x0000006f)
core   0: 3 0x800000bc (0x0000006f)
core   0: 3 0x800000bc (0x0000006f)
core   0: 3 0x800000bc (0x0000006f)
core   0: 3 0x800000bc (0x0000006f)
core   0: 3 0x800000bc (0x0000006f)
core   0: 3 0x800000bc (0x0000006f)
core   0: 3 0x800000bc (0x0000006f)
core   0: 3 0x800000bc (0x0000006f)
core   0: 3 0x800000bc (0x0000006f)
core   0: 3 0x800000bc (0x0000006f)
core   0: 3 0x800000bc (0x0000006f)
core   0: 3 0x800000bc (0x0000006f)
core   0: 3 0x800000bc (0x0000006f)
core   0: 3 0x800000bc (0x0000006f)
core   0: 3 0x800000bc (0x0000006f)
core   0: 3 0x800000bc (0x0000006f)
core   0: 3 0x800000bc (0x0000006f)
core   0: 3 0x800000bc (0x0000006f)
core   0: 3 0x800000bc (0x0000006f)
core   0: 3 0x800000bc (0x0000006f)
core   0: 3 0x800000bc (0x0000006f)
core   0: 3 0x800000bc (0x0000006f)
core   0: 3 0x800000bc (0x0000006f)
core   0: 3 0x800000bc (0x0000006f)
core   0: 3 0x800000bc (0x0000006f)
core   0: 3 0x800000bc (0x0000006f)
core   0: 3 0x800000bc (0x0000006f)
core   0: 3 0x800000bc (0x0000006f)
core   0: 3 0x800000bc (0x0000006f)
core   0: 3 0x800000bc (0x0000006f)
core   0: 3 0x800000bc (0x0000006f)
core   0: 3 0x800000bc (0x0000006f)
core   0: 3 0x800000bc (0x0000006f)
core   0: 3 0x800000bc (0x0000006f)
core   0: 3 0x800000bc (0x0000006f)
core   0: 3 0x800000bc (0x0000006f)
core   0: 3 0x800000bc (0x0000006f)
core   0: 3 0x800000bc (0x0000006f)
core   0: 3 0x800000bc (0x0000006f)
core   0: 3 0x800000bc (0x0000006f)
core   0: 3 0x800000bc (0x0000006f)
core   0: 3 0x800000bc (0x0000006f)
core   0: 3 0x800000bc (0x0000006f)
core   0: 3 0x800000bc (0x0000006f)
core   0: 3 0x800000bc (0x0000006f)
core   0: 3 0x800000bc (0x0000006f)
core   0: 3 0x800000bc (0x0000006f)
core   0: 3 0x800000bc (0x0000006f)
core   0: 3 0x800000bc (0x0000006f)
core   0: 3 0x800000bc (0x0000006f)
core   0: 3 0x800000bc (0x0000006f)
core   0: 3 0x800000bc (0x0000006f)
core   0: 3 0x800000bc (0x0000006f)
core   0: 3 0x800000bc (0x0000006f)
core   0: 3 0x800000bc (0x0000006f)
core   0: 3 0x800000bc (0x0000006f)
core   0: 3 0x800000bc (0x0000006f)
core   0: 3 0x800000bc (0x0000006f)
core   0: 3 0x800000bc (0x0000006f)
core   0: 3 0x800000bc (0x0000006f)
core   0: 3 0x800000bc (0x0000006f)
core   0: 3 0x800000bc (0x0000006f)
core   0: 3 0x800000bc (0x0000006f)
core   0: 3 0x800000bc (0x0000006f)
core   0: 3 0x800000bc (0x0000006f)
core   0: 3 0x800000bc (0x0000006f)
core   0: 3 0x800000bc (0x0000006f)
core   0: 3 0x800000bc (0x0000006f)
core   0: 3 0x800000bc (0x0000006f)
core   0: 3 0x800000bc (0x0000006f)
core   0: 3 0x800000bc (0x0000006f)
core   0: 3 0x800000bc (0x0000006f)
core   0: 3 0x800000bc (0x0000006f)
core   0: 3 0x800000bc (0x0000006f)
core   0: 3 0x800000bc (0x0000006f)
core   0: 3 0x800000bc (0x0000006f)
core   0: 3 0x800000bc (0x0000006f)
core   0: 3 0x800000bc (0x0000006f)
core   0: 3 0x800000bc (0x0000006f)
core   0: 3 0x800000bc (0x0000006f)
core   0: 3 0x800000bc (0x0000006f)
core   0: 3 0x800000bc (0x0000006f)
core   0: 3 0x800000bc (0x0000006f)
core   0: 3 0x800000bc (0x0000006f)
core   0: 3 0x800000bc (0x0000006f)
core   0: 3 0x800000bc (0x0000006f)
core   0: 3 0x800000bc (0x0000006f)
core   0: 3 0x800000bc (0x0000006f)
core   0: 3 0x800000bc (0x0000006f)
core   0: 3 0x800000bc (0x0000006f)
core   0: 3 0x800000bc (0x0000006f)
core   0: 3 0x800000bc (0x0000006f)
core   0: 3 0x800000bc (0x0000006f)
core   0: 3 0x800000bc (0x0000006f)
core   0: 3 0x800000bc (0x0000006f)
core   0: 3 0x800000bc (0x0000006f)
core   0: 3 0x800000bc (0x0000006f)
core   0: 3 0x800000bc (0x0000006f)
core   0: 3 0x800000bc (0x0000006f)
core   0: 3 0x800000bc (0x0000006f)
core   0: 3 0x800000bc (0x0000006f)
core   0: 3 0x800000bc (0x0000006f)
core   0: 3 0x800000bc (0x0000006f)
core   0: 3 0x800000bc (0x0000006f)
core   0: 3 0x800000bc (0x0000006f)
core   0: 3 0x800000bc (0x0000006f)
core   0: 3 0x800000bc (0x0000006f)
core   0: 3 0x800000bc (0x0000006f)
core   0: 3 0x800000bc (0x0000006f)
core   0: 3 0x800000bc (0x0000006f)
core   0: 3 0x800000bc (0x0000006f)
core   0: 3 0x800000bc (0x0000006f)
core   0: 3 0x800000bc (0x0000006f)
core   0: 3 0x800000bc (0x0000006f)
core   0: 3 0x800000bc (0x0000006f)
core   0: 3 0x800000bc (0x0000006f)
core   0: 3 0x800000bc (0x0000006f)
core   0: 3 0x800000bc (0x0000006f)
core   0: 3 0x800000bc (0x0000006f)
core   0: 3 0x800000bc (0x0000006f)
core   0: 3 0x800000bc (0x0000006f)
core   0: 3 0x800000bc (0x0000006f)
core   0: 3 0x800000bc (0x0000006f)
core   0: 3 0x800000bc (0x0000006f)
core   0: 3 0x800000bc (0x0000006f)
core   0: 3 0x800000bc (0x0000006f)
core   0: 3 0x800000bc (0x0000006f)
core   0: 3 0x800000bc (0x0000006f)
core   0: 3 0x800000bc (0x0000006f)
core   0: 3 0x800000bc (0x0000006f)
core   0: 3 0x800000bc (0x0000006f)
core   0: 3 0x800000bc (0x0000006f)
core   0: 3 0x800000bc (0x0000006f)
core   0: 3 0x800000bc (0x0000006f)
core   0: 3 0x800000bc (0x0000006f)
core   0: 3 0x800000bc (0x0000006f)
core   0: 3 0x800000bc (0x0000006f)
core   0: 3 0x800000bc (0x0000006f)
core   0: 3 0x800000bc (0x0000006f)
core   0: 3 0x800000bc (0x0000006f)
core   0: 3 0x800000bc (0x0000006f)
core   0: 3 0x800000bc (0x0000006f)
core   0: 3 0x800000bc (0x0000006f)
core   0: 3 0x800000bc (0x0000006f)
core   0: 3 0x800000bc (0x0000006f)
core   0: 3 0x800000bc (0x0000006f)
core   0: 3 0x800000bc (0x0000006f)
core   0: 3 0x800000bc (0x0000006f)
core   0: 3 0x800000bc (0x0000006f)
core   0: 3 0x800000bc (0x0000006f)
core   0: 3 0x800000bc (0x0000006f)
core   0: 3 0x800000bc (0x0000006f)
core   0: 3 0x800000bc (0x0000006f)
core   0: 3 0x800000bc (0x0000006f)
core   0: 3 0x800000bc (0x0000006f)
core   0: 3 0x800000bc (0x0000006f)
core   0: 3 0x800000bc (0x0000006f)
core   0: 3 0x800000bc (0x0000006f)
core   0: 3 0x800000bc (0x0000006f)
core   0: 3 0x800000bc (0x0000006f)
core   0: 3 0x800000bc (0x0000006f)
core   0: 3 0x800000bc (0x0000006f)
core   0: 3 0x800000bc (0x0000006f)
core   0: 3 0x800000bc (0x0000006f)
core   0: 3 0x800000bc (0x0000006f)
core   0: 3 0x800000bc (0x0000006f)
core   0: 3 0x800000bc (0x0000006f)
core   0: 3 0x800000bc (0x0000006f)
core   0: 3 0x800000bc (0x0000006f)
core   0: 3 0x800000bc (0x0000006f)
core   0: 3 0x800000bc (0x0000006f)
core   0: 3 0x800000bc (0x0000006f)
core   0: 3 0x800000bc (0x0000006f)
core   0: 3 0x800000bc (0x0000006f)
core   0: 3 0x800000bc (0x0000006f)
core   0: 3 0x800000bc (0x0000006f)
core   0: 3 0x800000bc (0x0000006f)
core   0: 3 0x800000bc (0x0000006f)
core   0: 3 0x800000bc (0x0000006f)
core   0: 3 0x800000bc (0x0000006f)
core   0: 3 0x800000bc (0x0000006f)
core   0: 3 0x800000bc (0x0000006f)
core   0: 3 0x800000bc (0x0000006f)
core   0: 3 0x800000bc (0x0000006f)
core   0: 3 0x800000bc (0x0000006f)
core   0: 3 0x800000bc (0x0000006f)
core   0: 3 0x800000bc (0x0000006f)
core   0: 3 0x800000bc (0x0000006f)
core   0: 3 0x800000bc (0x0000006f)
core   0: 3 0x800000bc (0x0000006f)
core   0: 3 0x800000bc (0x0000006f)
core   0: 3 0x800000bc (0x0000006f)
core   0: 3 0x800000bc (0x0000006f)
core   0: 3 0x800000bc (0x0000006f)
core   0: 3 0x800000bc (0x0000006f)
core   0: 3 0x800000bc (0x0000006f)
core   0: 3 0x800000bc (0x0000006f)
core   0: 3 0x800000bc (0x0000006f)
core   0: 3 0x800000bc (0x0000006f)
core   0: 3 0x800000bc (0x0000006f)
core   0: 3 0x800000bc (0x0000006f)
core   0: 3 0x800000bc (0x0000006f)
core   0: 3 0x800000bc (0x0000006f)
core   0: 3 0x800000bc (0x0000006f)
core   0: 3 0x800000bc (0x0000006f)
core   0: 3 0x800000bc (0x0000006f)
core   0: 3 0x800000bc (0x0000006f)
core   0: 3 0x800000bc (0x0000006f)
core   0: 3 0x800000bc (0x0000006f)
core   0: 3 0x800000bc (0x0000006f)
core   0: 3 0x800000bc (0x0000006f)
core   0: 3 0x800000bc (0x0000006f)
core   0: 3 0x800000bc (0x0000006f)
core   0: 3 0x800000bc (0x0000006f)
core   0: 3 0x800000bc (0x0000006f)
core   0: 3 0x800000bc (0x0000006f)
core   0: 3 0x800000bc (0x0000006f)
core   0: 3 0x800000bc (0x0000006f)
core   0: 3 0x800000bc (0x0000006f)
core   0: 3 0x800000bc (0x0000006f)
core   0: 3 0x800000bc (0x0000006f)
core   0: 3 0x800000bc (0x0000006f)
core   0: 3 0x800000bc (0x0000006f)
core   0: 3 0x800000bc (0x0000006f)
core   0: 3 0x800000bc (0x0000006f)
core   0: 3 0x800000bc (0x0000006f)
core   0: 3 0x800000bc (0x0000006f)
core   0: 3 0x800000bc (0x0000006f)
core   0: 3 0x800000bc (0x0000006f)
core   0: 3 0x800000bc (0x0000006f)
core   0: 3 0x800000bc (0x0000006f)
core   0: 3 0x800000bc (0x0000006f)
core   0: 3 0x800000bc (0x0000006f)
core   0: 3 0x800000bc (0x0000006f)
core   0: 3 0x800000bc (0x0000006f)
core   0: 3 0x800000bc (0x0000006f)
core   0: 3 0x800000bc (0x0000006f)
core   0: 3 0x800000bc (0x0000006f)
core   0: 3 0x800000bc (0x0000006f)
core   0: 3 0x800000bc (0x0000006f)
core   0: 3 0x800000bc (0x0000006f)
core   0: 3 0x800000bc (0x0000006f)
core   0: 3 0x800000bc (0x0000006f)
core   0: 3 0x800000bc (0x0000006f)
core   0: 3 0x800000bc (0x0000006f)
core   0: 3 0x800000bc (0x0000006f)
core   0: 3 0x800000bc (0x0000006f)
core   0: 3 0x800000bc (0x0000006f)
core   0: 3 0x800000bc (0x0000006f)
core   0: 3 0x800000bc (0x0000006f)
core   0: 3 0x800000bc (0x0000006f)
core   0: 3 0x800000bc (0x0000006f)
core   0: 3 0x800000bc (0x0000006f)
core   0: 3 0x800000bc (0x0000006f)
core   0: 3 0x800000bc (0x0000006f)
core   0: 3 0x800000bc (0x0000006f)
core   0: 3 0x800000bc (0x0000006f)
core   0: 3 0x800000bc (0x0000006f)
core   0: 3 0x800000bc (0x0000006f)
core   0: 3 0x800000bc (0x0000006f)
core   0: 3 0x800000bc (0x0000006f)
core   0: 3 0x800000bc (0x0000006f)
core   0: 3 0x800000bc (0x0000006f)
core   0: 3 0x800000bc (0x0000006f)
core   0: 3 0x800000bc (0x0000006f)
core   0: 3 0x800000bc (0x0000006f)
core   0: 3 0x800000bc (0x0000006f)
core   0: 3 0x800000bc (0x0000006f)
core   0: 3 0x800000bc (0x0000006f)
core   0: 3 0x800000bc (0x0000006f)
core   0: 3 0x800000bc (0x0000006f)
core   0: 3 0x800000bc (0x0000006f)
core   0: 3 0x800000bc (0x0000006f)
core   0: 3 0x800000bc (0x0000006f)
core   0: 3 0x800000bc (0x0000006f)
core   0: 3 0x800000bc (0x0000006f)
core   0: 3 0x800000bc (0x0000006f)
core   0: 3 0x800000bc (0x0000006f)
core   0: 3 0x800000bc (0x0000006f)
core   0: 3 0x800000bc (0x0000006f)
core   0: 3 0x800000bc (0x0000006f)
core   0: 3 0x800000bc (0x0000006f)
core   0: 3 0x800000bc (0x0000006f)
core   0: 3 0x800000bc (0x0000006f)
core   0: 3 0x800000bc (0x0000006f)
core   0: 3 0x800000bc (0x0000006f)
core   0: 3 0x800000bc (0x0000006f)
core   0: 3 0x800000bc (0x0000006f)
core   0: 3 0x800000bc (0x0000006f)
core   0: 3 0x800000bc (0x0000006f)
core   0: 3 0x800000bc (0x0000006f)
core   0: 3 0x800000bc (0x0000006f)
core   0: 3 0x800000bc (0x0000006f)
core   0: 3 0x800000bc (0x0000006f)
core   0: 3 0x800000bc (0x0000006f)
core   0: 3 0x800000bc (0x0000006f)
core   0: 3 0x800000bc (0x0000006f)
core   0: 3 0x800000bc (0x0000006f)
core   0: 3 0x800000bc (0x0000006f)
core   0: 3 0x800000bc (0x0000006f)
core   0: 3 0x800000bc (0x0000006f)
core   0: 3 0x800000bc (0x0000006f)
core   0: 3 0x800000bc (0x0000006f)
core   0: 3 0x800000bc (0x0000006f)
core   0: 3 0x800000bc (0x0000006f)
core   0: 3 0x800000bc (0x0000006f)
core   0: 3 0x800000bc (0x0000006f)
core   0: 3 0x800000bc (0x0000006f)
core   0: 3 0x800000bc (0x0000006f)
core   0: 3 0x800000bc (0x0000006f)
core   0: 3 0x800000bc (0x0000006f)
core   0: 3 0x800000bc (0x0000006f)
core   0: 3 0x800000bc (0x0000006f)
core   0: 3 0x800000bc (0x0000006f)
core   0: 3 0x800000bc (0x0000006f)
core   0: 3 0x800000bc (0x0000006f)
core   0: 3 0x800000bc (0x0000006f)
core   0: 3 0x800000bc (0x0000006f)
core   0: 3 0x800000bc (0x0000006f)
core   0: 3 0x800000bc (0x0000006f)
core   0: 3 0x800000bc (0x0000006f)
core   0: 3 0x800000bc (0x0000006f)
core   0: 3 0x800000bc (0x0000006f)
core   0: 3 0x800000bc (0x0000006f)
core   0: 3 0x800000bc (0x0000006f)
core   0: 3 0x800000bc (0x0000006f)
core   0: 3 0x800000bc (0x0000006f)
core   0: 3 0x800000bc (0x0000006f)
core   0: 3 0x800000bc (0x0000006f)
core   0: 3 0x800000bc (0x0000006f)
core   0: 3 0x800000bc (0x0000006f)
core   0: 3 0x800000bc (0x0000006f)
core   0: 3 0x800000bc (0x0000006f)
core   0: 3 0x800000bc (0x0000006f)
core   0: 3 0x800000bc (0x0000006f)
core   0: 3 0x800000bc (0x0000006f)
core   0: 3 0x800000bc (0x0000006f)
core   0: 3 0x800000bc (0x0000006f)
core   0: 3 0x800000bc (0x0000006f)
core   0: 3 0x800000bc (0x0000006f)
core   0: 3 0x800000bc (0x0000006f)
core   0: 3 0x800000bc (0x0000006f)
core   0: 3 0x800000bc (0x0000006f)
core   0: 3 0x800000bc (0x0000006f)
core   0: 3 0x800000bc (0x0000006f)
core   0: 3 0x800000bc (0x0000006f)
core   0: 3 0x800000bc (0x0000006f)
core   0: 3 0x800000bc (0x0000006f)
core   0: 3 0x800000bc (0x0000006f)
core   0: 3 0x800000bc (0x0000006f)
core   0: 3 0x800000bc (0x0000006f)
core   0: 3 0x800000bc (0x0000006f)
core   0: 3 0x800000bc (0x0000006f)
core   0: 3 0x800000bc (0x0000006f)
core   0: 3 0x800000bc (0x0000006f)
core   0: 3 0x800000bc (0x0000006f)
core   0: 3 0x800000bc (0x0000006f)
core   0: 3 0x800000bc (0x0000006f)
core   0: 3 0x800000bc (0x0000006f)
core   0: 3 0x800000bc (0x0000006f)
core   0: 3 0x800000bc (0x0000006f)
core   0: 3 0x800000bc (0x0000006f)
core   0: 3 0x800000bc (0x0000006f)
core   0: 3 0x800000bc (0x0000006f)
core   0: 3 0x800000bc (0x0000006f)
core   0: 3 0x800000bc (0x0000006f)
core   0: 3 0x800000bc (0x0000006f)
core   0: 3 0x800000bc (0x0000006f)
core   0: 3 0x800000bc (0x0000006f)
core   0: 3 0x800000bc (0x0000006f)
core   0: 3 0x800000bc (0x0000006f)
core   0: 3 0x800000bc (0x0000006f)
core   0: 3 0x800000bc (0x0000006f)
core   0: 3 0x800000bc (0x0000006f)
core   0: 3 0x800000bc (0x0000006f)
core   0: 3 0x800000bc (0x0000006f)
core   0: 3 0x800000bc (0x0000006f)
core   0: 3 0x800000bc (0x0000006f)
core   0: 3 0x800000bc (0x0000006f)
core   0: 3 0x800000bc (0x0000006f)
core   0: 3 0x800000bc (0x0000006f)
core   0: 3 0x800000bc (0x0000006f)
core   0: 3 0x800000bc (0x0000006f)
core   0: 3 0x800000bc (0x0000006f)
core   0: 3 0x800000bc (0x0000006f)
core   0: 3 0x800000bc (0x0000006f)
core   0: 3 0x800000bc (0x0000006f)
core   0: 3 0x800000bc (0x0000006f)
core   0: 3 0x800000bc (0x0000006f)
core   0: 3 0x800000bc (0x0000006f)
core   0: 3 0x800000bc (0x0000006f)
core   0: 3 0x800000bc (0x0000006f)
core   0: 3 0x800000bc (0x0000006f)
core   0: 3 0x800000bc (0x0000006f)
core   0: 3 0x800000bc (0x0000006f)
core   0: 3 0x800000bc (0x0000006f)
core   0: 3 0x800000bc (0x0000006f)
core   0: 3 0x800000bc (0x0000006f)
core   0: 3 0x800000bc (0x0000006f)
core   0: 3 0x800000bc (0x0000006f)
core   0: 3 0x800000bc (0x0000006f)
core   0: 3 0x800000bc (0x0000006f)
core   0: 3 0x800000bc (0x0000006f)
core   0: 3 0x800000bc (0x0000006f)
core   0: 3 0x800000bc (0x0000006f)
core   0: 3 0x800000bc (0x0000006f)
core   0: 3 0x800000bc (0x0000006f)
core   0: 3 0x800000bc (0x0000006f)
core   0: 3 0x800000bc (0x0000006f)
core   0: 3 0x800000bc (0x0000006f)
core   0: 3 0x800000bc (0x0000006f)
core   0: 3 0x800000bc (0x0000006f)
core   0: 3 0x800000bc (0x0000006f)
core   0: 3 0x800000bc (0x0000006f)
core   0: 3 0x800000bc (0x0000006f)
core   0: 3 0x800000bc (0x0000006f)
core   0: 3 0x800000bc (0x0000006f)
core   0: 3 0x800000bc (0x0000006f)
core   0: 3 0x800000bc (0x0000006f)
core   0: 3 0x800000bc (0x0000006f)
core   0: 3 0x800000bc (0x0000006f)
core   0: 3 0x800000bc (0x0000006f)
core   0: 3 0x800000bc (0x0000006f)
core   0: 3 0x800000bc (0x0000006f)
core   0: 3 0x800000bc (0x0000006f)
core   0: 3 0x800000bc (0x0000006f)
core   0: 3 0x800000bc (0x0000006f)
core   0: 3 0x800000bc (0x0000006f)
core   0: 3 0x800000bc (0x0000006f)
core   0: 3 0x800000bc (0x0000006f)
core   0: 3 0x800000bc (0x0000006f)
core   0: 3 0x800000bc (0x0000006f)
core   0: 3 0x800000bc (0x0000006f)
core   0: 3 0x800000bc (0x0000006f)
core   0: 3 0x800000bc (0x0000006f)
core   0: 3 0x800000bc (0x0000006f)
core   0: 3 0x800000bc (0x0000006f)
core   0: 3 0x800000bc (0x0000006f)
core   0: 3 0x800000bc (0x0000006f)
core   0: 3 0x800000bc (0x0000006f)
core   0: 3 0x800000bc (0x0000006f)
core   0: 3 0x800000bc (0x0000006f)
core   0: 3 0x800000bc (0x0000006f)
core   0: 3 0x800000bc (0x0000006f)
core   0: 3 0x800000bc (0x0000006f)
core   0: 3 0x800000bc (0x0000006f)
core   0: 3 0x800000bc (0x0000006f)
core   0: 3 0x800000bc (0x0000006f)
core   0: 3 0x800000bc (0x0000006f)
core   0: 3 0x800000bc (0x0000006f)
core   0: 3 0x800000bc (0x0000006f)
core   0: 3 0x800000bc (0x0000006f)
core   0: 3 0x800000bc (0x0000006f)
core   0: 3 0x800000bc (0x0000006f)
core   0: 3 0x800000bc (0x0000006f)
core   0: 3 0x800000bc (0x0000006f)
core   0: 3 0x800000bc (0x0000006f)
core   0: 3 0x800000bc (0x0000006f)
core   0: 3 0x800000bc (0x0000006f)
core   0: 3 0x800000bc (0x0000006f)
core   0: 3 0x800000bc (0x0000006f)
core   0: 3 0x800000bc (0x0000006f)
core   0: 3 0x800000bc (0x0000006f)
core   0: 3 0x800000bc (0x0000006f)
core   0: 3 0x800000bc (0x0000006f)
core   0: 3 0x800000bc (0x0000006f)
core   0: 3 0x800000bc (0x0000006f)
core   0: 3 0x800000bc (0x0000006f)
core   0: 3 0x800000bc (0x0000006f)
core   0: 3 0x800000bc (0x0000006f)
core   0: 3 0x800000bc (0x0000006f)
core   0: 3 0x800000bc (0x0000006f)
core   0: 3 0x800000bc (0x0000006f)
core   0: 3 0x800000bc (0x0000006f)
core   0: 3 0x800000bc (0x0000006f)
core   0: 3 0x800000bc (0x0000006f)
core   0: 3 0x800000bc (0x0000006f)
core   0: 3 0x800000bc (0x0000006f)
core   0: 3 0x800000bc (0x0000006f)
core   0: 3 0x800000bc (0x0000006f)
core   0: 3 0x800000bc (0x0000006f)
core   0: 3 0x800000bc (0x0000006f)
core   0: 3 0x800000bc (0x0000006f)
core   0: 3 0x800000bc (0x0000006f)
core   0: 3 0x800000bc (0x0000006f)
core   0: 3 0x800000bc (0x0000006f)
core   0: 3 0x800000bc (0x0000006f)
core   0: 3 0x800000bc (0x0000006f)
core   0: 3 0x800000bc (0x0000006f)
core   0: 3 0x800000bc (0x0000006f)
core   0: 3 0x800000bc (0x0000006f)
core   0: 3 0x800000bc (0x0000006f)
core   0: 3 0x800000bc (0x0000006f)
core   0: 3 0x800000bc (0x0000006f)
core   0: 3 0x800000bc (0x0000006f)
core   0: 3 0x800000bc (0x0000006f)
core   0: 3 0x800000bc (0x0000006f)
core   0: 3 0x800000bc (0x0000006f)
core   0: 3 0x800000bc (0x0000006f)
core   0: 3 0x800000bc (0x0000006f)
core   0: 3 0x800000bc (0x0000006f)
core   0: 3 0x800000bc (0x0000006f)
core   0: 3 0x800000bc (0x0000006f)
core   0: 3 0x800000bc (0x0000006f)
core   0: 3 0x800000bc (0x0000006f)
core   0: 3 0x800000bc (0x0000006f)
core   0: 3 0x800000bc (0x0000006f)
core   0: 3 0x800000bc (0x0000006f)
core   0: 3 0x800000bc (0x0000006f)
core   0: 3 0x800000bc (0x0000006f)
core   0: 3 0x800000bc (0x0000006f)
core   0: 3 0x800000bc (0x0000006f)
core   0: 3 0x800000bc (0x0000006f)
core   0: 3 0x800000bc (0x0000006f)
core   0: 3 0x800000bc (0x0000006f)
core   0: 3 0x800000bc (0x0000006f)
core   0: 3 0x800000bc (0x0000006f)
core   0: 3 0x800000bc (0x0000006f)
core   0: 3 0x800000bc (0x0000006f)
core   0: 3 0x800000bc (0x0000006f)
core   0: 3 0x800000bc (0x0000006f)
core   0: 3 0x800000bc (0x0000006f)
core   0: 3 0x800000bc (0x0000006f)
core   0: 3 0x800000bc (0x0000006f)
core   0: 3 0x800000bc (0x0000006f)
core   0: 3 0x800000bc (0x0000006f)
core   0: 3 0x800000bc (0x0000006f)
core   0: 3 0x800000bc (0x0000006f)
core   0: 3 0x800000bc (0x0000006f)
core   0: 3 0x800000bc (0x0000006f)
core   0: 3 0x800000bc (0x0000006f)
core   0: 3 0x800000bc (0x0000006f)
core   0: 3 0x800000bc (0x0000006f)
core   0: 3 0x800000bc (0x0000006f)
core   0: 3 0x800000bc (0x0000006f)
core   0: 3 0x800000bc (0x0000006f)
core   0: 3 0x800000bc (0x0000006f)
core   0: 3 0x800000bc (0x0000006f)
core   0: 3 0x800000bc (0x0000006f)
core   0: 3 0x800000bc (0x0000006f)
core   0: 3 0x800000bc (0x0000006f)
core   0: 3 0x800000bc (0x0000006f)
core   0: 3 0x800000bc (0x0000006f)
core   0: 3 0x800000bc (0x0000006f)
core   0: 3 0x800000bc (0x0000006f)
core   0: 3 0x800000bc (0x0000006f)
core   0: 3 0x800000bc (0x0000006f)
core   0: 3 0x800000bc (0x0000006f)
core   0: 3 0x800000bc (0x0000006f)
core   0: 3 0x800000bc (0x0000006f)
core   0: 3 0x800000bc (0x0000006f)
core   0: 3 0x800000bc (0x0000006f)
core   0: 3 0x800000bc (0x0000006f)
core   0: 3 0x800000bc (0x0000006f)
core   0: 3 0x800000bc (0x0000006f)
core   0: 3 0x800000bc (0x0000006f)
core   0: 3 0x800000bc (0x0000006f)
core   0: 3 0x800000bc (0x0000006f)
core   0: 3 0x800000bc (0x0000006f)
core   0: 3 0x800000bc (0x0000006f)
core   0: 3 0x800000bc (0x0000006f)
core   0: 3 0x800000bc (0x0000006f)
core   0: 3 0x800000bc (0x0000006f)
core   0: 3 0x800000bc (0x0000006f)
core   0: 3 0x800000bc (0x0000006f)
core   0: 3 0x800000bc (0x0000006f)
core   0: 3 0x800000bc (0x0000006f)
core   0: 3 0x800000bc (0x0000006f)
core   0: 3 0x800000bc (0x0000006f)
core   0: 3 0x800000bc (0x0000006f)
core   0: 3 0x800000bc (0x0000006f)
core   0: 3 0x800000bc (0x0000006f)
core   0: 3 0x800000bc (0x0000006f)
core   0: 3 0x800000bc (0x0000006f)
core   0: 3 0x800000bc (0x0000006f)
core   0: 3 0x800000bc (0x0000006f)
core   0: 3 0x800000bc (0x0000006f)
core   0: 3 0x800000bc (0x0000006f)
core   0: 3 0x800000bc (0x0000006f)
core   0: 3 0x800000bc (0x0000006f)
core   0: 3 0x800000bc (0x0000006f)
core   0: 3 0x800000bc (0x0000006f)
core   0: 3 0x800000bc (0x0000006f)
core   0: 3 0x800000bc (0x0000006f)
core   0: 3 0x800000bc (0x0000006f)
core   0: 3 0x800000bc (0x0000006f)
core   0: 3 0x800000bc (0x0000006f)
core   0: 3 0x800000bc (0x0000006f)
core   0: 3 0x800000bc (0x0000006f)
core   0: 3 0x800000bc (0x0000006f)
core   0: 3 0x800000bc (0x0000006f)
core   0: 3 0x800000bc (0x0000006f)
core   0: 3 0x800000bc (0x0000006f)
core   0: 3 0x800000bc (0x0000006f)
core   0: 3 0x800000bc (0x0000006f)
core   0: 3 0x800000bc (0x0000006f)
core   0: 3 0x800000bc (0x0000006f)
core   0: 3 0x800000bc (0x0000006f)
core   0: 3 0x800000bc (0x0000006f)
core   0: 3 0x800000bc (0x0000006f)
core   0: 3 0x800000bc (0x0000006f)
core   0: 3 0x800000bc (0x0000006f)
core   0: 3 0x800000bc (0x0000006f)
core   0: 3 0x800000bc (0x0000006f)
core   0: 3 0x800000bc (0x0000006f)
core   0: 3 0x800000bc (0x0000006f)
core   0: 3 0x800000bc (0x0000006f)
core   0: 3 0x800000bc (0x0000006f)
core   0: 3 0x800000bc (0x0000006f)
core   0: 3 0x800000bc (0x0000006f)
core   0: 3 0x800000bc (0x0000006f)
core   0: 3 0x800000bc (0x0000006f)
core   0: 3 0x800000bc (0x0000006f)
core   0: 3 0x800000bc (0x0000006f)
core   0: 3 0x800000bc (0x0000006f)
core   0: 3 0x800000bc (0x0000006f)
core   0: 3 0x800000bc (0x0000006f)
core   0: 3 0x800000bc (0x0000006f)
core   0: 3 0x800000bc (0x0000006f)
core   0: 3 0x800000bc (0x0000006f)
core   0: 3 0x800000bc (0x0000006f)
core   0: 3 0x800000bc (0x0000006f)
core   0: 3 0x800000bc (0x0000006f)
core   0: 3 0x800000bc (0x0000006f)
core   0: 3 0x800000bc (0x0000006f)
core   0: 3 0x800000bc (0x0000006f)
core   0: 3 0x800000bc (0x0000006f)
core   0: 3 0x800000bc (0x0000006f)
core   0: 3 0x800000bc (0x0000006f)
core   0: 3 0x800000bc (0x0000006f)
core   0: 3 0x800000bc (0x0000006f)
core   0: 3 0x800000bc (0x0000006f)
core   0: 3 0x800000bc (0x0000006f)
core   0: 3 0x800000bc (0x0000006f)
core   0: 3 0x800000bc (0x0000006f)
core   0: 3 0x800000bc (0x0000006f)
core   0: 3 0x800000bc (0x0000006f)
core   0: 3 0x800000bc (0x0000006f)
core   0: 3 0x800000bc (0x0000006f)
core   0: 3 0x800000bc (0x0000006f)
core   0: 3 0x800000bc (0x0000006f)
core   0: 3 0x800000bc (0x0000006f)
core   0: 3 0x800000bc (0x0000006f)
core   0: 3 0x800000bc (0x0000006f)
core   0: 3 0x800000bc (0x0000006f)
core   0: 3 0x800000bc (0x0000006f)
core   0: 3 0x800000bc (0x0000006f)
core   0: 3 0x800000bc (0x0000006f)
core   0: 3 0x800000bc (0x0000006f)
core   0: 3 0x800000bc (0x0000006f)
core   0: 3 0x800000bc (0x0000006f)
core   0: 3 0x800000bc (0x0000006f)
core   0: 3 0x800000bc (0x0000006f)
core   0: 3 0x800000bc (0x0000006f)
core   0: 3 0x800000bc (0x0000006f)
core   0: 3 0x800000bc (0x0000006f)
core   0: 3 0x800000bc (0x0000006f)
core   0: 3 0x800000bc (0x0000006f)
core   0: 3 0x800000bc (0x0000006f)
core   0: 3 0x800000bc (0x0000006f)
core   0: 3 0x800000bc (0x0000006f)
core   0: 3 0x800000bc (0x0000006f)
core   0: 3 0x800000bc (0x0000006f)
core   0: 3 0x800000bc (0x0000006f)
core   0: 3 0x800000bc (0x0000006f)
core   0: 3 0x800000bc (0x0000006f)
core   0: 3 0x800000bc (0x0000006f)
core   0: 3 0x800000bc (0x0000006f)
core   0: 3 0x800000bc (0x0000006f)
core   0: 3 0x800000bc (0x0000006f)
core   0: 3 0x800000bc (0x0000006f)
core   0: 3 0x800000bc (0x0000006f)
core   0: 3 0x800000bc (0x0000006f)
core   0: 3 0x800000bc (0x0000006f)
core   0: 3 0x800000bc (0x0000006f)
core   0: 3 0x800000bc (0x0000006f)
core   0: 3 0x800000bc (0x0000006f)
core   0: 3 0x800000bc (0x0000006f)
core   0: 3 0x800000bc (0x0000006f)
core   0: 3 0x800000bc (0x0000006f)
core   0: 3 0x800000bc (0x0000006f)
core   0: 3 0x800000bc (0x0000006f)
core   0: 3 0x800000bc (0x0000006f)
core   0: 3 0x800000bc (0x0000006f)
core   0: 3 0x800000bc (0x0000006f)
core   0: 3 0x800000bc (0x0000006f)
core   0: 3 0x800000bc (0x0000006f)
core   0: 3 0x800000bc (0x0000006f)
core   0: 3 0x800000bc (0x0000006f)
core   0: 3 0x800000bc (0x0000006f)
core   0: 3 0x800000bc (0x0000006f)
core   0: 3 0x800000bc (0x0000006f)
core   0: 3 0x800000bc (0x0000006f)
core   0: 3 0x800000bc (0x0000006f)
core   0: 3 0x800000bc (0x0000006f)
core   0: 3 0x800000bc (0x0000006f)
core   0: 3 0x800000bc (0x0000006f)
core   0: 3 0x800000bc (0x0000006f)
core   0: 3 0x800000bc (0x0000006f)
core   0: 3 0x800000bc (0x0000006f)
core   0: 3 0x800000bc (0x0000006f)
core   0: 3 0x800000bc (0x0000006f)
core   0: 3 0x800000bc (0x0000006f)
core   0: 3 0x800000bc (0x0000006f)
core   0: 3 0x800000bc (0x0000006f)
core   0: 3 0x800000bc (0x0000006f)
core   0: 3 0x800000bc (0x0000006f)
core   0: 3 0x800000bc (0x0000006f)
core   0: 3 0x800000bc (0x0000006f)
core   0: 3 0x800000bc (0x0000006f)
core   0: 3 0x800000bc (0x0000006f)
core   0: 3 0x800000bc (0x0000006f)
core   0: 3 0x800000bc (0x0000006f)
core   0: 3 0x800000bc (0x0000006f)
core   0: 3 0x800000bc (0x0000006f)
core   0: 3 0x800000bc (0x0000006f)
core   0: 3 0x800000bc (0x0000006f)
core   0: 3 0x800000bc (0x0000006f)
core   0: 3 0x800000bc (0x0000006f)
core   0: 3 0x800000bc (0x0000006f)
core   0: 3 0x800000bc (0x0000006f)
core   0: 3 0x800000bc (0x0000006f)
core   0: 3 0x800000bc (0x0000006f)
core   0: 3 0x800000bc (0x0000006f)
core   0: 3 0x800000bc (0x0000006f)
core   0: 3 0x800000bc (0x0000006f)
core   0: 3 0x800000bc (0x0000006f)
core   0: 3 0x800000bc (0x0000006f)
core   0: 3 0x800000bc (0x0000006f)
core   0: 3 0x800000bc (0x0000006f)
core   0: 3 0x800000bc (0x0000006f)
core   0: 3 0x800000bc (0x0000006f)
core   0: 3 0x800000bc (0x0000006f)
core   0: 3 0x800000bc (0x0000006f)
core   0: 3 0x800000bc (0x0000006f)
core   0: 3 0x800000bc (0x0000006f)
core   0: 3 0x800000bc (0x0000006f)
core   0: 3 0x800000bc (0x0000006f)
core   0: 3 0x800000bc (0x0000006f)
core   0: 3 0x800000bc (0x0000006f)
core   0: 3 0x800000bc (0x0000006f)
core   0: 3 0x800000bc (0x0000006f)
core   0: 3 0x800000bc (0x0000006f)
core   0: 3 0x800000bc (0x0000006f)
core   0: 3 0x800000bc (0x0000006f)
core   0: 3 0x800000bc (0x0000006f)
core   0: 3 0x800000bc (0x0000006f)
core   0: 3 0x800000bc (0x0000006f)
core   0: 3 0x800000bc (0x0000006f)
core   0: 3 0x800000bc (0x0000006f)
core   0: 3 0x800000bc (0x0000006f)
core   0: 3 0x800000bc (0x0000006f)
core   0: 3 0x800000bc (0x0000006f)
core   0: 3 0x800000bc (0x0000006f)
core   0: 3 0x800000bc (0x0000006f)
core   0: 3 0x800000bc (0x0000006f)
core   0: 3 0x800000bc (0x0000006f)
core   0: 3 0x800000bc (0x0000006f)
core   0: 3 0x800000bc (0x0000006f)
core   0: 3 0x800000bc (0x0000006f)
core   0: 3 0x800000bc (0x0000006f)
core   0: 3 0x800000bc (0x0000006f)
core   0: 3 0x800000bc (0x0000006f)
core   0: 3 0x800000bc (0x0000006f)
core   0: 3 0x800000bc (0x0000006f)
core   0: 3 0x800000bc (0x0000006f)
core   0: 3 0x800000bc (0x0000006f)
core   0: 3 0x800000bc (0x0000006f)
core   0: 3 0x800000bc (0x0000006f)
core   0: 3 0x800000bc (0x0000006f)
core   0: 3 0x800000bc (0x0000006f)
core   0: 3 0x800000bc (0x0000006f)
core   0: 3 0x800000bc (0x0000006f)
core   0: 3 0x800000bc (0x0000006f)
core   0: 3 0x800000bc (0x0000006f)
core   0: 3 0x800000bc (0x0000006f)
core   0: 3 0x800000bc (0x0000006f)
core   0: 3 0x800000bc (0x0000006f)
core   0: 3 0x800000bc (0x0000006f)
core   0: 3 0x800000bc (0x0000006f)
core   0: 3 0x800000bc (0x0000006f)
core   0: 3 0x800000bc (0x0000006f)
core   0: 3 0x800000bc (0x0000006f)
core   0: 3 0x800000bc (0x0000006f)
core   0: 3 0x800000bc (0x0000006f)
core   0: 3 0x800000bc (0x0000006f)
core   0: 3 0x800000bc (0x0000006f)
core   0: 3 0x800000bc (0x0000006f)
core   0: 3 0x800000bc (0x0000006f)
core   0: 3 0x800000bc (0x0000006f)
core   0: 3 0x800000bc (0x0000006f)
core   0: 3 0x800000bc (0x0000006f)
core   0: 3 0x800000bc (0x0000006f)
core   0: 3 0x800000bc (0x0000006f)
core   0: 3 0x800000bc (0x0000006f)
core   0: 3 0x800000bc (0x0000006f)
core   0: 3 0x800000bc (0x0000006f)
core   0: 3 0x800000bc (0x0000006f)
core   0: 3 0x800000bc (0x0000006f)
core   0: 3 0x800000bc (0x0000006f)
core   0: 3 0x800000bc (0x0000006f)
core   0: 3 0x800000bc (0x0000006f)
core   0: 3 0x800000bc (0x0000006f)
core   0: 3 0x800000bc (0x0000006f)
core   0: 3 0x800000bc (0x0000006f)
core   0: 3 0x800000bc (0x0000006f)
core   0: 3 0x800000bc (0x0000006f)
core   0: 3 0x800000bc (0x0000006f)
core   0: 3 0x800000bc (0x0000006f)
core   0: 3 0x800000bc (0x0000006f)
core   0: 3 0x800000bc (0x0000006f)
core   0: 3 0x800000bc (0x0000006f)
core   0: 3 0x800000bc (0x0000006f)
core   0: 3 0x800000bc (0x0000006f)
core   0: 3 0x800000bc (0x0000006f)
core   0: 3 0x800000bc (0x0000006f)
core   0: 3 0x800000bc (0x0000006f)
core   0: 3 0x800000bc (0x0000006f)
core   0: 3 0x800000bc (0x0000006f)
core   0: 3 0x800000bc (0x0000006f)
core   0: 3 0x800000bc (0x0000006f)
core   0: 3 0x800000bc (0x0000006f)
core   0: 3 0x800000bc (0x0000006f)
core   0: 3 0x800000bc (0x0000006f)
core   0: 3 0x800000bc (0x0000006f)
core   0: 3 0x800000bc (0x0000006f)
core   0: 3 0x800000bc (0x0000006f)
core   0: 3 0x800000bc (0x0000006f)
core   0: 3 0x800000bc (0x0000006f)
core   0: 3 0x800000bc (0x0000006f)
core   0: 3 0x800000bc (0x0000006f)
core   0: 3 0x800000bc (0x0000006f)
core   0: 3 0x800000bc (0x0000006f)
core   0: 3 0x800000bc (0x0000006f)
core   0: 3 0x800000bc (0x0000006f)
core   0: 3 0x800000bc (0x0000006f)
core   0: 3 0x800000bc (0x0000006f)
core   0: 3 0x800000bc (0x0000006f)
core   0: 3 0x800000bc (0x0000006f)
core   0: 3 0x800000bc (0x0000006f)
core   0: 3 0x800000bc (0x0000006f)
core   0: 3 0x800000bc (0x0000006f)
core   0: 3 0x800000bc (0x0000006f)
core   0: 3 0x800000bc (0x0000006f)
core   0: 3 0x800000bc (0x0000006f)
core   0: 3 0x800000bc (0x0000006f)
core   0: 3 0x800000bc (0x0000006f)
core   0: 3 0x800000bc (0x0000006f)
core   0: 3 0x800000bc (0x0000006f)
core   0: 3 0x800000bc (0x0000006f)
core   0: 3 0x800000bc (0x0000006f)
core   0: 3 0x800000bc (0x0000006f)
core   0: 3 0x800000bc (0x0000006f)
core   0: 3 0x800000bc (0x0000006f)
core   0: 3 0x800000bc (0x0000006f)
core   0: 3 0x800000bc (0x0000006f)
core   0: 3 0x800000bc (0x0000006f)
core   0: 3 0x800000bc (0x0000006f)
core   0: 3 0x800000bc (0x0000006f)
core   0: 3 0x800000bc (0x0000006f)
core   0: 3 0x800000bc (0x0000006f)
core   0: 3 0x800000bc (0x0000006f)
core   0: 3 0x800000bc (0x0000006f)
core   0: 3 0x800000bc (0x0000006f)
core   0: 3 0x800000bc (0x0000006f)
core   0: 3 0x800000bc (0x0000006f)
core   0: 3 0x800000bc (0x0000006f)
core   0: 3 0x800000bc (0x0000006f)
core   0: 3 0x800000bc (0x0000006f)
core   0: 3 0x800000bc (0x0000006f)
core   0: 3 0x800000bc (0x0000006f)
core   0: 3 0x800000bc (0x0000006f)
core   0: 3 0x800000bc (0x0000006f)
core   0: 3 0x800000bc (0x0000006f)
core   0: 3 0x800000bc (0x0000006f)
core   0: 3 0x800000bc (0x0000006f)
core   0: 3 0x800000bc (0x0000006f)
core   0: 3 0x800000bc (0x0000006f)
core   0: 3 0x800000bc (0x0000006f)
core   0: 3 0x800000bc (0x0000006f)
core   0: 3 0x800000bc (0x0000006f)
core   0: 3 0x800000bc (0x0000006f)
core   0: 3 0x800000bc (0x0000006f)
core   0: 3 0x800000bc (0x0000006f)
core   0: 3 0x800000bc (0x0000006f)
core   0: 3 0x800000bc (0x0000006f)
core   0: 3 0x800000bc (0x0000006f)
core   0: 3 0x800000bc (0x0000006f)
core   0: 3 0x800000bc (0x0000006f)
core   0: 3 0x800000bc (0x0000006f)
core   0: 3 0x800000bc (0x0000006f)
core   0: 3 0x800000bc (0x0000006f)
core   0: 3 0x800000bc (0x0000006f)
core   0: 3 0x800000bc (0x0000006f)
core   0: 3 0x800000bc (0x0000006f)
core   0: 3 0x800000bc (0x0000006f)
core   0: 3 0x800000bc (0x0000006f)
core   0: 3 0x800000bc (0x0000006f)
core   0: 3 0x800000bc (0x0000006f)
core   0: 3 0x800000bc (0x0000006f)
core   0: 3 0x800000bc (0x0000006f)
core   0: 3 0x800000bc (0x0000006f)
core   0: 3 0x800000bc (0x0000006f)
core   0: 3 0x800000bc (0x0000006f)
core   0: 3 0x800000bc (0x0000006f)
core   0: 3 0x800000bc (0x0000006f)
core   0: 3 0x800000bc (0x0000006f)
core   0: 3 0x800000bc (0x0000006f)
core   0: 3 0x800000bc (0x0000006f)
core   0: 3 0x800000bc (0x0000006f)
core   0: 3 0x800000bc (0x0000006f)
core   0: 3 0x800000bc (0x0000006f)
core   0: 3 0x800000bc (0x0000006f)
core   0: 3 0x800000bc (0x0000006f)
core   0: 3 0x800000bc (0x0000006f)
core   0: 3 0x800000bc (0x0000006f)
core   0: 3 0x800000bc (0x0000006f)
core   0: 3 0x800000bc (0x0000006f)
core   0: 3 0x800000bc (0x0000006f)
core   0: 3 0x800000bc (0x0000006f)
core   0: 3 0x800000bc (0x0000006f)
core   0: 3 0x800000bc (0x0000006f)
core   0: 3 0x800000bc (0x0000006f)
core   0: 3 0x800000bc (0x0000006f)
core   0: 3 0x800000bc (0x0000006f)
core   0: 3 0x800000bc (0x0000006f)
core   0: 3 0x800000bc (0x0000006f)
core   0: 3 0x800000bc (0x0000006f)
core   0: 3 0x800000bc (0x0000006f)
core   0: 3 0x800000bc (0x0000006f)
core   0: 3 0x800000bc (0x0000006f)
core   0: 3 0x800000bc (0x0000006f)
core   0: 3 0x800000bc (0x0000006f)
core   0: 3 0x800000bc (0x0000006f)
core   0: 3 0x800000bc (0x0000006f)
core   0: 3 0x800000bc (0x0000006f)
core   0: 3 0x800000bc (0x0000006f)
core   0: 3 0x800000bc (0x0000006f)
core   0: 3 0x800000bc (0x0000006f)
core   0: 3 0x800000bc (0x0000006f)
core   0: 3 0x800000bc (0x0000006f)
core   0: 3 0x800000bc (0x0000006f)
core   0: 3 0x800000bc (0x0000006f)
core   0: 3 0x800000bc (0x0000006f)
core   0: 3 0x800000bc (0x0000006f)
core   0: 3 0x800000bc (0x0000006f)
core   0: 3 0x800000bc (0x0000006f)
core   0: 3 0x800000bc (0x0000006f)
core   0: 3 0x800000bc (0x0000006f)
core   0: 3 0x800000bc (0x0000006f)
core   0: 3 0x800000bc (0x0000006f)
core   0: 3 0x800000bc (0x0000006f)
core   0: 3 0x800000bc (0x0000006f)
core   0: 3 0x800000bc (0x0000006f)
core   0: 3 0x800000bc (0x0000006f)
core   0: 3 0x800000bc (0x0000006f)
core   0: 3 0x800000bc (0x0000006f)
core   0: 3 0x800000bc (0x0000006f)
core   0: 3 0x800000bc (0x0000006f)
core   0: 3 0x800000bc (0x0000006f)
core   0: 3 0x800000bc (0x0000006f)
core   0: 3 0x800000bc (0x0000006f)
core   0: 3 0x800000bc (0x0000006f)
core   0: 3 0x800000bc (0x0000006f)
core   0: 3 0x800000bc (0x0000006f)
core   0: 3 0x800000bc (0x0000006f)
core   0: 3 0x800000bc (0x0000006f)
core   0: 3 0x800000bc (0x0000006f)
core   0: 3 0x800000bc (0x0000006f)
core   0: 3 0x800000bc (0x0000006f)
core   0: 3 0x800000bc (0x0000006f)
core   0: 3 0x800000bc (0x0000006f)
core   0: 3 0x800000bc (0x0000006f)
core   0: 3 0x800000bc (0x0000006f)
core   0: 3 0x800000bc (0x0000006f)
core   0: 3 0x800000bc (0x0000006f)
core   0: 3 0x800000bc (0x0000006f)
core   0: 3 0x800000bc (0x0000006f)
core   0: 3 0x800000bc (0x0000006f)
core   0: 3 0x800000bc (0x0000006f)
core   0: 3 0x800000bc (0x0000006f)
core   0: 3 0x800000bc (0x0000006f)
core   0: 3 0x800000bc (0x0000006f)
core   0: 3 0x800000bc (0x0000006f)
core   0: 3 0x800000bc (0x0000006f)
core   0: 3 0x800000bc (0x0000006f)
core   0: 3 0x800000bc (0x0000006f)
core   0: 3 0x800000bc (0x0000006f)
core   0: 3 0x800000bc (0x0000006f)
core   0: 3 0x800000bc (0x0000006f)
core   0: 3 0x800000bc (0x0000006f)
core   0: 3 0x800000bc (0x0000006f)
core   0: 3 0x800000bc (0x0000006f)
core   0: 3 0x800000bc (0x0000006f)
core   0: 3 0x800000bc (0x0000006f)
core   0: 3 0x800000bc (0x0000006f)
core   0: 3 0x800000bc (0x0000006f)
core   0: 3 0x800000bc (0x0000006f)
core   0: 3 0x800000bc (0x0000006f)
core   0: 3 0x800000bc (0x0000006f)
core   0: 3 0x800000bc (0x0000006f)
core   0: 3 0x800000bc (0x0000006f)
core   0: 3 0x800000bc (0x0000006f)
core   0: 3 0x800000bc (0x0000006f)
core   0: 3 0x800000bc (0x0000006f)
core   0: 3 0x800000bc (0x0000006f)
core   0: 3 0x800000bc (0x0000006f)
core   0: 3 0x800000bc (0x0000006f)
core   0: 3 0x800000bc (0x0000006f)
core   0: 3 0x800000bc (0x0000006f)
core   0: 3 0x800000bc (0x0000006f)
core   0: 3 0x800000bc (0x0000006f)
core   0: 3 0x800000bc (0x0000006f)
core   0: 3 0x800000bc (0x0000006f)
core   0: 3 0x800000bc (0x0000006f)
core   0: 3 0x800000bc (0x0000006f)
core   0: 3 0x800000bc (0x0000006f)
core   0: 3 0x800000bc (0x0000006f)
core   0: 3 0x800000bc (0x0000006f)
core   0: 3 0x800000bc (0x0000006f)
core   0: 3 0x800000bc (0x0000006f)
core   0: 3 0x800000bc (0x0000006f)
core   0: 3 0x800000bc (0x0000006f)
core   0: 3 0x800000bc (0x0000006f)
core   0: 3 0x800000bc (0x0000006f)
core   0: 3 0x800000bc (0x0000006f)
core   0: 3 0x800000bc (0x0000006f)
core   0: 3 0x800000bc (0x0000006f)
core   0: 3 0x800000bc (0x0000006f)
core   0: 3 0x800000bc (0x0000006f)
core   0: 3 0x800000bc (0x0000006f)
core   0: 3 0x800000bc (0x0000006f)
core   0: 3 0x800000bc (0x0000006f)
core   0: 3 0x800000bc (0x0000006f)
core   0: 3 0x800000bc (0x0000006f)
core   0: 3 0x800000bc (0x0000006f)
core   0: 3 0x800000bc (0x0000006f)
core   0: 3 0x800000bc (0x0000006f)
core   0: 3 0x800000bc (0x0000006f)
core   0: 3 0x800000bc (0x0000006f)
core   0: 3 0x800000bc (0x0000006f)
core   0: 3 0x800000bc (0x0000006f)
core   0: 3 0x800000bc (0x0000006f)
core   0: 3 0x800000bc (0x0000006f)
core   0: 3 0x800000bc (0x0000006f)
core   0: 3 0x800000bc (0x0000006f)
core   0: 3 0x800000bc (0x0000006f)
core   0: 3 0x800000bc (0x0000006f)
core   0: 3 0x800000bc (0x0000006f)
core   0: 3 0x800000bc (0x0000006f)
core   0: 3 0x800000bc (0x0000006f)
core   0: 3 0x800000bc (0x0000006f)
core   0: 3 0x800000bc (0x0000006f)
core   0: 3 0x800000bc (0x0000006f)
core   0: 3 0x800000bc (0x0000006f)
core   0: 3 0x800000bc (0x0000006f)
core   0: 3 0x800000bc (0x0000006f)
core   0: 3 0x800000bc (0x0000006f)
core   0: 3 0x800000bc (0x0000006f)
core   0: 3 0x800000bc (0x0000006f)
core   0: 3 0x800000bc (0x0000006f)
core   0: 3 0x800000bc (0x0000006f)
core   0: 3 0x800000bc (0x0000006f)
core   0: 3 0x800000bc (0x0000006f)
core   0: 3 0x800000bc (0x0000006f)
core   0: 3 0x800000bc (0x0000006f)
core   0: 3 0x800000bc (0x0000006f)
core   0: 3 0x800000bc (0x0000006f)
core   0: 3 0x800000bc (0x0000006f)
core   0: 3 0x800000bc (0x0000006f)
core   0: 3 0x800000bc (0x0000006f)
core   0: 3 0x800000bc (0x0000006f)
core   0: 3 0x800000bc (0x0000006f)
core   0: 3 0x800000bc (0x0000006f)
core   0: 3 0x800000bc (0x0000006f)
core   0: 3 0x800000bc (0x0000006f)
core   0: 3 0x800000bc (0x0000006f)
core   0: 3 0x800000bc (0x0000006f)
core   0: 3 0x800000bc (0x0000006f)
core   0: 3 0x800000bc (0x0000006f)
core   0: 3 0x800000bc (0x0000006f)
core   0: 3 0x800000bc (0x0000006f)
core   0: 3 0x800000bc (0x0000006f)
core   0: 3 0x800000bc (0x0000006f)
core   0: 3 0x800000bc (0x0000006f)
core   0: 3 0x800000bc (0x0000006f)
core   0: 3 0x800000bc (0x0000006f)
core   0: 3 0x800000bc (0x0000006f)
core   0: 3 0x800000bc (0x0000006f)
core   0: 3 0x800000bc (0x0000006f)
core   0: 3 0x800000bc (0x0000006f)
core   0: 3 0x800000bc (0x0000006f)
core   0: 3 0x800000bc (0x0000006f)
core   0: 3 0x800000bc (0x0000006f)
core   0: 3 0x800000bc (0x0000006f)
core   0: 3 0x800000bc (0x0000006f)
core   0: 3 0x800000bc (0x0000006f)
core   0: 3 0x800000bc (0x0000006f)
core   0: 3 0x800000bc (0x0000006f)
core   0: 3 0x800000bc (0x0000006f)
core   0: 3 0x800000bc (0x0000006f)
core   0: 3 0x800000bc (0x0000006f)
core   0: 3 0x800000bc (0x0000006f)
core   0: 3 0x800000bc (0x0000006f)
core   0: 3 0x800000bc (0x0000006f)
core   0: 3 0x800000bc (0x0000006f)
core   0: 3 0x800000bc (0x0000006f)
core   0: 3 0x800000bc (0x0000006f)
core   0: 3 0x800000bc (0x0000006f)
core   0: 3 0x800000bc (0x0000006f)
core   0: 3 0x800000bc (0x0000006f)
core   0: 3 0x800000bc (0x0000006f)
core   0: 3 0x800000bc (0x0000006f)
core   0: 3 0x800000bc (0x0000006f)
core   0: 3 0x800000bc (0x0000006f)
core   0: 3 0x800000bc (0x0000006f)
core   0: 3 0x800000bc (0x0000006f)
core   0: 3 0x800000bc (0x0000006f)
core   0: 3 0x800000bc (0x0000006f)
core   0: 3 0x800000bc (0x0000006f)
core   0: 3 0x800000bc (0x0000006f)
core   0: 3 0x800000bc (0x0000006f)
core   0: 3 0x800000bc (0x0000006f)
core   0: 3 0x800000bc (0x0000006f)
core   0: 3 0x800000bc (0x0000006f)
core   0: 3 0x800000bc (0x0000006f)
core   0: 3 0x800000bc (0x0000006f)
core   0: 3 0x800000bc (0x0000006f)
core   0: 3 0x800000bc (0x0000006f)
core   0: 3 0x800000bc (0x0000006f)
core   0: 3 0x800000bc (0x0000006f)
core   0: 3 0x800000bc (0x0000006f)
core   0: 3 0x800000bc (0x0000006f)
core   0: 3 0x800000bc (0x0000006f)
core   0: 3 0x800000bc (0x0000006f)
core   0: 3 0x800000bc (0x0000006f)
core   0: 3 0x800000bc (0x0000006f)
core   0: 3 0x800000bc (0x0000006f)
core   0: 3 0x800000bc (0x0000006f)
core   0: 3 0x800000bc (0x0000006f)
core   0: 3 0x800000bc (0x0000006f)
core   0: 3 0x800000bc (0x0000006f)
core   0: 3 0x800000bc (0x0000006f)
core   0: 3 0x800000bc (0x0000006f)
core   0: 3 0x800000bc (0x0000006f)
core   0: 3 0x800000bc (0x0000006f)
core   0: 3 0x800000bc (0x0000006f)
core   0: 3 0x800000bc (0x0000006f)
core   0: 3 0x800000bc (0x0000006f)
core   0: 3 0x800000bc (0x0000006f)
core   0: 3 0x800000bc (0x0000006f)
core   0: 3 0x800000bc (0x0000006f)
core   0: 3 0x800000bc (0x0000006f)
core   0: 3 0x800000bc (0x0000006f)
core   0: 3 0x800000bc (0x0000006f)
core   0: 3 0x800000bc (0x0000006f)
core   0: 3 0x800000bc (0x0000006f)
core   0: 3 0x800000bc (0x0000006f)
core   0: 3 0x800000bc (0x0000006f)
core   0: 3 0x800000bc (0x0000006f)
core   0: 3 0x800000bc (0x0000006f)
core   0: 3 0x800000bc (0x0000006f)
core   0: 3 0x800000bc (0x0000006f)
core   0: 3 0x800000bc (0x0000006f)
core   0: 3 0x800000bc (0x0000006f)
core   0: 3 0x800000bc (0x0000006f)
core   0: 3 0x800000bc (0x0000006f)
core   0: 3 0x800000bc (0x0000006f)
core   0: 3 0x800000bc (0x0000006f)
core   0: 3 0x800000bc (0x0000006f)
core   0: 3 0x800000bc (0x0000006f)
core   0: 3 0x800000bc (0x0000006f)
core   0: 3 0x800000bc (0x0000006f)
core   0: 3 0x800000bc (0x0000006f)
core   0: 3 0x800000bc (0x0000006f)
core   0: 3 0x800000bc (0x0000006f)
core   0: 3 0x800000bc (0x0000006f)
core   0: 3 0x800000bc (0x0000006f)
core   0: 3 0x800000bc (0x0000006f)
core   0: 3 0x800000bc (0x0000006f)
core   0: 3 0x800000bc (0x0000006f)
core   0: 3 0x800000bc (0x0000006f)
core   0: 3 0x800000bc (0x0000006f)
core   0: 3 0x800000bc (0x0000006f)
core   0: 3 0x800000bc (0x0000006f)
core   0: 3 0x800000bc (0x0000006f)
core   0: 3 0x800000bc (0x0000006f)
core   0: 3 0x800000bc (0x0000006f)
core   0: 3 0x800000bc (0x0000006f)
core   0: 3 0x800000bc (0x0000006f)
core   0: 3 0x800000bc (0x0000006f)
core   0: 3 0x800000bc (0x0000006f)
core   0: 3 0x800000bc (0x0000006f)
core   0: 3 0x800000bc (0x0000006f)
core   0: 3 0x800000bc (0x0000006f)
core   0: 3 0x800000bc (0x0000006f)
core   0: 3 0x800000bc (0x0000006f)
core   0: 3 0x800000bc (0x0000006f)
core   0: 3 0x800000bc (0x0000006f)
core   0: 3 0x800000bc (0x0000006f)
core   0: 3 0x800000bc (0x0000006f)
core   0: 3 0x800000bc (0x0000006f)
core   0: 3 0x800000bc (0x0000006f)
core   0: 3 0x800000bc (0x0000006f)
core   0: 3 0x800000bc (0x0000006f)
core   0: 3 0x800000bc (0x0000006f)
core   0: 3 0x800000bc (0x0000006f)
core   0: 3 0x800000bc (0x0000006f)
core   0: 3 0x800000bc (0x0000006f)
core   0: 3 0x800000bc (0x0000006f)
core   0: 3 0x800000bc (0x0000006f)
core   0: 3 0x800000bc (0x0000006f)
core   0: 3 0x800000bc (0x0000006f)
core   0: 3 0x800000bc (0x0000006f)
core   0: 3 0x800000bc (0x0000006f)
core   0: 3 0x800000bc (0x0000006f)
core   0: 3 0x800000bc (0x0000006f)
core   0: 3 0x800000bc (0x0000006f)
core   0: 3 0x800000bc (0x0000006f)
core   0: 3 0x800000bc (0x0000006f)
core   0: 3 0x800000bc (0x0000006f)
core   0: 3 0x800000bc (0x0000006f)
core   0: 3 0x800000bc (0x0000006f)
core   0: 3 0x800000bc (0x0000006f)
core   0: 3 0x800000bc (0x0000006f)
core   0: 3 0x800000bc (0x0000006f)
core   0: 3 0x800000bc (0x0000006f)
core   0: 3 0x800000bc (0x0000006f)
core   0: 3 0x800000bc (0x0000006f)
core   0: 3 0x800000bc (0x0000006f)
core   0: 3 0x800000bc (0x0000006f)
core   0: 3 0x800000bc (0x0000006f)
core   0: 3 0x800000bc (0x0000006f)
core   0: 3 0x800000bc (0x0000006f)
core   0: 3 0x800000bc (0x0000006f)
core   0: 3 0x800000bc (0x0000006f)
core   0: 3 0x800000bc (0x0000006f)
core   0: 3 0x800000bc (0x0000006f)
core   0: 3 0x800000bc (0x0000006f)
core   0: 3 0x800000bc (0x0000006f)
core   0: 3 0x800000bc (0x0000006f)
core   0: 3 0x800000bc (0x0000006f)
core   0: 3 0x800000bc (0x0000006f)
core   0: 3 0x800000bc (0x0000006f)
core   0: 3 0x800000bc (0x0000006f)
core   0: 3 0x800000bc (0x0000006f)
core   0: 3 0x800000bc (0x0000006f)
core   0: 3 0x800000bc (0x0000006f)
core   0: 3 0x800000bc (0x0000006f)
core   0: 3 0x800000bc (0x0000006f)
core   0: 3 0x800000bc (0x0000006f)
core   0: 3 0x800000bc (0x0000006f)
core   0: 3 0x800000bc (0x0000006f)
core   0: 3 0x800000bc (0x0000006f)
core   0: 3 0x800000bc (0x0000006f)
core   0: 3 0x800000bc (0x0000006f)
core   0: 3 0x800000bc (0x0000006f)
core   0: 3 0x800000bc (0x0000006f)
core   0: 3 0x800000bc (0x0000006f)
core   0: 3 0x800000bc (0x0000006f)
core   0: 3 0x800000bc (0x0000006f)
core   0: 3 0x800000bc (0x0000006f)
core   0: 3 0x800000bc (0x0000006f)
core   0: 3 0x800000bc (0x0000006f)
core   0: 3 0x800000bc (0x0000006f)
core   0: 3 0x800000bc (0x0000006f)
core   0: 3 0x800000bc (0x0000006f)
core   0: 3 0x800000bc (0x0000006f)
core   0: 3 0x800000bc (0x0000006f)
core   0: 3 0x800000bc (0x0000006f)
core   0: 3 0x800000bc (0x0000006f)
core   0: 3 0x800000bc (0x0000006f)
core   0: 3 0x800000bc (0x0000006f)
core   0: 3 0x800000bc (0x0000006f)
core   0: 3 0x800000bc (0x0000006f)
core   0: 3 0x800000bc (0x0000006f)
core   0: 3 0x800000bc (0x0000006f)
core   0: 3 0x800000bc (0x0000006f)
core   0: 3 0x800000bc (0x0000006f)
core   0: 3 0x800000bc (0x0000006f)
core   0: 3 0x800000bc (0x0000006f)
core   0: 3 0x800000bc (0x0000006f)
core   0: 3 0x800000bc (0x0000006f)
core   0: 3 0x800000bc (0x0000006f)
core   0: 3 0x800000bc (0x0000006f)
core   0: 3 0x800000bc (0x0000006f)
core   0: 3 0x800000bc (0x0000006f)
core   0: 3 0x800000bc (0x0000006f)
core   0: 3 0x800000bc (0x0000006f)
core   0: 3 0x800000bc (0x0000006f)
core   0: 3 0x800000bc (0x0000006f)
core   0: 3 0x800000bc (0x0000006f)
core   0: 3 0x800000bc (0x0000006f)
core   0: 3 0x800000bc (0x0000006f)
core   0: 3 0x800000bc (0x0000006f)
core   0: 3 0x800000bc (0x0000006f)
core   0: 3 0x800000bc (0x0000006f)
core   0: 3 0x800000bc (0x0000006f)
core   0: 3 0x800000bc (0x0000006f)
core   0: 3 0x800000bc (0x0000006f)
core   0: 3 0x800000bc (0x0000006f)
core   0: 3 0x800000bc (0x0000006f)
core   0: 3 0x800000bc (0x0000006f)
core   0: 3 0x800000bc (0x0000006f)
core   0: 3 0x800000bc (0x0000006f)
core   0: 3 0x800000bc (0x0000006f)
core   0: 3 0x800000bc (0x0000006f)
core   0: 3 0x800000bc (0x0000006f)
core   0: 3 0x800000bc (0x0000006f)
core   0: 3 0x800000bc (0x0000006f)
core   0: 3 0x800000bc (0x0000006f)
core   0: 3 0x800000bc (0x0000006f)
core   0: 3 0x800000bc (0x0000006f)
core   0: 3 0x800000bc (0x0000006f)
core   0: 3 0x800000bc (0x0000006f)
core   0: 3 0x800000bc (0x0000006f)
core   0: 3 0x800000bc (0x0000006f)
core   0: 3 0x800000bc (0x0000006f)
core   0: 3 0x800000bc (0x0000006f)
core   0: 3 0x800000bc (0x0000006f)
core   0: 3 0x800000bc (0x0000006f)
core   0: 3 0x800000bc (0x0000006f)
core   0: 3 0x800000bc (0x0000006f)
core   0: 3 0x800000bc (0x0000006f)
core   0: 3 0x800000bc (0x0000006f)
core   0: 3 0x800000bc (0x0000006f)
core   0: 3 0x800000bc (0x0000006f)
core   0: 3 0x800000bc (0x0000006f)
core   0: 3 0x800000bc (0x0000006f)
core   0: 3 0x800000bc (0x0000006f)
core   0: 3 0x800000bc (0x0000006f)
core   0: 3 0x800000bc (0x0000006f)
core   0: 3 0x800000bc (0x0000006f)
core   0: 3 0x800000bc (0x0000006f)
core   0: 3 0x800000bc (0x0000006f)
core   0: 3 0x800000bc (0x0000006f)
core   0: 3 0x800000bc (0x0000006f)
core   0: 3 0x800000bc (0x0000006f)
core   0: 3 0x800000bc (0x0000006f)
core   0: 3 0x800000bc (0x0000006f)
core   0: 3 0x800000bc (0x0000006f)
core   0: 3 0x800000bc (0x0000006f)
core   0: 3 0x800000bc (0x0000006f)
core   0: 3 0x800000bc (0x0000006f)
core   0: 3 0x800000bc (0x0000006f)
core   0: 3 0x800000bc (0x0000006f)
core   0: 3 0x800000bc (0x0000006f)
core   0: 3 0x800000bc (0x0000006f)
core   0: 3 0x800000bc (0x0000006f)
core   0: 3 0x800000bc (0x0000006f)
core   0: 3 0x800000bc (0x0000006f)
core   0: 3 0x800000bc (0x0000006f)
core   0: 3 0x800000bc (0x0000006f)
core   0: 3 0x800000bc (0x0000006f)
core   0: 3 0x800000bc (0x0000006f)
core   0: 3 0x800000bc (0x0000006f)
core   0: 3 0x800000bc (0x0000006f)
core   0: 3 0x800000bc (0x0000006f)
core   0: 3 0x800000bc (0x0000006f)
core   0: 3 0x800000bc (0x0000006f)
core   0: 3 0x800000bc (0x0000006f)
core   0: 3 0x800000bc (0x0000006f)
core   0: 3 0x800000bc (0x0000006f)
core   0: 3 0x800000bc (0x0000006f)
core   0: 3 0x800000bc (0x0000006f)
core   0: 3 0x800000bc (0x0000006f)
core   0: 3 0x800000bc (0x0000006f)
core   0: 3 0x800000bc (0x0000006f)
core   0: 3 0x800000bc (0x0000006f)
core   0: 3 0x800000bc (0x0000006f)
core   0: 3 0x800000bc (0x0000006f)
core   0: 3 0x800000bc (0x0000006f)
core   0: 3 0x800000bc (0x0000006f)
core   0: 3 0x800000bc (0x0000006f)
core   0: 3 0x800000bc (0x0000006f)
core   0: 3 0x800000bc (0x0000006f)
core   0: 3 0x800000bc (0x0000006f)
core   0: 3 0x800000bc (0x0000006f)
core   0: 3 0x800000bc (0x0000006f)
core   0: 3 0x800000bc (0x0000006f)
core   0: 3 0x800000bc (0x0000006f)
core   0: 3 0x800000bc (0x0000006f)
core   0: 3 0x800000bc (0x0000006f)
core   0: 3 0x800000bc (0x0000006f)
core   0: 3 0x800000bc (0x0000006f)
core   0: 3 0x800000bc (0x0000006f)
core   0: 3 0x800000bc (0x0000006f)
core   0: 3 0x800000bc (0x0000006f)
core   0: 3 0x800000bc (0x0000006f)
core   0: 3 0x800000bc (0x0000006f)
core   0: 3 0x800000bc (0x0000006f)
core   0: 3 0x800000bc (0x0000006f)
core   0: 3 0x800000bc (0x0000006f)
core   0: 3 0x800000bc (0x0000006f)
core   0: 3 0x800000bc (0x0000006f)
core   0: 3 0x800000bc (0x0000006f)
core   0: 3 0x800000bc (0x0000006f)
core   0: 3 0x800000bc (0x0000006f)
core   0: 3 0x800000bc (0x0000006f)
core   0: 3 0x800000bc (0x0000006f)
core   0: 3 0x800000bc (0x0000006f)
core   0: 3 0x800000bc (0x0000006f)
core   0: 3 0x800000bc (0x0000006f)
core   0: 3 0x800000bc (0x0000006f)
core   0: 3 0x800000bc (0x0000006f)
core   0: 3 0x800000bc (0x0000006f)
core   0: 3 0x800000bc (0x0000006f)
core   0: 3 0x800000bc (0x0000006f)
core   0: 3 0x800000bc (0x0000006f)
core   0: 3 0x800000bc (0x0000006f)
core   0: 3 0x800000bc (0x0000006f)
core   0: 3 0x800000bc (0x0000006f)
core   0: 3 0x800000bc (0x0000006f)
core   0: 3 0x800000bc (0x0000006f)
core   0: 3 0x800000bc (0x0000006f)
core   0: 3 0x800000bc (0x0000006f)
core   0: 3 0x800000bc (0x0000006f)
core   0: 3 0x800000bc (0x0000006f)
core   0: 3 0x800000bc (0x0000006f)
core   0: 3 0x800000bc (0x0000006f)
core   0: 3 0x800000bc (0x0000006f)
core   0: 3 0x800000bc (0x0000006f)
core   0: 3 0x800000bc (0x0000006f)
core   0: 3 0x800000bc (0x0000006f)
core   0: 3 0x800000bc (0x0000006f)
core   0: 3 0x800000bc (0x0000006f)
core   0: 3 0x800000bc (0x0000006f)
core   0: 3 0x800000bc (0x0000006f)
core   0: 3 0x800000bc (0x0000006f)
core   0: 3 0x800000bc (0x0000006f)
core   0: 3 0x800000bc (0x0000006f)
core   0: 3 0x800000bc (0x0000006f)
core   0: 3 0x800000bc (0x0000006f)
core   0: 3 0x800000bc (0x0000006f)
core   0: 3 0x800000bc (0x0000006f)
core   0: 3 0x800000bc (0x0000006f)
core   0: 3 0x800000bc (0x0000006f)
core   0: 3 0x800000bc (0x0000006f)
core   0: 3 0x800000bc (0x0000006f)
core   0: 3 0x800000bc (0x0000006f)
core   0: 3 0x800000bc (0x0000006f)
core   0: 3 0x800000bc (0x0000006f)
core   0: 3 0x800000bc (0x0000006f)
core   0: 3 0x800000bc (0x0000006f)
core   0: 3 0x800000bc (0x0000006f)
core   0: 3 0x800000bc (0x0000006f)
core   0: 3 0x800000bc (0x0000006f)
core   0: 3 0x800000bc (0x0000006f)
core   0: 3 0x800000bc (0x0000006f)
core   0: 3 0x800000bc (0x0000006f)
core   0: 3 0x800000bc (0x0000006f)
core   0: 3 0x800000bc (0x0000006f)
core   0: 3 0x800000bc (0x0000006f)
core   0: 3 0x800000bc (0x0000006f)
core   0: 3 0x800000bc (0x0000006f)
core   0: 3 0x800000bc (0x0000006f)
core   0: 3 0x800000bc (0x0000006f)
core   0: 3 0x800000bc (0x0000006f)
core   0: 3 0x800000bc (0x0000006f)
core   0: 3 0x800000bc (0x0000006f)
core   0: 3 0x800000bc (0x0000006f)
core   0: 3 0x800000bc (0x0000006f)
core   0: 3 0x800000bc (0x0000006f)
core   0: 3 0x800000bc (0x0000006f)
core   0: 3 0x800000bc (0x0000006f)
core   0: 3 0x800000bc (0x0000006f)
core   0: 3 0x800000bc (0x0000006f)
core   0: 3 0x800000bc (0x0000006f)
core   0: 3 0x800000bc (0x0000006f)
core   0: 3 0x800000bc (0x0000006f)
core   0: 3 0x800000bc (0x0000006f)
core   0: 3 0x800000bc (0x0000006f)
core   0: 3 0x800000bc (0x0000006f)
core   0: 3 0x800000bc (0x0000006f)
core   0: 3 0x800000bc (0x0000006f)
core   0: 3 0x800000bc (0x0000006f)
core   0: 3 0x800000bc (0x0000006f)
core   0: 3 0x800000bc (0x0000006f)
core   0: 3 0x800000bc (0x0000006f)
core   0: 3 0x800000bc (0x0000006f)
core   0: 3 0x800000bc (0x0000006f)
core   0: 3 0x800000bc (0x0000006f)
core   0: 3 0x800000bc (0x0000006f)
core   0: 3 0x800000bc (0x0000006f)
core   0: 3 0x800000bc (0x0000006f)
core   0: 3 0x800000bc (0x0000006f)
core   0: 3 0x800000bc (0x0000006f)
core   0: 3 0x800000bc (0x0000006f)
core   0: 3 0x800000bc (0x0000006f)
core   0: 3 0x800000bc (0x0000006f)
core   0: 3 0x800000bc (0x0000006f)
core   0: 3 0x800000bc (0x0000006f)
core   0: 3 0x800000bc (0x0000006f)
core   0: 3 0x800000bc (0x0000006f)
core   0: 3 0x800000bc (0x0000006f)
core   0: 3 0x800000bc (0x0000006f)
core   0: 3 0x800000bc (0x0000006f)
core   0: 3 0x800000bc (0x0000006f)
core   0: 3 0x800000bc (0x0000006f)
core   0: 3 0x800000bc (0x0000006f)
core   0: 3 0x800000bc (0x0000006f)
core   0: 3 0x800000bc (0x0000006f)
core   0: 3 0x800000bc (0x0000006f)
core   0: 3 0x800000bc (0x0000006f)
core   0: 3 0x800000bc (0x0000006f)
core   0: 3 0x800000bc (0x0000006f)
core   0: 3 0x800000bc (0x0000006f)
core   0: 3 0x800000bc (0x0000006f)
core   0: 3 0x800000bc (0x0000006f)
core   0: 3 0x800000bc (0x0000006f)
core   0: 3 0x800000bc (0x0000006f)
core   0: 3 0x800000bc (0x0000006f)
core   0: 3 0x800000bc (0x0000006f)
core   0: 3 0x800000bc (0x0000006f)
core   0: 3 0x800000bc (0x0000006f)
core   0: 3 0x800000bc (0x0000006f)
core   0: 3 0x800000bc (0x0000006f)
core   0: 3 0x800000bc (0x0000006f)
core   0: 3 0x800000bc (0x0000006f)
core   0: 3 0x800000bc (0x0000006f)
core   0: 3 0x800000bc (0x0000006f)
core   0: 3 0x800000bc (0x0000006f)
core   0: 3 0x800000bc (0x0000006f)
core   0: 3 0x800000bc (0x0000006f)
core   0: 3 0x800000bc (0x0000006f)
core   0: 3 0x800000bc (0x0000006f)
core   0: 3 0x800000bc (0x0000006f)
core   0: 3 0x800000bc (0x0000006f)
core   0: 3 0x800000bc (0x0000006f)
core   0: 3 0x800000bc (0x0000006f)
core   0: 3 0x800000bc (0x0000006f)
core   0: 3 0x800000bc (0x0000006f)
core   0: 3 0x800000bc (0x0000006f)
core   0: 3 0x800000bc (0x0000006f)
core   0: 3 0x800000bc (0x0000006f)
core   0: 3 0x800000bc (0x0000006f)
core   0: 3 0x800000bc (0x0000006f)
core   0: 3 0x800000bc (0x0000006f)
core   0: 3 0x800000bc (0x0000006f)
core   0: 3 0x800000bc (0x0000006f)
core   0: 3 0x800000bc (0x0000006f)
core   0: 3 0x800000bc (0x0000006f)
core   0: 3 0x800000bc (0x0000006f)
core   0: 3 0x800000bc (0x0000006f)
core   0: 3 0x800000bc (0x0000006f)
core   0: 3 0x800000bc (0x0000006f)
core   0: 3 0x800000bc (0x0000006f)
core   0: 3 0x800000bc (0x0000006f)
core   0: 3 0x800000bc (0x0000006f)
core   0: 3 0x800000bc (0x0000006f)
core   0: 3 0x800000bc (0x0000006f)
core   0: 3 0x800000bc (0x0000006f)
core   0: 3 0x800000bc (0x0000006f)
core   0: 3 0x800000bc (0x0000006f)
core   0: 3 0x800000bc (0x0000006f)
core   0: 3 0x800000bc (0x0000006f)
core   0: 3 0x800000bc (0x0000006f)
core   0: 3 0x800000bc (0x0000006f)
core   0: 3 0x800000bc (0x0000006f)
core   0: 3 0x800000bc (0x0000006f)
core   0: 3 0x800000bc (0x0000006f)
core   0: 3 0x800000bc (0x0000006f)
core   0: 3 0x800000bc (0x0000006f)
core   0: 3 0x800000bc (0x0000006f)
core   0: 3 0x800000bc (0x0000006f)
core   0: 3 0x800000bc (0x0000006f)
core   0: 3 0x800000bc (0x0000006f)
core   0: 3 0x800000bc (0x0000006f)
core   0: 3 0x800000bc (0x0000006f)
core   0: 3 0x800000bc (0x0000006f)
core   0: 3 0x800000bc (0x0000006f)
core   0: 3 0x800000bc (0x0000006f)
core   0: 3 0x800000bc (0x0000006f)
core   0: 3 0x800000bc (0x0000006f)
core   0: 3 0x800000bc (0x0000006f)
core   0: 3 0x800000bc (0x0000006f)
core   0: 3 0x800000bc (0x0000006f)
core   0: 3 0x800000bc (0x0000006f)
core   0: 3 0x800000bc (0x0000006f)
core   0: 3 0x800000bc (0x0000006f)
core   0: 3 0x800000bc (0x0000006f)
core   0: 3 0x800000bc (0x0000006f)
core   0: 3 0x800000bc (0x0000006f)
core   0: 3 0x800000bc (0x0000006f)
core   0: 3 0x800000bc (0x0000006f)
core   0: 3 0x800000bc (0x0000006f)
core   0: 3 0x800000bc (0x0000006f)
core   0: 3 0x800000bc (0x0000006f)
core   0: 3 0x800000bc (0x0000006f)
core   0: 3 0x800000bc (0x0000006f)
core   0: 3 0x800000bc (0x0000006f)
core   0: 3 0x800000bc (0x0000006f)
core   0: 3 0x800000bc (0x0000006f)
core   0: 3 0x800000bc (0x0000006f)
core   0: 3 0x800000bc (0x0000006f)
core   0: 3 0x800000bc (0x0000006f)
core   0: 3 0x800000bc (0x0000006f)
core   0: 3 0x800000bc (0x0000006f)
core   0: 3 0x800000bc (0x0000006f)
core   0: 3 0x800000bc (0x0000006f)
core   0: 3 0x800000bc (0x0000006f)
core   0: 3 0x800000bc (0x0000006f)
core   0: 3 0x800000bc (0x0000006f)
core   0: 3 0x800000bc (0x0000006f)
core   0: 3 0x800000bc (0x0000006f)
core   0: 3 0x800000bc (0x0000006f)
core   0: 3 0x800000bc (0x0000006f)
core   0: 3 0x800000bc (0x0000006f)
core   0: 3 0x800000bc (0x0000006f)
core   0: 3 0x800000bc (0x0000006f)
core   0: 3 0x800000bc (0x0000006f)
core   0: 3 0x800000bc (0x0000006f)
core   0: 3 0x800000bc (0x0000006f)
core   0: 3 0x800000bc (0x0000006f)
core   0: 3 0x800000bc (0x0000006f)
core   0: 3 0x800000bc (0x0000006f)
core   0: 3 0x800000bc (0x0000006f)
core   0: 3 0x800000bc (0x0000006f)
core   0: 3 0x800000bc (0x0000006f)
core   0: 3 0x800000bc (0x0000006f)
core   0: 3 0x800000bc (0x0000006f)
core   0: 3 0x800000bc (0x0000006f)
core   0: 3 0x800000bc (0x0000006f)
core   0: 3 0x800000bc (0x0000006f)
core   0: 3 0x800000bc (0x0000006f)
core   0: 3 0x800000bc (0x0000006f)
core   0: 3 0x800000bc (0x0000006f)
core   0: 3 0x800000bc (0x0000006f)
core   0: 3 0x800000bc (0x0000006f)
core   0: 3 0x800000bc (0x0000006f)
core   0: 3 0x800000bc (0x0000006f)
core   0: 3 0x800000bc (0x0000006f)
core   0: 3 0x800000bc (0x0000006f)
core   0: 3 0x800000bc (0x0000006f)
core   0: 3 0x800000bc (0x0000006f)
core   0: 3 0x800000bc (0x0000006f)
core   0: 3 0x800000bc (0x0000006f)
core   0: 3 0x800000bc (0x0000006f)
core   0: 3 0x800000bc (0x0000006f)
core   0: 3 0x800000bc (0x0000006f)
core   0: 3 0x800000bc (0x0000006f)
core   0: 3 0x800000bc (0x0000006f)
core   0: 3 0x800000bc (0x0000006f)
core   0: 3 0x800000bc (0x0000006f)
core   0: 3 0x800000bc (0x0000006f)
core   0: 3 0x800000bc (0x0000006f)
core   0: 3 0x800000bc (0x0000006f)
core   0: 3 0x800000bc (0x0000006f)
core   0: 3 0x800000bc (0x0000006f)
core   0: 3 0x800000bc (0x0000006f)
core   0: 3 0x800000bc (0x0000006f)
core   0: 3 0x800000bc (0x0000006f)
core   0: 3 0x800000bc (0x0000006f)
core   0: 3 0x800000bc (0x0000006f)
core   0: 3 0x800000bc (0x0000006f)
core   0: 3 0x800000bc (0x0000006f)
core   0: 3 0x800000bc (0x0000006f)
core   0: 3 0x800000bc (0x0000006f)
core   0: 3 0x800000bc (0x0000006f)
core   0: 3 0x800000bc (0x0000006f)
core   0: 3 0x800000bc (0x0000006f)
core   0: 3 0x800000bc (0x0000006f)
core   0: 3 0x800000bc (0x0000006f)
core   0: 3 0x800000bc (0x0000006f)
core   0: 3 0x800000bc (0x0000006f)
core   0: 3 0x800000bc (0x0000006f)
core   0: 3 0x800000bc (0x0000006f)
core   0: 3 0x800000bc (0x0000006f)
core   0: 3 0x800000bc (0x0000006f)
core   0: 3 0x800000bc (0x0000006f)
core   0: 3 0x800000bc (0x0000006f)
core   0: 3 0x800000bc (0x0000006f)
core   0: 3 0x800000bc (0x0000006f)
core   0: 3 0x800000bc (0x0000006f)
core   0: 3 0x800000bc (0x0000006f)
core   0: 3 0x800000bc (0x0000006f)
core   0: 3 0x800000bc (0x0000006f)
core   0: 3 0x800000bc (0x0000006f)
core   0: 3 0x800000bc (0x0000006f)
core   0: 3 0x800000bc (0x0000006f)
core   0: 3 0x800000bc (0x0000006f)
core   0: 3 0x800000bc (0x0000006f)
core   0: 3 0x800000bc (0x0000006f)
core   0: 3 0x800000bc (0x0000006f)
core   0: 3 0x800000bc (0x0000006f)
core   0: 3 0x800000bc (0x0000006f)
core   0: 3 0x800000bc (0x0000006f)
core   0: 3 0x800000bc (0x0000006f)
core   0: 3 0x800000bc (0x0000006f)
core   0: 3 0x800000bc (0x0000006f)
core   0: 3 0x800000bc (0x0000006f)
core   0: 3 0x800000bc (0x0000006f)
core   0: 3 0x800000bc (0x0000006f)
core   0: 3 0x800000bc (0x0000006f)
core   0: 3 0x800000bc (0x0000006f)
core   0: 3 0x800000bc (0x0000006f)
core   0: 3 0x800000bc (0x0000006f)
core   0: 3 0x800000bc (0x0000006f)
core   0: 3 0x800000bc (0x0000006f)
core   0: 3 0x800000bc (0x0000006f)
core   0: 3 0x800000bc (0x0000006f)
core   0: 3 0x800000bc (0x0000006f)
core   0: 3 0x800000bc (0x0000006f)
core   0: 3 0x800000bc (0x0000006f)
core   0: 3 0x800000bc (0x0000006f)
core   0: 3 0x800000bc (0x0000006f)
core   0: 3 0x800000bc (0x0000006f)
core   0: 3 0x800000bc (0x0000006f)
core   0: 3 0x800000bc (0x0000006f)
core   0: 3 0x800000bc (0x0000006f)
core   0: 3 0x800000bc (0x0000006f)
core   0: 3 0x800000bc (0x0000006f)
core   0: 3 0x800000bc (0x0000006f)
core   0: 3 0x800000bc (0x0000006f)
core   0: 3 0x800000bc (0x0000006f)
core   0: 3 0x800000bc (0x0000006f)
core   0: 3 0x800000bc (0x0000006f)
core   0: 3 0x800000bc (0x0000006f)
core   0: 3 0x800000bc (0x0000006f)
core   0: 3 0x800000bc (0x0000006f)
core   0: 3 0x800000bc (0x0000006f)
core   0: 3 0x800000bc (0x0000006f)
core   0: 3 0x800000bc (0x0000006f)
core   0: 3 0x800000bc (0x0000006f)
core   0: 3 0x800000bc (0x0000006f)
core   0: 3 0x800000bc (0x0000006f)
core   0: 3 0x800000bc (0x0000006f)
core   0: 3 0x800000bc (0x0000006f)
core   0: 3 0x800000bc (0x0000006f)
core   0: 3 0x800000bc (0x0000006f)
core   0: 3 0x800000bc (0x0000006f)
core   0: 3 0x800000bc (0x0000006f)
core   0: 3 0x800000bc (0x0000006f)
core   0: 3 0x800000bc (0x0000006f)
core   0: 3 0x800000bc (0x0000006f)
core   0: 3 0x800000bc (0x0000006f)
core   0: 3 0x800000bc (0x0000006f)
core   0: 3 0x800000bc (0x0000006f)
core   0: 3 0x800000bc (0x0000006f)
core   0: 3 0x800000bc (0x0000006f)
core   0: 3 0x800000bc (0x0000006f)
core   0: 3 0x800000bc (0x0000006f)
core   0: 3 0x800000bc (0x0000006f)
core   0: 3 0x800000bc (0x0000006f)
core   0: 3 0x800000bc (0x0000006f)
core   0: 3 0x800000bc (0x0000006f)
core   0: 3 0x800000bc (0x0000006f)
core   0: 3 0x800000bc (0x0000006f)
core   0: 3 0x800000bc (0x0000006f)
core   0: 3 0x800000bc (0x0000006f)
core   0: 3 0x800000bc (0x0000006f)
core   0: 3 0x800000bc (0x0000006f)
core   0: 3 0x800000bc (0x0000006f)
core   0: 3 0x800000bc (0x0000006f)
core   0: 3 0x800000bc (0x0000006f)
core   0: 3 0x800000bc (0x0000006f)
core   0: 3 0x800000bc (0x0000006f)
core   0: 3 0x800000bc (0x0000006f)
core   0: 3 0x800000bc (0x0000006f)
core   0: 3 0x800000bc (0x0000006f)
core   0: 3 0x800000bc (0x0000006f)
core   0: 3 0x800000bc (0x0000006f)
core   0: 3 0x800000bc (0x0000006f)
core   0: 3 0x800000bc (0x0000006f)
core   0: 3 0x800000bc (0x0000006f)
core   0: 3 0x800000bc (0x0000006f)
core   0: 3 0x800000bc (0x0000006f)
core   0: 3 0x800000bc (0x0000006f)
core   0: 3 0x800000bc (0x0000006f)
core   0: 3 0x800000bc (0x0000006f)
core   0: 3 0x800000bc (0x0000006f)
core   0: 3 0x800000bc (0x0000006f)
core   0: 3 0x800000bc (0x0000006f)
core   0: 3 0x800000bc (0x0000006f)
core   0: 3 0x800000bc (0x0000006f)
core   0: 3 0x800000bc (0x0000006f)
core   0: 3 0x800000bc (0x0000006f)
core   0: 3 0x800000bc (0x0000006f)
core   0: 3 0x800000bc (0x0000006f)
core   0: 3 0x800000bc (0x0000006f)
core   0: 3 0x800000bc (0x0000006f)
core   0: 3 0x800000bc (0x0000006f)
core   0: 3 0x800000bc (0x0000006f)
core   0: 3 0x800000bc (0x0000006f)
core   0: 3 0x800000bc (0x0000006f)
core   0: 3 0x800000bc (0x0000006f)
core   0: 3 0x800000bc (0x0000006f)
core   0: 3 0x800000bc (0x0000006f)
core   0: 3 0x800000bc (0x0000006f)
core   0: 3 0x800000bc (0x0000006f)
core   0: 3 0x800000bc (0x0000006f)
core   0: 3 0x800000bc (0x0000006f)
core   0: 3 0x800000bc (0x0000006f)
core   0: 3 0x800000bc (0x0000006f)
core   0: 3 0x800000bc (0x0000006f)
core   0: 3 0x800000bc (0x0000006f)
core   0: 3 0x800000bc (0x0000006f)
core   0: 3 0x800000bc (0x0000006f)
core   0: 3 0x800000bc (0x0000006f)
core   0: 3 0x800000bc (0x0000006f)
core   0: 3 0x800000bc (0x0000006f)
core   0: 3 0x800000bc (0x0000006f)
core   0: 3 0x800000bc (0x0000006f)
core   0: 3 0x800000bc (0x0000006f)
core   0: 3 0x800000bc (0x0000006f)
core   0: 3 0x800000bc (0x0000006f)
core   0: 3 0x800000bc (0x0000006f)
core   0: 3 0x800000bc (0x0000006f)
core   0: 3 0x800000bc (0x0000006f)
core   0: 3 0x800000bc (0x0000006f)
core   0: 3 0x800000bc (0x0000006f)
core   0: 3 0x800000bc (0x0000006f)
core   0: 3 0x800000bc (0x0000006f)
core   0: 3 0x800000bc (0x0000006f)
core   0: 3 0x800000bc (0x0000006f)
core   0: 3 0x800000bc (0x0000006f)
core   0: 3 0x800000bc (0x0000006f)
core   0: 3 0x800000bc (0x0000006f)
core   0: 3 0x800000bc (0x0000006f)
core   0: 3 0x800000bc (0x0000006f)
core   0: 3 0x800000bc (0x0000006f)
core   0: 3 0x800000bc (0x0000006f)
core   0: 3 0x800000bc (0x0000006f)
core   0: 3 0x800000bc (0x0000006f)
core   0: 3 0x800000bc (0x0000006f)
core   0: 3 0x800000bc (0x0000006f)
core   0: 3 0x800000bc (0x0000006f)
core   0: 3 0x800000bc (0x0000006f)
core   0: 3 0x800000bc (0x0000006f)
core   0: 3 0x800000bc (0x0000006f)
core   0: 3 0x800000bc (0x0000006f)
core   0: 3 0x800000bc (0x0000006f)
core   0: 3 0x800000bc (0x0000006f)
core   0: 3 0x800000bc (0x0000006f)
core   0: 3 0x800000bc (0x0000006f)
core   0: 3 0x800000bc (0x0000006f)
core   0: 3 0x800000bc (0x0000006f)
core   0: 3 0x800000bc (0x0000006f)
core   0: 3 0x800000bc (0x0000006f)
core   0: 3 0x800000bc (0x0000006f)
core   0: 3 0x800000bc (0x0000006f)
core   0: 3 0x800000bc (0x0000006f)
core   0: 3 0x800000bc (0x0000006f)
core   0: 3 0x800000bc (0x0000006f)
core   0: 3 0x800000bc (0x0000006f)
core   0: 3 0x800000bc (0x0000006f)
core   0: 3 0x800000bc (0x0000006f)
core   0: 3 0x800000bc (0x0000006f)
core   0: 3 0x800000bc (0x0000006f)
core   0: 3 0x800000bc (0x0000006f)
core   0: 3 0x800000bc (0x0000006f)
core   0: 3 0x800000bc (0x0000006f)
core   0: 3 0x800000bc (0x0000006f)
core   0: 3 0x800000bc (0x0000006f)
core   0: 3 0x800000bc (0x0000006f)
core   0: 3 0x800000bc (0x0000006f)
core   0: 3 0x800000bc (0x0000006f)
core   0: 3 0x800000bc (0x0000006f)
core   0: 3 0x800000bc (0x0000006f)
core   0: 3 0x800000bc (0x0000006f)
core   0: 3 0x800000bc (0x0000006f)
core   0: 3 0x800000bc (0x0000006f)
core   0: 3 0x800000bc (0x0000006f)
core   0: 3 0x800000bc (0x0000006f)
core   0: 3 0x800000bc (0x0000006f)
core   0: 3 0x800000bc (0x0000006f)
core   0: 3 0x800000bc (0x0000006f)
core   0: 3 0x800000bc (0x0000006f)
core   0: 3 0x800000bc (0x0000006f)
core   0: 3 0x800000bc (0x0000006f)
core   0: 3 0x800000bc (0x0000006f)
core   0: 3 0x800000bc (0x0000006f)
core   0: 3 0x800000bc (0x0000006f)
core   0: 3 0x800000bc (0x0000006f)
core   0: 3 0x800000bc (0x0000006f)
core   0: 3 0x800000bc (0x0000006f)
core   0: 3 0x800000bc (0x0000006f)
core   0: 3 0x800000bc (0x0000006f)
core   0: 3 0x800000bc (0x0000006f)
core   0: 3 0x800000bc (0x0000006f)
core   0: 3 0x800000bc (0x0000006f)
core   0: 3 0x800000bc (0x0000006f)
core   0: 3 0x800000bc (0x0000006f)
core   0: 3 0x800000bc (0x0000006f)
core   0: 3 0x800000bc (0x0000006f)
core   0: 3 0x800000bc (0x0000006f)
core   0: 3 0x800000bc (0x0000006f)
core   0: 3 0x800000bc (0x0000006f)
core   0: 3 0x800000bc (0x0000006f)
core   0: 3 0x800000bc (0x0000006f)
core   0: 3 0x800000bc (0x0000006f)
core   0: 3 0x800000bc (0x0000006f)
core   0: 3 0x800000bc (0x0000006f)
core   0: 3 0x800000bc (0x0000006f)
core   0: 3 0x800000bc (0x0000006f)
core   0: 3 0x800000bc (0x0000006f)
core   0: 3 0x800000bc (0x0000006f)
core   0: 3 0x800000bc (0x0000006f)
core   0: 3 0x800000bc (0x0000006f)
core   0: 3 0x800000bc (0x0000006f)
core   0: 3 0x800000bc (0x0000006f)
core   0: 3 0x800000bc (0x0000006f)
core   0: 3 0x800000bc (0x0000006f)
core   0: 3 0x800000bc (0x0000006f)
core   0: 3 0x800000bc (0x0000006f)
core   0: 3 0x800000bc (0x0000006f)
core   0: 3 0x800000bc (0x0000006f)
core   0: 3 0x800000bc (0x0000006f)
core   0: 3 0x800000bc (0x0000006f)
core   0: 3 0x800000bc (0x0000006f)
core   0: 3 0x800000bc (0x0000006f)
core   0: 3 0x800000bc (0x0000006f)
core   0: 3 0x800000bc (0x0000006f)
core   0: 3 0x800000bc (0x0000006f)
core   0: 3 0x800000bc (0x0000006f)
core   0: 3 0x800000bc (0x0000006f)
core   0: 3 0x800000bc (0x0000006f)
core   0: 3 0x800000bc (0x0000006f)
core   0: 3 0x800000bc (0x0000006f)
core   0: 3 0x800000bc (0x0000006f)
core   0: 3 0x800000bc (0x0000006f)
core   0: 3 0x800000bc (0x0000006f)
core   0: 3 0x800000bc (0x0000006f)
core   0: 3 0x800000bc (0x0000006f)
core   0: 3 0x800000bc (0x0000006f)
core   0: 3 0x800000bc (0x0000006f)
core   0: 3 0x800000bc (0x0000006f)
core   0: 3 0x800000bc (0x0000006f)
core   0: 3 0x800000bc (0x0000006f)
core   0: 3 0x800000bc (0x0000006f)
core   0: 3 0x800000bc (0x0000006f)
core   0: 3 0x800000bc (0x0000006f)
core   0: 3 0x800000bc (0x0000006f)
core   0: 3 0x800000bc (0x0000006f)
core   0: 3 0x800000bc (0x0000006f)
core   0: 3 0x800000bc (0x0000006f)
core   0: 3 0x800000bc (0x0000006f)
core   0: 3 0x800000bc (0x0000006f)
core   0: 3 0x800000bc (0x0000006f)
core   0: 3 0x800000bc (0x0000006f)
core   0: 3 0x800000bc (0x0000006f)
core   0: 3 0x800000bc (0x0000006f)
core   0: 3 0x800000bc (0x0000006f)
core   0: 3 0x800000bc (0x0000006f)
core   0: 3 0x800000bc (0x0000006f)
core   0: 3 0x800000bc (0x0000006f)
core   0: 3 0x800000bc (0x0000006f)
core   0: 3 0x800000bc (0x0000006f)
core   0: 3 0x800000bc (0x0000006f)
core   0: 3 0x800000bc (0x0000006f)
core   0: 3 0x800000bc (0x0000006f)
core   0: 3 0x800000bc (0x0000006f)
core   0: 3 0x800000bc (0x0000006f)
core   0: 3 0x800000bc (0x0000006f)
core   0: 3 0x800000bc (0x0000006f)
core   0: 3 0x800000bc (0x0000006f)
core   0: 3 0x800000bc (0x0000006f)
core   0: 3 0x800000bc (0x0000006f)
core   0: 3 0x800000bc (0x0000006f)
core   0: 3 0x800000bc (0x0000006f)
core   0: 3 0x800000bc (0x0000006f)
core   0: 3 0x800000bc (0x0000006f)
core   0: 3 0x800000bc (0x0000006f)
core   0: 3 0x800000bc (0x0000006f)
core   0: 3 0x800000bc (0x0000006f)
core   0: 3 0x800000bc (0x0000006f)
core   0: 3 0x800000bc (0x0000006f)
core   0: 3 0x800000bc (0x0000006f)
core   0: 3 0x800000bc (0x0000006f)
core   0: 3 0x800000bc (0x0000006f)
core   0: 3 0x800000bc (0x0000006f)
core   0: 3 0x800000bc (0x0000006f)
core   0: 3 0x800000bc (0x0000006f)
core   0: 3 0x800000bc (0x0000006f)
core   0: 3 0x800000bc (0x0000006f)
core   0: 3 0x800000bc (0x0000006f)
core   0: 3 0x800000bc (0x0000006f)
core   0: 3 0x800000bc (0x0000006f)
core   0: 3 0x800000bc (0x0000006f)
core   0: 3 0x800000bc (0x0000006f)
core   0: 3 0x800000bc (0x0000006f)
core   0: 3 0x800000bc (0x0000006f)
core   0: 3 0x800000bc (0x0000006f)
core   0: 3 0x800000bc (0x0000006f)
core   0: 3 0x800000bc (0x0000006f)
core   0: 3 0x800000bc (0x0000006f)
core   0: 3 0x800000bc (0x0000006f)
core   0: 3 0x800000bc (0x0000006f)
core   0: 3 0x800000bc (0x0000006f)
core   0: 3 0x800000bc (0x0000006f)
core   0: 3 0x800000bc (0x0000006f)
core   0: 3 0x800000bc (0x0000006f)
core   0: 3 0x800000bc (0x0000006f)
core   0: 3 0x800000bc (0x0000006f)
core   0: 3 0x800000bc (0x0000006f)
core   0: 3 0x800000bc (0x0000006f)
core   0: 3 0x800000bc (0x0000006f)
core   0: 3 0x800000bc (0x0000006f)
core   0: 3 0x800000bc (0x0000006f)
core   0: 3 0x800000bc (0x0000006f)
core   0: 3 0x800000bc (0x0000006f)
core   0: 3 0x800000bc (0x0000006f)
core   0: 3 0x800000bc (0x0000006f)
core   0: 3 0x800000bc (0x0000006f)
core   0: 3 0x800000bc (0x0000006f)
core   0: 3 0x800000bc (0x0000006f)
core   0: 3 0x800000bc (0x0000006f)
core   0: 3 0x800000bc (0x0000006f)
core   0: 3 0x800000bc (0x0000006f)
core   0: 3 0x800000bc (0x0000006f)
core   0: 3 0x800000bc (0x0000006f)
core   0: 3 0x800000bc (0x0000006f)
core   0: 3 0x800000bc (0x0000006f)
core   0: 3 0x800000bc (0x0000006f)
core   0: 3 0x800000bc (0x0000006f)
core   0: 3 0x800000bc (0x0000006f)
core   0: 3 0x800000bc (0x0000006f)
core   0: 3 0x800000bc (0x0000006f)
core   0: 3 0x800000bc (0x0000006f)
core   0: 3 0x800000bc (0x0000006f)
core   0: 3 0x800000bc (0x0000006f)
core   0: 3 0x800000bc (0x0000006f)
core   0: 3 0x800000bc (0x0000006f)
core   0: 3 0x800000bc (0x0000006f)
core   0: 3 0x800000bc (0x0000006f)
core   0: 3 0x800000bc (0x0000006f)
core   0: 3 0x800000bc (0x0000006f)
core   0: 3 0x800000bc (0x0000006f)
core   0: 3 0x800000bc (0x0000006f)
core   0: 3 0x800000bc (0x0000006f)
core   0: 3 0x800000bc (0x0000006f)
core   0: 3 0x800000bc (0x0000006f)
core   0: 3 0x800000bc (0x0000006f)
core   0: 3 0x800000bc (0x0000006f)
core   0: 3 0x800000bc (0x0000006f)
core   0: 3 0x800000bc (0x0000006f)
core   0: 3 0x800000bc (0x0000006f)
core   0: 3 0x800000bc (0x0000006f)
core   0: 3 0x800000bc (0x0000006f)
core   0: 3 0x800000bc (0x0000006f)
core   0: 3 0x800000bc (0x0000006f)
core   0: 3 0x800000bc (0x0000006f)
core   0: 3 0x800000bc (0x0000006f)
core   0: 3 0x800000bc (0x0000006f)
core   0: 3 0x800000bc (0x0000006f)
core   0: 3 0x800000bc (0x0000006f)
core   0: 3 0x800000bc (0x0000006f)
core   0: 3 0x800000bc (0x0000006f)
core   0: 3 0x800000bc (0x0000006f)
core   0: 3 0x800000bc (0x0000006f)
core   0: 3 0x800000bc (0x0000006f)
core   0: 3 0x800000bc (0x0000006f)
core   0: 3 0x800000bc (0x0000006f)
core   0: 3 0x800000bc (0x0000006f)
core   0: 3 0x800000bc (0x0000006f)
core   0: 3 0x800000bc (0x0000006f)
core   0: 3 0x800000bc (0x0000006f)
core   0: 3 0x800000bc (0x0000006f)
core   0: 3 0x800000bc (0x0000006f)
core   0: 3 0x800000bc (0x0000006f)
core   0: 3 0x800000bc (0x0000006f)
core   0: 3 0x800000bc (0x0000006f)
core   0: 3 0x800000bc (0x0000006f)
core   0: 3 0x800000bc (0x0000006f)
core   0: 3 0x800000bc (0x0000006f)
core   0: 3 0x800000bc (0x0000006f)
core   0: 3 0x800000bc (0x0000006f)
core   0: 3 0x800000bc (0x0000006f)
core   0: 3 0x800000bc (0x0000006f)
core   0: 3 0x800000bc (0x0000006f)
core   0: 3 0x800000bc (0x0000006f)
core   0: 3 0x800000bc (0x0000006f)
core   0: 3 0x800000bc (0x0000006f)
core   0: 3 0x800000bc (0x0000006f)
core   0: 3 0x800000bc (0x0000006f)
core   0: 3 0x800000bc (0x0000006f)
core   0: 3 0x800000bc (0x0000006f)
core   0: 3 0x800000bc (0x0000006f)
core   0: 3 0x800000bc (0x0000006f)
core   0: 3 0x800000bc (0x0000006f)
core   0: 3 0x800000bc (0x0000006f)
core   0: 3 0x800000bc (0x0000006f)
core   0: 3 0x800000bc (0x0000006f)
core   0: 3 0x800000bc (0x0000006f)
core   0: 3 0x800000bc (0x0000006f)
core   0: 3 0x800000bc (0x0000006f)
core   0: 3 0x800000bc (0x0000006f)
core   0: 3 0x800000bc (0x0000006f)
core   0: 3 0x800000bc (0x0000006f)
core   0: 3 0x800000bc (0x0000006f)
core   0: 3 0x800000bc (0x0000006f)
core   0: 3 0x800000bc (0x0000006f)
core   0: 3 0x800000bc (0x0000006f)
core   0: 3 0x800000bc (0x0000006f)
core   0: 3 0x800000bc (0x0000006f)
core   0: 3 0x800000bc (0x0000006f)
core   0: 3 0x800000bc (0x0000006f)
core   0: 3 0x800000bc (0x0000006f)
core   0: 3 0x800000bc (0x0000006f)
core   0: 3 0x800000bc (0x0000006f)
core   0: 3 0x800000bc (0x0000006f)
core   0: 3 0x800000bc (0x0000006f)
core   0: 3 0x800000bc (0x0000006f)
core   0: 3 0x800000bc (0x0000006f)
core   0: 3 0x800000bc (0x0000006f)
core   0: 3 0x800000bc (0x0000006f)
core   0: 3 0x800000bc (0x0000006f)
core   0: 3 0x800000bc (0x0000006f)
core   0: 3 0x800000bc (0x0000006f)
core   0: 3 0x800000bc (0x0000006f)
core   0: 3 0x800000bc (0x0000006f)
core   0: 3 0x800000bc (0x0000006f)
core   0: 3 0x800000bc (0x0000006f)
core   0: 3 0x800000bc (0x0000006f)
core   0: 3 0x800000bc (0x0000006f)
core   0: 3 0x800000bc (0x0000006f)
core   0: 3 0x800000bc (0x0000006f)
core   0: 3 0x800000bc (0x0000006f)
core   0: 3 0x800000bc (0x0000006f)
core   0: 3 0x800000bc (0x0000006f)
core   0: 3 0x800000bc (0x0000006f)
core   0: 3 0x800000bc (0x0000006f)
core   0: 3 0x800000bc (0x0000006f)
core   0: 3 0x800000bc (0x0000006f)
core   0: 3 0x800000bc (0x0000006f)
core   0: 3 0x800000bc (0x0000006f)
core   0: 3 0x800000bc (0x0000006f)
core   0: 3 0x800000bc (0x0000006f)
core   0: 3 0x800000bc (0x0000006f)
core   0: 3 0x800000bc (0x0000006f)
core   0: 3 0x800000bc (0x0000006f)
core   0: 3 0x800000bc (0x0000006f)
core   0: 3 0x800000bc (0x0000006f)
core   0: 3 0x800000bc (0x0000006f)
core   0: 3 0x800000bc (0x0000006f)
core   0: 3 0x800000bc (0x0000006f)
core   0: 3 0x800000bc (0x0000006f)
core   0: 3 0x800000bc (0x0000006f)
core   0: 3 0x800000bc (0x0000006f)
core   0: 3 0x800000bc (0x0000006f)
core   0: 3 0x800000bc (0x0000006f)
core   0: 3 0x800000bc (0x0000006f)
core   0: 3 0x800000bc (0x0000006f)
core   0: 3 0x800000bc (0x0000006f)
core   0: 3 0x800000bc (0x0000006f)
core   0: 3 0x800000bc (0x0000006f)
core   0: 3 0x800000bc (0x0000006f)
core   0: 3 0x800000bc (0x0000006f)
core   0: 3 0x800000bc (0x0000006f)
core   0: 3 0x800000bc (0x0000006f)
core   0: 3 0x800000bc (0x0000006f)
core   0: 3 0x800000bc (0x0000006f)
core   0: 3 0x800000bc (0x0000006f)
core   0: 3 0x800000bc (0x0000006f)
core   0: 3 0x800000bc (0x0000006f)
core   0: 3 0x800000bc (0x0000006f)
core   0: 3 0x800000bc (0x0000006f)
core   0: 3 0x800000bc (0x0000006f)
core   0: 3 0x800000bc (0x0000006f)
core   0: 3 0x800000bc (0x0000006f)
core   0: 3 0x800000bc (0x0000006f)
core   0: 3 0x800000bc (0x0000006f)
core   0: 3 0x800000bc (0x0000006f)
core   0: 3 0x800000bc (0x0000006f)
core   0: 3 0x800000bc (0x0000006f)
core   0: 3 0x800000bc (0x0000006f)
core   0: 3 0x800000bc (0x0000006f)
core   0: 3 0x800000bc (0x0000006f)
core   0: 3 0x800000bc (0x0000006f)
core   0: 3 0x800000bc (0x0000006f)
core   0: 3 0x800000bc (0x0000006f)
core   0: 3 0x800000bc (0x0000006f)
core   0: 3 0x800000bc (0x0000006f)
core   0: 3 0x800000bc (0x0000006f)
core   0: 3 0x800000bc (0x0000006f)
core   0: 3 0x800000bc (0x0000006f)
core   0: 3 0x800000bc (0x0000006f)
core   0: 3 0x800000bc (0x0000006f)
core   0: 3 0x800000bc (0x0000006f)
core   0: 3 0x800000bc (0x0000006f)
core   0: 3 0x800000bc (0x0000006f)
core   0: 3 0x800000bc (0x0000006f)
core   0: 3 0x800000bc (0x0000006f)
core   0: 3 0x800000bc (0x0000006f)
core   0: 3 0x800000bc (0x0000006f)
core   0: 3 0x800000bc (0x0000006f)
core   0: 3 0x800000bc (0x0000006f)
core   0: 3 0x800000bc (0x0000006f)
core   0: 3 0x800000bc (0x0000006f)
core   0: 3 0x800000bc (0x0000006f)
core   0: 3 0x800000bc (0x0000006f)
core   0: 3 0x800000bc (0x0000006f)
core   0: 3 0x800000bc (0x0000006f)
core   0: 3 0x800000bc (0x0000006f)
core   0: 3 0x800000bc (0x0000006f)
core   0: 3 0x800000bc (0x0000006f)
core   0: 3 0x800000bc (0x0000006f)
core   0: 3 0x800000bc (0x0000006f)
core   0: 3 0x800000bc (0x0000006f)
core   0: 3 0x800000bc (0x0000006f)
core   0: 3 0x800000bc (0x0000006f)
core   0: 3 0x800000bc (0x0000006f)
core   0: 3 0x800000bc (0x0000006f)
core   0: 3 0x800000bc (0x0000006f)
core   0: 3 0x800000bc (0x0000006f)
core   0: 3 0x800000bc (0x0000006f)
core   0: 3 0x800000bc (0x0000006f)
core   0: 3 0x800000bc (0x0000006f)
core   0: 3 0x800000bc (0x0000006f)
core   0: 3 0x800000bc (0x0000006f)
core   0: 3 0x800000bc (0x0000006f)
core   0: 3 0x800000bc (0x0000006f)
core   0: 3 0x800000bc (0x0000006f)
core   0: 3 0x800000bc (0x0000006f)
core   0: 3 0x800000bc (0x0000006f)
core   0: 3 0x800000bc (0x0000006f)
core   0: 3 0x800000bc (0x0000006f)
core   0: 3 0x800000bc (0x0000006f)
core   0: 3 0x800000bc (0x0000006f)
core   0: 3 0x800000bc (0x0000006f)
core   0: 3 0x800000bc (0x0000006f)
core   0: 3 0x800000bc (0x0000006f)
core   0: 3 0x800000bc (0x0000006f)
core   0: 3 0x800000bc (0x0000006f)
core   0: 3 0x800000bc (0x0000006f)
core   0: 3 0x800000bc (0x0000006f)
core   0: 3 0x800000bc (0x0000006f)
core   0: 3 0x800000bc (0x0000006f)
core   0: 3 0x800000bc (0x0000006f)
core   0: 3 0x800000bc (0x0000006f)
core   0: 3 0x800000bc (0x0000006f)
core   0: 3 0x800000bc (0x0000006f)
core   0: 3 0x800000bc (0x0000006f)
core   0: 3 0x800000bc (0x0000006f)
core   0: 3 0x800000bc (0x0000006f)
core   0: 3 0x800000bc (0x0000006f)
core   0: 3 0x800000bc (0x0000006f)
core   0: 3 0x800000bc (0x0000006f)
core   0: 3 0x800000bc (0x0000006f)
core   0: 3 0x800000bc (0x0000006f)
core   0: 3 0x800000bc (0x0000006f)
core   0: 3 0x800000bc (0x0000006f)
core   0: 3 0x800000bc (0x0000006f)
core   0: 3 0x800000bc (0x0000006f)
core   0: 3 0x800000bc (0x0000006f)
core   0: 3 0x800000bc (0x0000006f)
core   0: 3 0x800000bc (0x0000006f)
core   0: 3 0x800000bc (0x0000006f)
core   0: 3 0x800000bc (0x0000006f)
core   0: 3 0x800000bc (0x0000006f)
core   0: 3 0x800000bc (0x0000006f)
core   0: 3 0x800000bc (0x0000006f)
core   0: 3 0x800000bc (0x0000006f)
core   0: 3 0x800000bc (0x0000006f)
core   0: 3 0x800000bc (0x0000006f)
core   0: 3 0x800000bc (0x0000006f)
core   0: 3 0x800000bc (0x0000006f)
core   0: 3 0x800000bc (0x0000006f)
core   0: 3 0x800000bc (0x0000006f)
core   0: 3 0x800000bc (0x0000006f)
core   0: 3 0x800000bc (0x0000006f)
core   0: 3 0x800000bc (0x0000006f)
core   0: 3 0x800000bc (0x0000006f)
core   0: 3 0x800000bc (0x0000006f)
core   0: 3 0x800000bc (0x0000006f)
core   0: 3 0x800000bc (0x0000006f)
core   0: 3 0x800000bc (0x0000006f)
core   0: 3 0x800000bc (0x0000006f)
core   0: 3 0x800000bc (0x0000006f)
core   0: 3 0x800000bc (0x0000006f)
core   0: 3 0x800000bc (0x0000006f)
core   0: 3 0x800000bc (0x0000006f)
core   0: 3 0x800000bc (0x0000006f)
core   0: 3 0x800000bc (0x0000006f)
core   0: 3 0x800000bc (0x0000006f)
core   0: 3 0x800000bc (0x0000006f)
core   0: 3 0x800000bc (0x0000006f)
core   0: 3 0x800000bc (0x0000006f)
core   0: 3 0x800000bc (0x0000006f)
core   0: 3 0x800000bc (0x0000006f)
core   0: 3 0x800000bc (0x0000006f)
core   0: 3 0x800000bc (0x0000006f)
core   0: 3 0x800000bc (0x0000006f)
core   0: 3 0x800000bc (0x0000006f)
core   0: 3 0x800000bc (0x0000006f)
core   0: 3 0x800000bc (0x0000006f)
core   0: 3 0x800000bc (0x0000006f)
core   0: 3 0x800000bc (0x0000006f)
core   0: 3 0x800000bc (0x0000006f)
core   0: 3 0x800000bc (0x0000006f)
core   0: 3 0x800000bc (0x0000006f)
core   0: 3 0x800000bc (0x0000006f)
core   0: 3 0x800000bc (0x0000006f)
core   0: 3 0x800000bc (0x0000006f)
core   0: 3 0x800000bc (0x0000006f)
core   0: 3 0x800000bc (0x0000006f)
core   0: 3 0x800000bc (0x0000006f)
core   0: 3 0x800000bc (0x0000006f)
core   0: 3 0x800000bc (0x0000006f)
core   0: 3 0x800000bc (0x0000006f)
core   0: 3 0x800000bc (0x0000006f)
core   0: 3 0x800000bc (0x0000006f)
core   0: 3 0x800000bc (0x0000006f)
core   0: 3 0x800000bc (0x0000006f)
core   0: 3 0x800000bc (0x0000006f)
core   0: 3 0x800000bc (0x0000006f)
core   0: 3 0x800000bc (0x0000006f)
core   0: 3 0x800000bc (0x0000006f)
core   0: 3 0x800000bc (0x0000006f)
core   0: 3 0x800000bc (0x0000006f)
core   0: 3 0x800000bc (0x0000006f)
core   0: 3 0x800000bc (0x0000006f)
core   0: 3 0x800000bc (0x0000006f)
core   0: 3 0x800000bc (0x0000006f)
core   0: 3 0x800000bc (0x0000006f)
core   0: 3 0x800000bc (0x0000006f)
core   0: 3 0x800000bc (0x0000006f)
core   0: 3 0x800000bc (0x0000006f)
core   0: 3 0x800000bc (0x0000006f)
core   0: 3 0x800000bc (0x0000006f)
core   0: 3 0x800000bc (0x0000006f)
core   0: 3 0x800000bc (0x0000006f)
core   0: 3 0x800000bc (0x0000006f)
core   0: 3 0x800000bc (0x0000006f)
core   0: 3 0x800000bc (0x0000006f)
core   0: 3 0x800000bc (0x0000006f)
core   0: 3 0x800000bc (0x0000006f)
core   0: 3 0x800000bc (0x0000006f)
core   0: 3 0x800000bc (0x0000006f)
core   0: 3 0x800000bc (0x0000006f)
core   0: 3 0x800000bc (0x0000006f)
core   0: 3 0x800000bc (0x0000006f)
core   0: 3 0x800000bc (0x0000006f)
core   0: 3 0x800000bc (0x0000006f)
core   0: 3 0x800000bc (0x0000006f)
core   0: 3 0x800000bc (0x0000006f)
core   0: 3 0x800000bc (0x0000006f)
core   0: 3 0x800000bc (0x0000006f)
core   0: 3 0x800000bc (0x0000006f)
core   0: 3 0x800000bc (0x0000006f)
core   0: 3 0x800000bc (0x0000006f)
core   0: 3 0x800000bc (0x0000006f)
core   0: 3 0x800000bc (0x0000006f)
core   0: 3 0x800000bc (0x0000006f)
core   0: 3 0x800000bc (0x0000006f)
core   0: 3 0x800000bc (0x0000006f)
core   0: 3 0x800000bc (0x0000006f)
core   0: 3 0x800000bc (0x0000006f)
core   0: 3 0x800000bc (0x0000006f)
core   0: 3 0x800000bc (0x0000006f)
core   0: 3 0x800000bc (0x0000006f)
core   0: 3 0x800000bc (0x0000006f)
core   0: 3 0x800000bc (0x0000006f)
core   0: 3 0x800000bc (0x0000006f)
core   0: 3 0x800000bc (0x0000006f)
core   0: 3 0x800000bc (0x0000006f)
core   0: 3 0x800000bc (0x0000006f)
core   0: 3 0x800000bc (0x0000006f)
core   0: 3 0x800000bc (0x0000006f)
core   0: 3 0x800000bc (0x0000006f)
core   0: 3 0x800000bc (0x0000006f)
core   0: 3 0x800000bc (0x0000006f)
core   0: 3 0x800000bc (0x0000006f)
core   0: 3 0x800000bc (0x0000006f)
core   0: 3 0x800000bc (0x0000006f)
core   0: 3 0x800000bc (0x0000006f)
core   0: 3 0x800000bc (0x0000006f)
core   0: 3 0x800000bc (0x0000006f)
core   0: 3 0x800000bc (0x0000006f)
core   0: 3 0x800000bc (0x0000006f)
core   0: 3 0x800000bc (0x0000006f)
core   0: 3 0x800000bc (0x0000006f)
core   0: 3 0x800000bc (0x0000006f)
core   0: 3 0x800000bc (0x0000006f)
core   0: 3 0x800000bc (0x0000006f)
core   0: 3 0x800000bc (0x0000006f)
core   0: 3 0x800000bc (0x0000006f)
core   0: 3 0x800000bc (0x0000006f)
core   0: 3 0x800000bc (0x0000006f)
core   0: 3 0x800000bc (0x0000006f)
core   0: 3 0x800000bc (0x0000006f)
core   0: 3 0x800000bc (0x0000006f)
core   0: 3 0x800000bc (0x0000006f)
core   0: 3 0x800000bc (0x0000006f)
core   0: 3 0x800000bc (0x0000006f)
core   0: 3 0x800000bc (0x0000006f)
core   0: 3 0x800000bc (0x0000006f)
core   0: 3 0x800000bc (0x0000006f)
core   0: 3 0x800000bc (0x0000006f)
core   0: 3 0x800000bc (0x0000006f)
core   0: 3 0x800000bc (0x0000006f)
core   0: 3 0x800000bc (0x0000006f)
core   0: 3 0x800000bc (0x0000006f)
core   0: 3 0x800000bc (0x0000006f)
core   0: 3 0x800000bc (0x0000006f)
core   0: 3 0x800000bc (0x0000006f)
core   0: 3 0x800000bc (0x0000006f)
core   0: 3 0x800000bc (0x0000006f)
core   0: 3 0x800000bc (0x0000006f)
core   0: 3 0x800000bc (0x0000006f)
core   0: 3 0x800000bc (0x0000006f)
core   0: 3 0x800000bc (0x0000006f)
core   0: 3 0x800000bc (0x0000006f)
core   0: 3 0x800000bc (0x0000006f)
core   0: 3 0x800000bc (0x0000006f)
core   0: 3 0x800000bc (0x0000006f)
core   0: 3 0x800000bc (0x0000006f)
core   0: 3 0x800000bc (0x0000006f)
core   0: 3 0x800000bc (0x0000006f)
core   0: 3 0x800000bc (0x0000006f)
core   0: 3 0x800000bc (0x0000006f)
core   0: 3 0x800000bc (0x0000006f)
core   0: 3 0x800000bc (0x0000006f)
core   0: 3 0x800000bc (0x0000006f)
core   0: 3 0x800000bc (0x0000006f)
core   0: 3 0x800000bc (0x0000006f)
core   0: 3 0x800000bc (0x0000006f)
core   0: 3 0x800000bc (0x0000006f)
core   0: 3 0x800000bc (0x0000006f)
core   0: 3 0x800000bc (0x0000006f)
core   0: 3 0x800000bc (0x0000006f)
core   0: 3 0x800000bc (0x0000006f)
core   0: 3 0x800000bc (0x0000006f)
core   0: 3 0x800000bc (0x0000006f)
core   0: 3 0x800000bc (0x0000006f)
core   0: 3 0x800000bc (0x0000006f)
core   0: 3 0x800000bc (0x0000006f)
core   0: 3 0x800000bc (0x0000006f)
core   0: 3 0x800000bc (0x0000006f)
core   0: 3 0x800000bc (0x0000006f)
core   0: 3 0x800000bc (0x0000006f)
core   0: 3 0x800000bc (0x0000006f)
core   0: 3 0x800000bc (0x0000006f)
core   0: 3 0x800000bc (0x0000006f)
core   0: 3 0x800000bc (0x0000006f)
core   0: 3 0x800000bc (0x0000006f)
core   0: 3 0x800000bc (0x0000006f)
core   0: 3 0x800000bc (0x0000006f)
core   0: 3 0x800000bc (0x0000006f)
core   0: 3 0x800000bc (0x0000006f)
core   0: 3 0x800000bc (0x0000006f)
core   0: 3 0x800000bc (0x0000006f)
core   0: 3 0x800000bc (0x0000006f)
core   0: 3 0x800000bc (0x0000006f)
core   0: 3 0x800000bc (0x0000006f)
core   0: 3 0x800000bc (0x0000006f)
core   0: 3 0x800000bc (0x0000006f)
core   0: 3 0x800000bc (0x0000006f)
core   0: 3 0x800000bc (0x0000006f)
core   0: 3 0x800000bc (0x0000006f)
core   0: 3 0x800000bc (0x0000006f)
core   0: 3 0x800000bc (0x0000006f)
core   0: 3 0x800000bc (0x0000006f)
core   0: 3 0x800000bc (0x0000006f)
core   0: 3 0x800000bc (0x0000006f)
core   0: 3 0x800000bc (0x0000006f)
core   0: 3 0x800000bc (0x0000006f)
core   0: 3 0x800000bc (0x0000006f)
core   0: 3 0x800000bc (0x0000006f)
core   0: 3 0x800000bc (0x0000006f)
core   0: 3 0x800000bc (0x0000006f)
core   0: 3 0x800000bc (0x0000006f)
core   0: 3 0x800000bc (0x0000006f)
core   0: 3 0x800000bc (0x0000006f)
core   0: 3 0x800000bc (0x0000006f)
core   0: 3 0x800000bc (0x0000006f)
core   0: 3 0x800000bc (0x0000006f)
core   0: 3 0x800000bc (0x0000006f)
core   0: 3 0x800000bc (0x0000006f)
core   0: 3 0x800000bc (0x0000006f)
core   0: 3 0x800000bc (0x0000006f)
core   0: 3 0x800000bc (0x0000006f)
core   0: 3 0x800000bc (0x0000006f)
core   0: 3 0x800000bc (0x0000006f)
core   0: 3 0x800000bc (0x0000006f)
core   0: 3 0x800000bc (0x0000006f)
core   0: 3 0x800000bc (0x0000006f)
core   0: 3 0x800000bc (0x0000006f)
core   0: 3 0x800000bc (0x0000006f)
core   0: 3 0x800000bc (0x0000006f)
core   0: 3 0x800000bc (0x0000006f)
core   0: 3 0x800000bc (0x0000006f)
core   0: 3 0x800000bc (0x0000006f)
core   0: 3 0x800000bc (0x0000006f)
core   0: 3 0x800000bc (0x0000006f)
core   0: 3 0x800000bc (0x0000006f)
core   0: 3 0x800000bc (0x0000006f)
core   0: 3 0x800000bc (0x0000006f)
core   0: 3 0x800000bc (0x0000006f)
core   0: 3 0x800000bc (0x0000006f)
core   0: 3 0x800000bc (0x0000006f)
core   0: 3 0x800000bc (0x0000006f)
core   0: 3 0x800000bc (0x0000006f)
core   0: 3 0x800000bc (0x0000006f)
core   0: 3 0x800000bc (0x0000006f)
core   0: 3 0x800000bc (0x0000006f)
core   0: 3 0x800000bc (0x0000006f)
core   0: 3 0x800000bc (0x0000006f)
core   0: 3 0x800000bc (0x0000006f)
core   0: 3 0x800000bc (0x0000006f)
core   0: 3 0x800000bc (0x0000006f)
core   0: 3 0x800000bc (0x0000006f)
core   0: 3 0x800000bc (0x0000006f)
core   0: 3 0x800000bc (0x0000006f)
core   0: 3 0x800000bc (0x0000006f)
core   0: 3 0x800000bc (0x0000006f)
core   0: 3 0x800000bc (0x0000006f)
core   0: 3 0x800000bc (0x0000006f)
core   0: 3 0x800000bc (0x0000006f)
core   0: 3 0x800000bc (0x0000006f)
core   0: 3 0x800000bc (0x0000006f)
core   0: 3 0x800000bc (0x0000006f)
core   0: 3 0x800000bc (0x0000006f)
core   0: 3 0x800000bc (0x0000006f)
core   0: 3 0x800000bc (0x0000006f)
core   0: 3 0x800000bc (0x0000006f)
core   0: 3 0x800000bc (0x0000006f)
core   0: 3 0x800000bc (0x0000006f)
core   0: 3 0x800000bc (0x0000006f)
core   0: 3 0x800000bc (0x0000006f)
core   0: 3 0x800000bc (0x0000006f)
core   0: 3 0x800000bc (0x0000006f)
core   0: 3 0x800000bc (0x0000006f)
core   0: 3 0x800000bc (0x0000006f)
core   0: 3 0x800000bc (0x0000006f)
core   0: 3 0x800000bc (0x0000006f)
core   0: 3 0x800000bc (0x0000006f)
core   0: 3 0x800000bc (0x0000006f)
core   0: 3 0x800000bc (0x0000006f)
core   0: 3 0x800000bc (0x0000006f)
core   0: 3 0x800000bc (0x0000006f)
core   0: 3 0x800000bc (0x0000006f)
core   0: 3 0x800000bc (0x0000006f)
core   0: 3 0x800000bc (0x0000006f)
core   0: 3 0x800000bc (0x0000006f)
core   0: 3 0x800000bc (0x0000006f)
core   0: 3 0x800000bc (0x0000006f)
core   0: 3 0x800000bc (0x0000006f)
core   0: 3 0x800000bc (0x0000006f)
core   0: 3 0x800000bc (0x0000006f)
core   0: 3 0x800000bc (0x0000006f)
core   0: 3 0x800000bc (0x0000006f)
core   0: 3 0x800000bc (0x0000006f)
core   0: 3 0x800000bc (0x0000006f)
core   0: 3 0x800000bc (0x0000006f)
core   0: 3 0x800000bc (0x0000006f)
core   0: 3 0x800000bc (0x0000006f)
core   0: 3 0x800000bc (0x0000006f)
core   0: 3 0x800000bc (0x0000006f)
core   0: 3 0x800000bc (0x0000006f)
core   0: 3 0x800000bc (0x0000006f)
core   0: 3 0x800000bc (0x0000006f)
core   0: 3 0x800000bc (0x0000006f)
core   0: 3 0x800000bc (0x0000006f)
core   0: 3 0x800000bc (0x0000006f)
core   0: 3 0x800000bc (0x0000006f)
core   0: 3 0x800000bc (0x0000006f)
core   0: 3 0x800000bc (0x0000006f)
core   0: 3 0x800000bc (0x0000006f)
core   0: 3 0x800000bc (0x0000006f)
core   0: 3 0x800000bc (0x0000006f)
core   0: 3 0x800000bc (0x0000006f)
core   0: 3 0x800000bc (0x0000006f)
core   0: 3 0x800000bc (0x0000006f)
core   0: 3 0x800000bc (0x0000006f)
core   0: 3 0x800000bc (0x0000006f)
core   0: 3 0x800000bc (0x0000006f)
core   0: 3 0x800000bc (0x0000006f)
core   0: 3 0x800000bc (0x0000006f)
core   0: 3 0x800000bc (0x0000006f)
core   0: 3 0x800000bc (0x0000006f)
core   0: 3 0x800000bc (0x0000006f)
core   0: 3 0x800000bc (0x0000006f)
core   0: 3 0x800000bc (0x0000006f)
core   0: 3 0x800000bc (0x0000006f)
core   0: 3 0x800000bc (0x0000006f)
core   0: 3 0x800000bc (0x0000006f)
core   0: 3 0x800000bc (0x0000006f)
core   0: 3 0x800000bc (0x0000006f)
core   0: 3 0x800000bc (0x0000006f)
core   0: 3 0x800000bc (0x0000006f)
core   0: 3 0x800000bc (0x0000006f)
core   0: 3 0x800000bc (0x0000006f)
core   0: 3 0x800000bc (0x0000006f)
core   0: 3 0x800000bc (0x0000006f)
core   0: 3 0x800000bc (0x0000006f)
core   0: 3 0x800000bc (0x0000006f)
core   0: 3 0x800000bc (0x0000006f)
core   0: 3 0x800000bc (0x0000006f)
core   0: 3 0x800000bc (0x0000006f)
core   0: 3 0x800000bc (0x0000006f)
core   0: 3 0x800000bc (0x0000006f)
core   0: 3 0x800000bc (0x0000006f)
core   0: 3 0x800000bc (0x0000006f)
core   0: 3 0x800000bc (0x0000006f)
core   0: 3 0x800000bc (0x0000006f)
core   0: 3 0x800000bc (0x0000006f)
core   0: 3 0x800000bc (0x0000006f)
core   0: 3 0x800000bc (0x0000006f)
core   0: 3 0x800000bc (0x0000006f)
core   0: 3 0x800000bc (0x0000006f)
core   0: 3 0x800000bc (0x0000006f)
core   0: 3 0x800000bc (0x0000006f)
core   0: 3 0x800000bc (0x0000006f)
core   0: 3 0x800000bc (0x0000006f)
core   0: 3 0x800000bc (0x0000006f)
core   0: 3 0x800000bc (0x0000006f)
core   0: 3 0x800000bc (0x0000006f)
core   0: 3 0x800000bc (0x0000006f)
core   0: 3 0x800000bc (0x0000006f)
core   0: 3 0x800000bc (0x0000006f)
core   0: 3 0x800000bc (0x0000006f)
core   0: 3 0x800000bc (0x0000006f)
core   0: 3 0x800000bc (0x0000006f)
core   0: 3 0x800000bc (0x0000006f)
core   0: 3 0x800000bc (0x0000006f)
core   0: 3 0x800000bc (0x0000006f)
core   0: 3 0x800000bc (0x0000006f)
core   0: 3 0x800000bc (0x0000006f)
core   0: 3 0x800000bc (0x0000006f)
core   0: 3 0x800000bc (0x0000006f)
core   0: 3 0x800000bc (0x0000006f)
core   0: 3 0x800000bc (0x0000006f)
core   0: 3 0x800000bc (0x0000006f)
core   0: 3 0x800000bc (0x0000006f)
core   0: 3 0x800000bc (0x0000006f)
core   0: 3 0x800000bc (0x0000006f)
core   0: 3 0x800000bc (0x0000006f)
core   0: 3 0x800000bc (0x0000006f)
core   0: 3 0x800000bc (0x0000006f)
core   0: 3 0x800000bc (0x0000006f)
core   0: 3 0x800000bc (0x0000006f)
core   0: 3 0x800000bc (0x0000006f)
core   0: 3 0x800000bc (0x0000006f)
core   0: 3 0x800000bc (0x0000006f)
core   0: 3 0x800000bc (0x0000006f)
core   0: 3 0x800000bc (0x0000006f)
core   0: 3 0x800000bc (0x0000006f)
core   0: 3 0x800000bc (0x0000006f)
core   0: 3 0x800000bc (0x0000006f)
core   0: 3 0x800000bc (0x0000006f)
core   0: 3 0x800000bc (0x0000006f)
core   0: 3 0x800000bc (0x0000006f)
core   0: 3 0x800000bc (0x0000006f)
core   0: 3 0x800000bc (0x0000006f)
core   0: 3 0x800000bc (0x0000006f)
core   0: 3 0x800000bc (0x0000006f)
core   0: 3 0x800000bc (0x0000006f)
core   0: 3 0x800000bc (0x0000006f)
core   0: 3 0x800000bc (0x0000006f)
core   0: 3 0x800000bc (0x0000006f)
core   0: 3 0x800000bc (0x0000006f)
core   0: 3 0x800000bc (0x0000006f)
core   0: 3 0x800000bc (0x0000006f)
core   0: 3 0x800000bc (0x0000006f)
core   0: 3 0x800000bc (0x0000006f)
core   0: 3 0x800000bc (0x0000006f)
core   0: 3 0x800000bc (0x0000006f)
core   0: 3 0x800000bc (0x0000006f)
core   0: 3 0x800000bc (0x0000006f)
core   0: 3 0x800000bc (0x0000006f)
core   0: 3 0x800000bc (0x0000006f)
core   0: 3 0x800000bc (0x0000006f)
core   0: 3 0x800000bc (0x0000006f)
core   0: 3 0x800000bc (0x0000006f)
core   0: 3 0x800000bc (0x0000006f)
core   0: 3 0x800000bc (0x0000006f)
core   0: 3 0x800000bc (0x0000006f)
core   0: 3 0x800000bc (0x0000006f)
core   0: 3 0x800000bc (0x0000006f)
core   0: 3 0x800000bc (0x0000006f)
core   0: 3 0x800000bc (0x0000006f)
core   0: 3 0x800000bc (0x0000006f)
core   0: 3 0x800000bc (0x0000006f)
core   0: 3 0x800000bc (0x0000006f)
core   0: 3 0x800000bc (0x0000006f)
core   0: 3 0x800000bc (0x0000006f)
core   0: 3 0x800000bc (0x0000006f)
core   0: 3 0x800000bc (0x0000006f)
core   0: 3 0x800000bc (0x0000006f)
core   0: 3 0x800000bc (0x0000006f)
core   0: 3 0x800000bc (0x0000006f)
core   0: 3 0x800000bc (0x0000006f)
core   0: 3 0x800000bc (0x0000006f)
core   0: 3 0x800000bc (0x0000006f)
core   0: 3 0x800000bc (0x0000006f)
core   0: 3 0x800000bc (0x0000006f)
core   0: 3 0x800000bc (0x0000006f)
core   0: 3 0x800000bc (0x0000006f)
core   0: 3 0x800000bc (0x0000006f)
core   0: 3 0x800000bc (0x0000006f)
core   0: 3 0x800000bc (0x0000006f)
core   0: 3 0x800000bc (0x0000006f)
core   0: 3 0x800000bc (0x0000006f)
core   0: 3 0x800000bc (0x0000006f)
core   0: 3 0x800000bc (0x0000006f)
core   0: 3 0x800000bc (0x0000006f)
core   0: 3 0x800000bc (0x0000006f)
core   0: 3 0x800000bc (0x0000006f)
core   0: 3 0x800000bc (0x0000006f)
core   0: 3 0x800000bc (0x0000006f)
core   0: 3 0x800000bc (0x0000006f)
core   0: 3 0x800000bc (0x0000006f)
core   0: 3 0x800000bc (0x0000006f)
core   0: 3 0x800000bc (0x0000006f)
core   0: 3 0x800000bc (0x0000006f)
core   0: 3 0x800000bc (0x0000006f)
core   0: 3 0x800000bc (0x0000006f)
core   0: 3 0x800000bc (0x0000006f)
core   0: 3 0x800000bc (0x0000006f)
core   0: 3 0x800000bc (0x0000006f)
core   0: 3 0x800000bc (0x0000006f)
core   0: 3 0x800000bc (0x0000006f)
core   0: 3 0x800000bc (0x0000006f)
core   0: 3 0x800000bc (0x0000006f)
core   0: 3 0x800000bc (0x0000006f)
core   0: 3 0x800000bc (0x0000006f)
core   0: 3 0x800000bc (0x0000006f)
core   0: 3 0x800000bc (0x0000006f)
core   0: 3 0x800000bc (0x0000006f)
core   0: 3 0x800000bc (0x0000006f)
core   0: 3 0x800000bc (0x0000006f)
core   0: 3 0x800000bc (0x0000006f)
core   0: 3 0x800000bc (0x0000006f)
core   0: 3 0x800000bc (0x0000006f)
core   0: 3 0x800000bc (0x0000006f)
core   0: 3 0x800000bc (0x0000006f)
core   0: 3 0x800000bc (0x0000006f)
core   0: 3 0x800000bc (0x0000006f)
core   0: 3 0x800000bc (0x0000006f)
core   0: 3 0x800000bc (0x0000006f)
core   0: 3 0x800000bc (0x0000006f)
core   0: 3 0x800000bc (0x0000006f)
core   0: 3 0x800000bc (0x0000006f)
core   0: 3 0x800000bc (0x0000006f)
core   0: 3 0x800000bc (0x0000006f)
core   0: 3 0x800000bc (0x0000006f)
core   0: 3 0x800000bc (0x0000006f)
core   0: 3 0x800000bc (0x0000006f)
core   0: 3 0x800000bc (0x0000006f)
core   0: 3 0x800000bc (0x0000006f)
core   0: 3 0x800000bc (0x0000006f)
core   0: 3 0x800000bc (0x0000006f)
core   0: 3 0x800000bc (0x0000006f)
core   0: 3 0x800000bc (0x0000006f)
core   0: 3 0x800000bc (0x0000006f)
core   0: 3 0x800000bc (0x0000006f)
core   0: 3 0x800000bc (0x0000006f)
core   0: 3 0x800000bc (0x0000006f)
core   0: 3 0x800000bc (0x0000006f)
core   0: 3 0x800000bc (0x0000006f)
core   0: 3 0x800000bc (0x0000006f)
core   0: 3 0x800000bc (0x0000006f)
core   0: 3 0x800000bc (0x0000006f)
core   0: 3 0x800000bc (0x0000006f)
core   0: 3 0x800000bc (0x0000006f)
core   0: 3 0x800000bc (0x0000006f)
core   0: 3 0x800000bc (0x0000006f)
core   0: 3 0x800000bc (0x0000006f)
core   0: 3 0x800000bc (0x0000006f)
core   0: 3 0x800000bc (0x0000006f)
core   0: 3 0x800000bc (0x0000006f)
core   0: 3 0x800000bc (0x0000006f)
core   0: 3 0x800000bc (0x0000006f)
core   0: 3 0x800000bc (0x0000006f)
core   0: 3 0x800000bc (0x0000006f)
core   0: 3 0x800000bc (0x0000006f)
core   0: 3 0x800000bc (0x0000006f)
core   0: 3 0x800000bc (0x0000006f)
core   0: 3 0x800000bc (0x0000006f)
core   0: 3 0x800000bc (0x0000006f)
core   0: 3 0x800000bc (0x0000006f)
core   0: 3 0x800000bc (0x0000006f)
core   0: 3 0x800000bc (0x0000006f)
core   0: 3 0x800000bc (0x0000006f)
core   0: 3 0x800000bc (0x0000006f)
core   0: 3 0x800000bc (0x0000006f)
core   0: 3 0x800000bc (0x0000006f)
core   0: 3 0x800000bc (0x0000006f)
core   0: 3 0x800000bc (0x0000006f)
core   0: 3 0x800000bc (0x0000006f)
core   0: 3 0x800000bc (0x0000006f)
core   0: 3 0x800000bc (0x0000006f)
core   0: 3 0x800000bc (0x0000006f)
core   0: 3 0x800000bc (0x0000006f)
core   0: 3 0x800000bc (0x0000006f)
core   0: 3 0x800000bc (0x0000006f)
core   0: 3 0x800000bc (0x0000006f)
core   0: 3 0x800000bc (0x0000006f)
core   0: 3 0x800000bc (0x0000006f)
core   0: 3 0x800000bc (0x0000006f)
core   0: 3 0x800000bc (0x0000006f)
core   0: 3 0x800000bc (0x0000006f)
